{
  "query": {
    "HP:0012045": {
      "id": "HP:0012045",
      "status": "ok",
      "target": [
        "HP:0012045"
      ]
    }
  },
  "response": {
    "BEST1": {
      "rank": 1,
      "id": 7439,
      "score": 1.0,
      "status": "SeedGene"
    },
    "RIMS1": {
      "rank": 2,
      "id": 22999,
      "score": 0.8538,
      "status": "SeedGene"
    },
    "PROM1": {
      "rank": 3,
      "id": 8842,
      "score": 0.8538,
      "status": "SeedGene"
    },
    "RDH5": {
      "rank": 4,
      "id": 5959,
      "score": 0.7345,
      "status": "SeedGene"
    },
    "RLBP1": {
      "rank": 5,
      "id": 6017,
      "score": 0.7345,
      "status": "SeedGene"
    },
    "RHO": {
      "rank": 6,
      "id": 6010,
      "score": 0.7146,
      "status": "SeedGene"
    },
    "ZFYVE26": {
      "rank": 7,
      "id": 23503,
      "score": 0.7081,
      "status": "SeedGene"
    },
    "PRPH2": {
      "rank": 8,
      "id": 5961,
      "score": 0.7081,
      "status": "SeedGene"
    },
    "ROM1": {
      "rank": 9,
      "id": 6094,
      "score": 0.0741,
      "status": "Predicted"
    },
    "RGR": {
      "rank": 10,
      "id": 5995,
      "score": 0.0637,
      "status": "Predicted"
    },
    "PPP2R5A": {
      "rank": 11,
      "id": 5525,
      "score": 0.0492,
      "status": "Predicted"
    },
    "SAG": {
      "rank": 12,
      "id": 6295,
      "score": 0.0346,
      "status": "Predicted"
    },
    "IGF1R": {
      "rank": 13,
      "id": 3480,
      "score": 0.031,
      "status": "Predicted"
    },
    "CD86": {
      "rank": 14,
      "id": 942,
      "score": 0.031,
      "status": "Predicted"
    },
    "GNGT1": {
      "rank": 15,
      "id": 2792,
      "score": 0.0301,
      "status": "Predicted"
    },
    "ERBB2": {
      "rank": 16,
      "id": 2064,
      "score": 0.03,
      "status": "Predicted"
    },
    "PRPH": {
      "rank": 17,
      "id": 5630,
      "score": 0.0295,
      "status": "Predicted"
    },
    "GRK1": {
      "rank": 18,
      "id": 6011,
      "score": 0.0295,
      "status": "Predicted"
    },
    "LRP1": {
      "rank": 19,
      "id": 4035,
      "score": 0.0284,
      "status": "Predicted"
    },
    "SDC1": {
      "rank": 20,
      "id": 6382,
      "score": 0.0284,
      "status": "Predicted"
    },
    "CXCR6": {
      "rank": 21,
      "id": 10663,
      "score": 0.0276,
      "status": "Predicted"
    },
    "CXCR1": {
      "rank": 22,
      "id": 3577,
      "score": 0.0276,
      "status": "Predicted"
    },
    "CXCR5": {
      "rank": 23,
      "id": 643,
      "score": 0.0276,
      "status": "Predicted"
    },
    "PTGDR2": {
      "rank": 24,
      "id": 11251,
      "score": 0.0276,
      "status": "Predicted"
    },
    "CXCR2": {
      "rank": 25,
      "id": 3579,
      "score": 0.0276,
      "status": "Predicted"
    },
    "C5AR1": {
      "rank": 26,
      "id": 728,
      "score": 0.0276,
      "status": "Predicted"
    },
    "OPN1LW": {
      "rank": 27,
      "id": 5956,
      "score": 0.027,
      "status": "Predicted"
    },
    "OPN1SW": {
      "rank": 28,
      "id": 611,
      "score": 0.027,
      "status": "Predicted"
    },
    "OPN1MW": {
      "rank": 29,
      "id": 2652,
      "score": 0.027,
      "status": "Predicted"
    },
    "ITGAM": {
      "rank": 30,
      "id": 3684,
      "score": 0.0267,
      "status": "Predicted"
    },
    "ITGA3": {
      "rank": 31,
      "id": 3675,
      "score": 0.0267,
      "status": "Predicted"
    },
    "CSF2RB": {
      "rank": 32,
      "id": 1439,
      "score": 0.0267,
      "status": "Predicted"
    },
    "ITGAV": {
      "rank": 33,
      "id": 3685,
      "score": 0.0267,
      "status": "Predicted"
    },
    "ITGB3": {
      "rank": 34,
      "id": 3690,
      "score": 0.0267,
      "status": "Predicted"
    },
    "ITGA2B": {
      "rank": 35,
      "id": 3674,
      "score": 0.0267,
      "status": "Predicted"
    },
    "CDH1": {
      "rank": 36,
      "id": 999,
      "score": 0.0267,
      "status": "Predicted"
    },
    "CD55": {
      "rank": 37,
      "id": 1604,
      "score": 0.0267,
      "status": "Predicted"
    },
    "BMPR1A": {
      "rank": 38,
      "id": 657,
      "score": 0.0267,
      "status": "Predicted"
    },
    "KEL": {
      "rank": 39,
      "id": 3792,
      "score": 0.0267,
      "status": "Predicted"
    },
    "ITGA2": {
      "rank": 40,
      "id": 3673,
      "score": 0.0267,
      "status": "Predicted"
    },
    "ITGB1": {
      "rank": 41,
      "id": 3688,
      "score": 0.0267,
      "status": "Predicted"
    },
    "TSPAN7": {
      "rank": 42,
      "id": 7102,
      "score": 0.0264,
      "status": "Predicted"
    },
    "RDH8": {
      "rank": 43,
      "id": 50700,
      "score": 0.0262,
      "status": "Predicted"
    },
    "RDH12": {
      "rank": 44,
      "id": 145226,
      "score": 0.0262,
      "status": "Predicted"
    },
    "RDH16": {
      "rank": 45,
      "id": 8608,
      "score": 0.0262,
      "status": "Predicted"
    },
    "DHRS9": {
      "rank": 46,
      "id": 10170,
      "score": 0.0262,
      "status": "Predicted"
    },
    "RDH11": {
      "rank": 47,
      "id": 51109,
      "score": 0.0262,
      "status": "Predicted"
    },
    "HSD17B6": {
      "rank": 48,
      "id": 8630,
      "score": 0.0262,
      "status": "Predicted"
    },
    "BEST4": {
      "rank": 49,
      "id": 266675,
      "score": 0.0261,
      "status": "Predicted"
    },
    "BEST3": {
      "rank": 50,
      "id": 144453,
      "score": 0.0261,
      "status": "Predicted"
    },
    "BEST2": {
      "rank": 51,
      "id": 54831,
      "score": 0.0261,
      "status": "Predicted"
    },
    "MST1R": {
      "rank": 52,
      "id": 4486,
      "score": 0.0259,
      "status": "Predicted"
    },
    "PDGFRA": {
      "rank": 53,
      "id": 5156,
      "score": 0.0259,
      "status": "Predicted"
    },
    "FGFR4": {
      "rank": 54,
      "id": 2264,
      "score": 0.0259,
      "status": "Predicted"
    },
    "TEK": {
      "rank": 55,
      "id": 7010,
      "score": 0.0259,
      "status": "Predicted"
    },
    "NCAM1": {
      "rank": 56,
      "id": 4684,
      "score": 0.0259,
      "status": "Predicted"
    },
    "ICOS": {
      "rank": 57,
      "id": 29851,
      "score": 0.0259,
      "status": "Predicted"
    },
    "CDH5": {
      "rank": 58,
      "id": 1003,
      "score": 0.0259,
      "status": "Predicted"
    },
    "F11R": {
      "rank": 59,
      "id": 50848,
      "score": 0.0259,
      "status": "Predicted"
    },
    "PDGFRB": {
      "rank": 60,
      "id": 5159,
      "score": 0.0259,
      "status": "Predicted"
    },
    "CD19": {
      "rank": 61,
      "id": 930,
      "score": 0.0259,
      "status": "Predicted"
    },
    "PTPRJ": {
      "rank": 62,
      "id": 5795,
      "score": 0.0259,
      "status": "Predicted"
    },
    "TLR9": {
      "rank": 63,
      "id": 54106,
      "score": 0.0259,
      "status": "Predicted"
    },
    "CD28": {
      "rank": 64,
      "id": 940,
      "score": 0.0259,
      "status": "Predicted"
    },
    "BMPR1B": {
      "rank": 65,
      "id": 658,
      "score": 0.0259,
      "status": "Predicted"
    },
    "JAG1": {
      "rank": 66,
      "id": 182,
      "score": 0.0259,
      "status": "Predicted"
    },
    "FGFR1": {
      "rank": 67,
      "id": 2260,
      "score": 0.0259,
      "status": "Predicted"
    },
    "LEPR": {
      "rank": 68,
      "id": 3953,
      "score": 0.0259,
      "status": "Predicted"
    },
    "NRP1": {
      "rank": 69,
      "id": 8829,
      "score": 0.0259,
      "status": "Predicted"
    },
    "KDR": {
      "rank": 70,
      "id": 3791,
      "score": 0.0259,
      "status": "Predicted"
    },
    "FGFR2": {
      "rank": 71,
      "id": 2263,
      "score": 0.0259,
      "status": "Predicted"
    },
    "FGFR3": {
      "rank": 72,
      "id": 2261,
      "score": 0.0259,
      "status": "Predicted"
    },
    "KIT": {
      "rank": 73,
      "id": 3815,
      "score": 0.0259,
      "status": "Predicted"
    },
    "CD80": {
      "rank": 74,
      "id": 941,
      "score": 0.0259,
      "status": "Predicted"
    },
    "CD14": {
      "rank": 75,
      "id": 929,
      "score": 0.0254,
      "status": "Predicted"
    },
    "HSD17B1": {
      "rank": 76,
      "id": 3292,
      "score": 0.0253,
      "status": "Predicted"
    },
    "SDR9C7": {
      "rank": 77,
      "id": 121214,
      "score": 0.0253,
      "status": "Predicted"
    },
    "CD36": {
      "rank": 78,
      "id": 948,
      "score": 0.025,
      "status": "Predicted"
    },
    "OPN4": {
      "rank": 79,
      "id": 94233,
      "score": 0.0244,
      "status": "Predicted"
    },
    "OPN3": {
      "rank": 80,
      "id": 23596,
      "score": 0.0244,
      "status": "Predicted"
    },
    "OPN5": {
      "rank": 81,
      "id": 221391,
      "score": 0.0244,
      "status": "Predicted"
    },
    "RRH": {
      "rank": 82,
      "id": 10692,
      "score": 0.0244,
      "status": "Predicted"
    },
    "RDH13": {
      "rank": 83,
      "id": 112724,
      "score": 0.0244,
      "status": "Predicted"
    },
    "RDH14": {
      "rank": 84,
      "id": 57665,
      "score": 0.0244,
      "status": "Predicted"
    },
    "FGD4": {
      "rank": 85,
      "id": 121512,
      "score": 0.0236,
      "status": "Predicted"
    },
    "FGD2": {
      "rank": 86,
      "id": 221472,
      "score": 0.0236,
      "status": "Predicted"
    },
    "FGD3": {
      "rank": 87,
      "id": 89846,
      "score": 0.0236,
      "status": "Predicted"
    },
    "FGD1": {
      "rank": 88,
      "id": 2245,
      "score": 0.0236,
      "status": "Predicted"
    },
    "FLT3": {
      "rank": 89,
      "id": 2322,
      "score": 0.0233,
      "status": "Predicted"
    },
    "FCGR1A": {
      "rank": 90,
      "id": 2209,
      "score": 0.0233,
      "status": "Predicted"
    },
    "CSF1R": {
      "rank": 91,
      "id": 1436,
      "score": 0.0233,
      "status": "Predicted"
    },
    "CNGB1": {
      "rank": 92,
      "id": 1258,
      "score": 0.0232,
      "status": "Predicted"
    },
    "ATP1B3": {
      "rank": 93,
      "id": 483,
      "score": 0.023,
      "status": "Predicted"
    },
    "WWOX": {
      "rank": 94,
      "id": 51741,
      "score": 0.0228,
      "status": "Predicted"
    },
    "HGS": {
      "rank": 95,
      "id": 9146,
      "score": 0.0228,
      "status": "Predicted"
    },
    "ZFYVE9": {
      "rank": 96,
      "id": 9372,
      "score": 0.0228,
      "status": "Predicted"
    },
    "ZFYVE16": {
      "rank": 97,
      "id": 9765,
      "score": 0.0228,
      "status": "Predicted"
    },
    "MTMR4": {
      "rank": 98,
      "id": 9110,
      "score": 0.0228,
      "status": "Predicted"
    },
    "ITGA5": {
      "rank": 99,
      "id": 3678,
      "score": 0.0216,
      "status": "Predicted"
    },
    "ITGAX": {
      "rank": 100,
      "id": 3687,
      "score": 0.0216,
      "status": "Predicted"
    }
  }
}