{
  "query": {
    "HP:0001107": {
      "id": "HP:0001107",
      "status": "ok",
      "target": [
        "HP:0001107"
      ]
    },
    "HP:0007730": {
      "id": "HP:0007730",
      "status": "ok",
      "target": [
        "HP:0007730"
      ]
    },
    "HP:0007750": {
      "id": "HP:0007750",
      "status": "ok",
      "target": [
        "HP:0007750"
      ]
    },
    "HP:0030464": {
      "id": "HP:0030464",
      "status": "ok",
      "target": [
        "HP:0030464"
      ]
    }
  },
  "response": {
    "TYR": {
      "rank": 1,
      "id": 7299,
      "score": 1.0,
      "status": "SeedGene"
    },
    "LYST": {
      "rank": 2,
      "id": 1130,
      "score": 0.8883,
      "status": "SeedGene"
    },
    "HPS4": {
      "rank": 3,
      "id": 89781,
      "score": 0.6785,
      "status": "SeedGene"
    },
    "HPS5": {
      "rank": 4,
      "id": 11234,
      "score": 0.6437,
      "status": "SeedGene"
    },
    "HPS1": {
      "rank": 5,
      "id": 3257,
      "score": 0.5729,
      "status": "SeedGene"
    },
    "AP3B1": {
      "rank": 6,
      "id": 8546,
      "score": 0.5529,
      "status": "SeedGene"
    },
    "HPS6": {
      "rank": 7,
      "id": 79803,
      "score": 0.5315,
      "status": "SeedGene"
    },
    "SLC45A2": {
      "rank": 8,
      "id": 51151,
      "score": 0.5083,
      "status": "SeedGene"
    },
    "HPS3": {
      "rank": 9,
      "id": 84343,
      "score": 0.4126,
      "status": "SeedGene"
    },
    "BLOC1S3": {
      "rank": 10,
      "id": 388552,
      "score": 0.3946,
      "status": "SeedGene"
    },
    "DTNBP1": {
      "rank": 11,
      "id": 84062,
      "score": 0.2781,
      "status": "SeedGene"
    },
    "PAX6": {
      "rank": 12,
      "id": 5080,
      "score": 0.2731,
      "status": "SeedGene"
    },
    "BLOC1S6": {
      "rank": 13,
      "id": 26258,
      "score": 0.2646,
      "status": "SeedGene"
    },
    "EPG5": {
      "rank": 14,
      "id": 57724,
      "score": 0.2534,
      "status": "SeedGene"
    },
    "MITF": {
      "rank": 15,
      "id": 4286,
      "score": 0.2014,
      "status": "SeedGene"
    },
    "GPR143": {
      "rank": 16,
      "id": 4935,
      "score": 0.1888,
      "status": "SeedGene"
    },
    "MC1R": {
      "rank": 17,
      "id": 4157,
      "score": 0.1688,
      "status": "SeedGene"
    },
    "OCA2": {
      "rank": 18,
      "id": 4948,
      "score": 0.1675,
      "status": "SeedGene"
    },
    "SLC24A5": {
      "rank": 19,
      "id": 283652,
      "score": 0.1344,
      "status": "SeedGene"
    },
    "SLC38A8": {
      "rank": 20,
      "id": 146167,
      "score": 0.1343,
      "status": "SeedGene"
    },
    "TYRP1": {
      "rank": 21,
      "id": 7306,
      "score": 0.1303,
      "status": "SeedGene"
    },
    "IKBKG": {
      "rank": 22,
      "id": 8517,
      "score": 0.1286,
      "status": "SeedGene"
    },
    "GNAT2": {
      "rank": 23,
      "id": 2780,
      "score": 0.1275,
      "status": "SeedGene"
    },
    "CNGB3": {
      "rank": 24,
      "id": 54714,
      "score": 0.1256,
      "status": "SeedGene"
    },
    "CNGA3": {
      "rank": 25,
      "id": 1261,
      "score": 0.1256,
      "status": "SeedGene"
    },
    "PDE6H": {
      "rank": 26,
      "id": 5149,
      "score": 0.1246,
      "status": "SeedGene"
    },
    "PDE6C": {
      "rank": 27,
      "id": 5146,
      "score": 0.1246,
      "status": "SeedGene"
    },
    "ATF6": {
      "rank": 28,
      "id": 22926,
      "score": 0.1245,
      "status": "SeedGene"
    },
    "CACNA1F": {
      "rank": 29,
      "id": 778,
      "score": 0.1235,
      "status": "SeedGene"
    },
    "WT1": {
      "rank": 30,
      "id": 7490,
      "score": 0.1212,
      "status": "SeedGene"
    },
    "GDF3": {
      "rank": 31,
      "id": 9573,
      "score": 0.121,
      "status": "SeedGene"
    },
    "GDF6": {
      "rank": 32,
      "id": 392255,
      "score": 0.1198,
      "status": "SeedGene"
    },
    "RPGR": {
      "rank": 33,
      "id": 6103,
      "score": 0.1196,
      "status": "SeedGene"
    },
    "C8ORF37": {
      "rank": 34,
      "id": 157657,
      "score": 0.1196,
      "status": "SeedGene"
    },
    "PMPCA": {
      "rank": 35,
      "id": 23203,
      "score": 0.109,
      "status": "SeedGene"
    },
    "MYO5A": {
      "rank": 36,
      "id": 4644,
      "score": 0.0943,
      "status": "SeedGene"
    },
    "AP3D1": {
      "rank": 37,
      "id": 8943,
      "score": 0.0714,
      "status": "SeedGene"
    },
    "SOX10": {
      "rank": 38,
      "id": 6663,
      "score": 0.0705,
      "status": "SeedGene"
    },
    "SKI": {
      "rank": 39,
      "id": 6497,
      "score": 0.0698,
      "status": "SeedGene"
    },
    "PRDM16": {
      "rank": 40,
      "id": 63976,
      "score": 0.0698,
      "status": "SeedGene"
    },
    "GABRD": {
      "rank": 41,
      "id": 2563,
      "score": 0.0688,
      "status": "SeedGene"
    },
    "KCNAB2": {
      "rank": 42,
      "id": 8514,
      "score": 0.0683,
      "status": "SeedGene"
    },
    "RERE": {
      "rank": 43,
      "id": 473,
      "score": 0.0672,
      "status": "SeedGene"
    },
    "RAB27A": {
      "rank": 44,
      "id": 5873,
      "score": 0.0615,
      "status": "SeedGene"
    },
    "SLC52A3": {
      "rank": 45,
      "id": 113278,
      "score": 0.0602,
      "status": "SeedGene"
    },
    "SLC52A2": {
      "rank": 46,
      "id": 79581,
      "score": 0.0601,
      "status": "SeedGene"
    },
    "HERC2": {
      "rank": 47,
      "id": 8924,
      "score": 0.0584,
      "status": "SeedGene"
    },
    "PWRN1": {
      "rank": 48,
      "id": 791114,
      "score": 0.057,
      "status": "SeedGene"
    },
    "MKRN3-AS1": {
      "rank": 49,
      "id": 10108,
      "score": 0.057,
      "status": "SeedGene"
    },
    "PWAR1": {
      "rank": 50,
      "id": 145624,
      "score": 0.057,
      "status": "SeedGene"
    },
    "IPW": {
      "rank": 51,
      "id": 3653,
      "score": 0.057,
      "status": "SeedGene"
    },
    "NDN": {
      "rank": 52,
      "id": 4692,
      "score": 0.0548,
      "status": "SeedGene"
    },
    "SNORD116-1": {
      "rank": 53,
      "id": 100033413,
      "score": 0.0547,
      "status": "SeedGene"
    },
    "SNORD115-1": {
      "rank": 54,
      "id": 338433,
      "score": 0.0547,
      "status": "SeedGene"
    },
    "SNRPN": {
      "rank": 55,
      "id": 6638,
      "score": 0.0539,
      "status": "SeedGene"
    },
    "MAGEL2": {
      "rank": 56,
      "id": 54551,
      "score": 0.0536,
      "status": "SeedGene"
    },
    "NPAP1": {
      "rank": 57,
      "id": 23742,
      "score": 0.0536,
      "status": "SeedGene"
    },
    "MKRN3": {
      "rank": 58,
      "id": 7681,
      "score": 0.0536,
      "status": "SeedGene"
    },
    "ARSG": {
      "rank": 59,
      "id": 22901,
      "score": 0.0521,
      "status": "SeedGene"
    },
    "BIRC7": {
      "rank": 60,
      "id": 79444,
      "score": 0.051,
      "status": "Predicted"
    },
    "ASPA": {
      "rank": 61,
      "id": 443,
      "score": 0.0464,
      "status": "SeedGene"
    },
    "BTD": {
      "rank": 62,
      "id": 686,
      "score": 0.046,
      "status": "SeedGene"
    },
    "AMACR": {
      "rank": 63,
      "id": 23600,
      "score": 0.0458,
      "status": "SeedGene"
    },
    "PCYT1A": {
      "rank": 64,
      "id": 5130,
      "score": 0.0458,
      "status": "SeedGene"
    },
    "XYLT2": {
      "rank": 65,
      "id": 64132,
      "score": 0.0458,
      "status": "SeedGene"
    },
    "MLPH": {
      "rank": 66,
      "id": 79083,
      "score": 0.0446,
      "status": "SeedGene"
    },
    "BLOC1S1": {
      "rank": 67,
      "id": 2647,
      "score": 0.0427,
      "status": "Predicted"
    },
    "PITX2": {
      "rank": 68,
      "id": 5308,
      "score": 0.0426,
      "status": "SeedGene"
    },
    "USH1C": {
      "rank": 69,
      "id": 10083,
      "score": 0.0426,
      "status": "SeedGene"
    },
    "MYO7A": {
      "rank": 70,
      "id": 4647,
      "score": 0.0415,
      "status": "SeedGene"
    },
    "CDH23": {
      "rank": 71,
      "id": 64072,
      "score": 0.0413,
      "status": "SeedGene"
    },
    "PAFAH1B1": {
      "rank": 72,
      "id": 5048,
      "score": 0.0402,
      "status": "Predicted"
    },
    "USH1G": {
      "rank": 73,
      "id": 124590,
      "score": 0.0396,
      "status": "SeedGene"
    },
    "PCDH15": {
      "rank": 74,
      "id": 65217,
      "score": 0.0387,
      "status": "SeedGene"
    },
    "CALM1": {
      "rank": 75,
      "id": 801,
      "score": 0.0387,
      "status": "Predicted"
    },
    "SLC2A4": {
      "rank": 76,
      "id": 6517,
      "score": 0.0384,
      "status": "Predicted"
    },
    "BEST1": {
      "rank": 77,
      "id": 7439,
      "score": 0.0382,
      "status": "SeedGene"
    },
    "SEC13": {
      "rank": 78,
      "id": 6396,
      "score": 0.0381,
      "status": "Predicted"
    },
    "CEP78": {
      "rank": 79,
      "id": 84131,
      "score": 0.038,
      "status": "SeedGene"
    },
    "CIB2": {
      "rank": 80,
      "id": 10518,
      "score": 0.0379,
      "status": "SeedGene"
    },
    "IMPG1": {
      "rank": 81,
      "id": 3617,
      "score": 0.0379,
      "status": "SeedGene"
    },
    "HARS1": {
      "rank": 82,
      "id": 3035,
      "score": 0.0379,
      "status": "SeedGene"
    },
    "PRPH2": {
      "rank": 83,
      "id": 5961,
      "score": 0.0379,
      "status": "SeedGene"
    },
    "ADGRV1": {
      "rank": 84,
      "id": 84059,
      "score": 0.0379,
      "status": "SeedGene"
    },
    "CLRN1": {
      "rank": 85,
      "id": 7401,
      "score": 0.0379,
      "status": "SeedGene"
    },
    "USH2A": {
      "rank": 86,
      "id": 7399,
      "score": 0.0379,
      "status": "SeedGene"
    },
    "PDZD7": {
      "rank": 87,
      "id": 79955,
      "score": 0.0379,
      "status": "SeedGene"
    },
    "IMPG2": {
      "rank": 88,
      "id": 50939,
      "score": 0.0379,
      "status": "SeedGene"
    },
    "FOXE3": {
      "rank": 89,
      "id": 2301,
      "score": 0.0379,
      "status": "SeedGene"
    },
    "WHRN": {
      "rank": 90,
      "id": 25861,
      "score": 0.0379,
      "status": "SeedGene"
    },
    "TRNS2": {
      "rank": 91,
      "id": 4575,
      "score": 0.0379,
      "status": "SeedGene"
    },
    "GNB3": {
      "rank": 92,
      "id": 2784,
      "score": 0.0372,
      "status": "Predicted"
    },
    "SEC31A": {
      "rank": 93,
      "id": 22872,
      "score": 0.0364,
      "status": "Predicted"
    },
    "PREB": {
      "rank": 94,
      "id": 10113,
      "score": 0.0359,
      "status": "Predicted"
    },
    "COPA": {
      "rank": 95,
      "id": 1314,
      "score": 0.0358,
      "status": "Predicted"
    },
    "CALM2": {
      "rank": 96,
      "id": 805,
      "score": 0.0356,
      "status": "Predicted"
    },
    "CALM3": {
      "rank": 97,
      "id": 808,
      "score": 0.0356,
      "status": "Predicted"
    },
    "COPB2": {
      "rank": 98,
      "id": 9276,
      "score": 0.0355,
      "status": "Predicted"
    },
    "GNB1": {
      "rank": 99,
      "id": 2782,
      "score": 0.0352,
      "status": "Predicted"
    },
    "GNB2": {
      "rank": 100,
      "id": 2783,
      "score": 0.0342,
      "status": "Predicted"
    }
  }
}