{
  "query": {
    "HP:0000556": {
      "id": "HP:0000556",
      "status": "ok",
      "target": [
        "HP:0000556"
      ]
    },
    "HP:0011463": {
      "id": "HP:0011463",
      "status": "unknown",
      "target": null
    }
  },
  "response": {
    "CEP290": {
      "rank": 1,
      "id": 80184,
      "score": 1.0,
      "status": "SeedGene"
    },
    "ARL6": {
      "rank": 2,
      "id": 84100,
      "score": 0.9058,
      "status": "SeedGene"
    },
    "TTC8": {
      "rank": 3,
      "id": 123016,
      "score": 0.864,
      "status": "SeedGene"
    },
    "TMEM237": {
      "rank": 4,
      "id": 65062,
      "score": 0.729,
      "status": "SeedGene"
    },
    "SDCCAG8": {
      "rank": 5,
      "id": 10806,
      "score": 0.6993,
      "status": "SeedGene"
    },
    "MKS1": {
      "rank": 6,
      "id": 54903,
      "score": 0.6722,
      "status": "SeedGene"
    },
    "MKKS": {
      "rank": 7,
      "id": 8195,
      "score": 0.6322,
      "status": "SeedGene"
    },
    "BBS12": {
      "rank": 8,
      "id": 166379,
      "score": 0.6322,
      "status": "SeedGene"
    },
    "BBS10": {
      "rank": 9,
      "id": 79738,
      "score": 0.6322,
      "status": "SeedGene"
    },
    "BBS4": {
      "rank": 10,
      "id": 585,
      "score": 0.6304,
      "status": "SeedGene"
    },
    "OFD1": {
      "rank": 11,
      "id": 8481,
      "score": 0.6186,
      "status": "SeedGene"
    },
    "BBS5": {
      "rank": 12,
      "id": 129880,
      "score": 0.6084,
      "status": "SeedGene"
    },
    "BBS9": {
      "rank": 13,
      "id": 27241,
      "score": 0.6084,
      "status": "SeedGene"
    },
    "BBS1": {
      "rank": 14,
      "id": 582,
      "score": 0.6084,
      "status": "SeedGene"
    },
    "BBS7": {
      "rank": 15,
      "id": 55212,
      "score": 0.6084,
      "status": "SeedGene"
    },
    "LZTFL1": {
      "rank": 16,
      "id": 54585,
      "score": 0.6084,
      "status": "SeedGene"
    },
    "BBS2": {
      "rank": 17,
      "id": 583,
      "score": 0.6084,
      "status": "SeedGene"
    },
    "INPP5E": {
      "rank": 18,
      "id": 56623,
      "score": 0.608,
      "status": "SeedGene"
    },
    "CEP41": {
      "rank": 19,
      "id": 95681,
      "score": 0.5787,
      "status": "SeedGene"
    },
    "TMEM67": {
      "rank": 20,
      "id": 91147,
      "score": 0.5721,
      "status": "SeedGene"
    },
    "KIF7": {
      "rank": 21,
      "id": 374654,
      "score": 0.5589,
      "status": "SeedGene"
    },
    "TRIM32": {
      "rank": 22,
      "id": 22954,
      "score": 0.5559,
      "status": "SeedGene"
    },
    "RPGRIP1L": {
      "rank": 23,
      "id": 23322,
      "score": 0.5457,
      "status": "SeedGene"
    },
    "CNGB1": {
      "rank": 24,
      "id": 1258,
      "score": 0.5387,
      "status": "SeedGene"
    },
    "TMEM216": {
      "rank": 25,
      "id": 51259,
      "score": 0.5314,
      "status": "SeedGene"
    },
    "CC2D2A": {
      "rank": 26,
      "id": 57545,
      "score": 0.5314,
      "status": "SeedGene"
    },
    "LRP2": {
      "rank": 27,
      "id": 4036,
      "score": 0.5288,
      "status": "SeedGene"
    },
    "BBIP1": {
      "rank": 28,
      "id": 92482,
      "score": 0.5182,
      "status": "SeedGene"
    },
    "RHO": {
      "rank": 29,
      "id": 6010,
      "score": 0.4925,
      "status": "SeedGene"
    },
    "PEX7": {
      "rank": 30,
      "id": 5191,
      "score": 0.491,
      "status": "SeedGene"
    },
    "PHYH": {
      "rank": 31,
      "id": 5264,
      "score": 0.4884,
      "status": "SeedGene"
    },
    "CNGA1": {
      "rank": 32,
      "id": 1259,
      "score": 0.4844,
      "status": "SeedGene"
    },
    "LRAT": {
      "rank": 33,
      "id": 9227,
      "score": 0.4804,
      "status": "SeedGene"
    },
    "SLC19A2": {
      "rank": 34,
      "id": 10560,
      "score": 0.4778,
      "status": "SeedGene"
    },
    "RBP3": {
      "rank": 35,
      "id": 5949,
      "score": 0.4657,
      "status": "SeedGene"
    },
    "VPS13B": {
      "rank": 36,
      "id": 157680,
      "score": 0.4635,
      "status": "SeedGene"
    },
    "WDPCP": {
      "rank": 37,
      "id": 51057,
      "score": 0.4551,
      "status": "SeedGene"
    },
    "IMPDH1": {
      "rank": 38,
      "id": 3614,
      "score": 0.4547,
      "status": "SeedGene"
    },
    "PDE6G": {
      "rank": 39,
      "id": 5148,
      "score": 0.4507,
      "status": "SeedGene"
    },
    "RDH12": {
      "rank": 40,
      "id": 145226,
      "score": 0.4433,
      "status": "SeedGene"
    },
    "ABCA4": {
      "rank": 41,
      "id": 24,
      "score": 0.4316,
      "status": "SeedGene"
    },
    "PDE6B": {
      "rank": 42,
      "id": 5158,
      "score": 0.425,
      "status": "SeedGene"
    },
    "WDR19": {
      "rank": 43,
      "id": 57728,
      "score": 0.4206,
      "status": "SeedGene"
    },
    "CRX": {
      "rank": 44,
      "id": 1406,
      "score": 0.4188,
      "status": "SeedGene"
    },
    "RPE65": {
      "rank": 45,
      "id": 6121,
      "score": 0.4151,
      "status": "SeedGene"
    },
    "AHI1": {
      "rank": 46,
      "id": 54806,
      "score": 0.4144,
      "status": "SeedGene"
    },
    "PDE6A": {
      "rank": 47,
      "id": 5145,
      "score": 0.4122,
      "status": "SeedGene"
    },
    "IFT122": {
      "rank": 48,
      "id": 55764,
      "score": 0.4078,
      "status": "SeedGene"
    },
    "RP2": {
      "rank": 49,
      "id": 6102,
      "score": 0.4034,
      "status": "SeedGene"
    },
    "SAG": {
      "rank": 50,
      "id": 6295,
      "score": 0.3968,
      "status": "SeedGene"
    },
    "RLBP1": {
      "rank": 51,
      "id": 6017,
      "score": 0.3946,
      "status": "SeedGene"
    },
    "GUCA1B": {
      "rank": 52,
      "id": 2979,
      "score": 0.3938,
      "status": "SeedGene"
    },
    "CA4": {
      "rank": 53,
      "id": 762,
      "score": 0.3927,
      "status": "SeedGene"
    },
    "ALMS1": {
      "rank": 54,
      "id": 7840,
      "score": 0.3916,
      "status": "SeedGene"
    },
    "ROM1": {
      "rank": 55,
      "id": 6094,
      "score": 0.3913,
      "status": "SeedGene"
    },
    "RGR": {
      "rank": 56,
      "id": 5995,
      "score": 0.3836,
      "status": "SeedGene"
    },
    "NEK2": {
      "rank": 57,
      "id": 4751,
      "score": 0.3788,
      "status": "SeedGene"
    },
    "NPHP1": {
      "rank": 58,
      "id": 4867,
      "score": 0.377,
      "status": "SeedGene"
    },
    "NR2E3": {
      "rank": 59,
      "id": 10002,
      "score": 0.3762,
      "status": "SeedGene"
    },
    "AIPL1": {
      "rank": 60,
      "id": 23746,
      "score": 0.3759,
      "status": "SeedGene"
    },
    "IDH3B": {
      "rank": 61,
      "id": 3420,
      "score": 0.374,
      "status": "SeedGene"
    },
    "PRPH2": {
      "rank": 62,
      "id": 5961,
      "score": 0.3737,
      "status": "SeedGene"
    },
    "TMEM231": {
      "rank": 63,
      "id": 79583,
      "score": 0.3685,
      "status": "SeedGene"
    },
    "MERTK": {
      "rank": 64,
      "id": 10461,
      "score": 0.3685,
      "status": "SeedGene"
    },
    "CRB1": {
      "rank": 65,
      "id": 23418,
      "score": 0.3648,
      "status": "SeedGene"
    },
    "PRPF8": {
      "rank": 66,
      "id": 10594,
      "score": 0.363,
      "status": "SeedGene"
    },
    "SEMA4A": {
      "rank": 67,
      "id": 64218,
      "score": 0.3623,
      "status": "SeedGene"
    },
    "PRPF6": {
      "rank": 68,
      "id": 24148,
      "score": 0.3499,
      "status": "SeedGene"
    },
    "SNRNP200": {
      "rank": 69,
      "id": 23020,
      "score": 0.3499,
      "status": "SeedGene"
    },
    "TULP1": {
      "rank": 70,
      "id": 7287,
      "score": 0.3495,
      "status": "SeedGene"
    },
    "WDR35": {
      "rank": 71,
      "id": 57539,
      "score": 0.3459,
      "status": "SeedGene"
    },
    "CLRN1": {
      "rank": 72,
      "id": 7401,
      "score": 0.3435,
      "status": "SeedGene"
    },
    "C8ORF37": {
      "rank": 73,
      "id": 157657,
      "score": 0.3435,
      "status": "SeedGene"
    },
    "DHDDS": {
      "rank": 74,
      "id": 79947,
      "score": 0.3434,
      "status": "SeedGene"
    },
    "BEST1": {
      "rank": 75,
      "id": 7439,
      "score": 0.3365,
      "status": "SeedGene"
    },
    "MAK": {
      "rank": 76,
      "id": 4117,
      "score": 0.3341,
      "status": "SeedGene"
    },
    "PRPF31": {
      "rank": 77,
      "id": 26121,
      "score": 0.3332,
      "status": "SeedGene"
    },
    "RP9": {
      "rank": 78,
      "id": 6100,
      "score": 0.3299,
      "status": "SeedGene"
    },
    "RPGR": {
      "rank": 79,
      "id": 6103,
      "score": 0.3222,
      "status": "SeedGene"
    },
    "PRPF3": {
      "rank": 80,
      "id": 9129,
      "score": 0.3201,
      "status": "SeedGene"
    },
    "PROM1": {
      "rank": 81,
      "id": 8842,
      "score": 0.3186,
      "status": "SeedGene"
    },
    "ARL13B": {
      "rank": 82,
      "id": 200894,
      "score": 0.3172,
      "status": "SeedGene"
    },
    "FSCN2": {
      "rank": 83,
      "id": 25794,
      "score": 0.3172,
      "status": "SeedGene"
    },
    "RP1": {
      "rank": 84,
      "id": 6101,
      "score": 0.3172,
      "status": "SeedGene"
    },
    "EYS": {
      "rank": 85,
      "id": 346007,
      "score": 0.3172,
      "status": "SeedGene"
    },
    "FAM161A": {
      "rank": 86,
      "id": 84140,
      "score": 0.3172,
      "status": "SeedGene"
    },
    "PRCD": {
      "rank": 87,
      "id": 768206,
      "score": 0.3172,
      "status": "SeedGene"
    },
    "KLHL7": {
      "rank": 88,
      "id": 55975,
      "score": 0.3172,
      "status": "SeedGene"
    },
    "TCTN1": {
      "rank": 89,
      "id": 79600,
      "score": 0.3149,
      "status": "SeedGene"
    },
    "TCTN3": {
      "rank": 90,
      "id": 26123,
      "score": 0.3149,
      "status": "SeedGene"
    },
    "TCTN2": {
      "rank": 91,
      "id": 79867,
      "score": 0.3149,
      "status": "SeedGene"
    },
    "TOPORS": {
      "rank": 92,
      "id": 10210,
      "score": 0.3136,
      "status": "SeedGene"
    },
    "NRL": {
      "rank": 93,
      "id": 4901,
      "score": 0.311,
      "status": "SeedGene"
    },
    "ZNF513": {
      "rank": 94,
      "id": 130557,
      "score": 0.31,
      "status": "SeedGene"
    },
    "USH2A": {
      "rank": 95,
      "id": 7399,
      "score": 0.3041,
      "status": "SeedGene"
    },
    "IMPG2": {
      "rank": 96,
      "id": 50939,
      "score": 0.3041,
      "status": "SeedGene"
    },
    "CERKL": {
      "rank": 97,
      "id": 375298,
      "score": 0.3041,
      "status": "SeedGene"
    },
    "TMEM138": {
      "rank": 98,
      "id": 51524,
      "score": 0.2983,
      "status": "SeedGene"
    },
    "IFT43": {
      "rank": 99,
      "id": 112752,
      "score": 0.2945,
      "status": "SeedGene"
    },
    "ATXN2": {
      "rank": 100,
      "id": 6311,
      "score": 0.2927,
      "status": "SeedGene"
    }
  }
}