{
  "query": {
    "HP:0001138": {
      "id": "HP:0001138",
      "status": "ok",
      "target": [
        "HP:0001138"
      ]
    },
    "HP:0000649": {
      "id": "HP:0000649",
      "status": "ok",
      "target": [
        "HP:0000649"
      ]
    },
    "HP:0030487": {
      "id": "HP:0030487",
      "status": "ok",
      "target": [
        "HP:0030487"
      ]
    }
  },
  "response": {
    "SH3BP2": {
      "rank": 1,
      "id": 6452,
      "score": 1.0,
      "status": "SeedGene"
    },
    "ASPA": {
      "rank": 2,
      "id": 443,
      "score": 0.9706,
      "status": "SeedGene"
    },
    "NOTCH3": {
      "rank": 3,
      "id": 4854,
      "score": 0.8722,
      "status": "SeedGene"
    },
    "ACOX1": {
      "rank": 4,
      "id": 51,
      "score": 0.7595,
      "status": "SeedGene"
    },
    "TCIRG1": {
      "rank": 5,
      "id": 10312,
      "score": 0.6968,
      "status": "SeedGene"
    },
    "CLCN7": {
      "rank": 6,
      "id": 1186,
      "score": 0.6451,
      "status": "SeedGene"
    },
    "HLA-DRB1": {
      "rank": 7,
      "id": 3123,
      "score": 0.6012,
      "status": "SeedGene"
    },
    "TNFSF11": {
      "rank": 8,
      "id": 8600,
      "score": 0.5646,
      "status": "SeedGene"
    },
    "SNX10": {
      "rank": 9,
      "id": 29887,
      "score": 0.5454,
      "status": "SeedGene"
    },
    "GALC": {
      "rank": 10,
      "id": 2581,
      "score": 0.3884,
      "status": "SeedGene"
    },
    "RAB3GAP2": {
      "rank": 11,
      "id": 25782,
      "score": 0.3795,
      "status": "SeedGene"
    },
    "RAB3GAP1": {
      "rank": 12,
      "id": 22930,
      "score": 0.3651,
      "status": "SeedGene"
    },
    "BTNL2": {
      "rank": 13,
      "id": 56244,
      "score": 0.3621,
      "status": "SeedGene"
    },
    "RAB18": {
      "rank": 14,
      "id": 22931,
      "score": 0.3612,
      "status": "SeedGene"
    },
    "TBC1D20": {
      "rank": 15,
      "id": 128637,
      "score": 0.351,
      "status": "SeedGene"
    },
    "ERCC8": {
      "rank": 16,
      "id": 1161,
      "score": 0.3414,
      "status": "SeedGene"
    },
    "AP3B1": {
      "rank": 17,
      "id": 8546,
      "score": 0.3385,
      "status": "SeedGene"
    },
    "AAAS": {
      "rank": 18,
      "id": 8086,
      "score": 0.3314,
      "status": "SeedGene"
    },
    "ERCC6": {
      "rank": 19,
      "id": 2074,
      "score": 0.3245,
      "status": "SeedGene"
    },
    "OPA1": {
      "rank": 20,
      "id": 4976,
      "score": 0.3157,
      "status": "SeedGene"
    },
    "HPS4": {
      "rank": 21,
      "id": 89781,
      "score": 0.3053,
      "status": "SeedGene"
    },
    "HPS1": {
      "rank": 22,
      "id": 3257,
      "score": 0.3053,
      "status": "SeedGene"
    },
    "TYR": {
      "rank": 23,
      "id": 7299,
      "score": 0.2951,
      "status": "SeedGene"
    },
    "ND1": {
      "rank": 24,
      "id": 8923209,
      "score": 0.295,
      "status": "SeedGene"
    },
    "ND5": {
      "rank": 25,
      "id": 8923210,
      "score": 0.295,
      "status": "SeedGene"
    },
    "ND4": {
      "rank": 26,
      "id": 8923197,
      "score": 0.295,
      "status": "SeedGene"
    },
    "ND6": {
      "rank": 27,
      "id": 8923198,
      "score": 0.295,
      "status": "SeedGene"
    },
    "NDRG1": {
      "rank": 28,
      "id": 10397,
      "score": 0.2917,
      "status": "SeedGene"
    },
    "HPS6": {
      "rank": 29,
      "id": 79803,
      "score": 0.2783,
      "status": "SeedGene"
    },
    "HPS5": {
      "rank": 30,
      "id": 11234,
      "score": 0.2783,
      "status": "SeedGene"
    },
    "POLG": {
      "rank": 31,
      "id": 5428,
      "score": 0.2762,
      "status": "SeedGene"
    },
    "NDUFA13": {
      "rank": 32,
      "id": 51079,
      "score": 0.2721,
      "status": "SeedGene"
    },
    "NDUFB10": {
      "rank": 33,
      "id": 4716,
      "score": 0.2721,
      "status": "SeedGene"
    },
    "NDUFS2": {
      "rank": 34,
      "id": 4720,
      "score": 0.2721,
      "status": "SeedGene"
    },
    "NDUFA1": {
      "rank": 35,
      "id": 4694,
      "score": 0.2721,
      "status": "SeedGene"
    },
    "NDUFS1": {
      "rank": 36,
      "id": 4719,
      "score": 0.2721,
      "status": "SeedGene"
    },
    "NDUFV1": {
      "rank": 37,
      "id": 4723,
      "score": 0.2721,
      "status": "SeedGene"
    },
    "NDUFS3": {
      "rank": 38,
      "id": 4722,
      "score": 0.2721,
      "status": "SeedGene"
    },
    "NDUFB11": {
      "rank": 39,
      "id": 54539,
      "score": 0.2721,
      "status": "SeedGene"
    },
    "NDUFS4": {
      "rank": 40,
      "id": 4724,
      "score": 0.2721,
      "status": "SeedGene"
    },
    "NDUFV2": {
      "rank": 41,
      "id": 4729,
      "score": 0.2721,
      "status": "SeedGene"
    },
    "NDUFA11": {
      "rank": 42,
      "id": 126328,
      "score": 0.2721,
      "status": "SeedGene"
    },
    "NDUFS6": {
      "rank": 43,
      "id": 4726,
      "score": 0.2721,
      "status": "SeedGene"
    },
    "NDUFB3": {
      "rank": 44,
      "id": 4709,
      "score": 0.2721,
      "status": "SeedGene"
    },
    "NDUFS7": {
      "rank": 45,
      "id": 374291,
      "score": 0.2721,
      "status": "SeedGene"
    },
    "NDUFS8": {
      "rank": 46,
      "id": 4728,
      "score": 0.2721,
      "status": "SeedGene"
    },
    "HPS3": {
      "rank": 47,
      "id": 84343,
      "score": 0.2622,
      "status": "SeedGene"
    },
    "PLP1": {
      "rank": 48,
      "id": 5354,
      "score": 0.2524,
      "status": "SeedGene"
    },
    "GMPPA": {
      "rank": 49,
      "id": 29926,
      "score": 0.2421,
      "status": "SeedGene"
    },
    "COX3": {
      "rank": 50,
      "id": 8923187,
      "score": 0.2264,
      "status": "SeedGene"
    },
    "ND3": {
      "rank": 51,
      "id": 8923206,
      "score": 0.2232,
      "status": "SeedGene"
    },
    "ND2": {
      "rank": 52,
      "id": 8923212,
      "score": 0.2232,
      "status": "SeedGene"
    },
    "ND4L": {
      "rank": 53,
      "id": 8923201,
      "score": 0.2232,
      "status": "SeedGene"
    },
    "LDLR": {
      "rank": 54,
      "id": 3949,
      "score": 0.2035,
      "status": "SeedGene"
    },
    "TMEM126B": {
      "rank": 55,
      "id": 55863,
      "score": 0.2034,
      "status": "SeedGene"
    },
    "NDUFAF1": {
      "rank": 56,
      "id": 51103,
      "score": 0.2034,
      "status": "SeedGene"
    },
    "NDUFAF4": {
      "rank": 57,
      "id": 29078,
      "score": 0.2034,
      "status": "SeedGene"
    },
    "NDUFAF5": {
      "rank": 58,
      "id": 79133,
      "score": 0.2034,
      "status": "SeedGene"
    },
    "NUBPL": {
      "rank": 59,
      "id": 80224,
      "score": 0.2034,
      "status": "SeedGene"
    },
    "NDUFAF3": {
      "rank": 60,
      "id": 25915,
      "score": 0.2034,
      "status": "SeedGene"
    },
    "NDUFAF2": {
      "rank": 61,
      "id": 91942,
      "score": 0.2034,
      "status": "SeedGene"
    },
    "NDUFB9": {
      "rank": 62,
      "id": 4715,
      "score": 0.2019,
      "status": "SeedGene"
    },
    "NDUFA6": {
      "rank": 63,
      "id": 4700,
      "score": 0.2019,
      "status": "SeedGene"
    },
    "APOB": {
      "rank": 64,
      "id": 338,
      "score": 0.2002,
      "status": "SeedGene"
    },
    "ABCG8": {
      "rank": 65,
      "id": 64241,
      "score": 0.1988,
      "status": "SeedGene"
    },
    "ABCG5": {
      "rank": 66,
      "id": 64240,
      "score": 0.1988,
      "status": "SeedGene"
    },
    "AGXT": {
      "rank": 67,
      "id": 189,
      "score": 0.1914,
      "status": "SeedGene"
    },
    "GP1BA": {
      "rank": 68,
      "id": 2811,
      "score": 0.1883,
      "status": "SeedGene"
    },
    "LDLRAP1": {
      "rank": 69,
      "id": 26119,
      "score": 0.1872,
      "status": "SeedGene"
    },
    "TIMMDC1": {
      "rank": 70,
      "id": 51300,
      "score": 0.1842,
      "status": "SeedGene"
    },
    "CYP1B1": {
      "rank": 71,
      "id": 1545,
      "score": 0.1812,
      "status": "SeedGene"
    },
    "PCSK9": {
      "rank": 72,
      "id": 255738,
      "score": 0.1773,
      "status": "SeedGene"
    },
    "CLCN2": {
      "rank": 73,
      "id": 1181,
      "score": 0.1575,
      "status": "SeedGene"
    },
    "TXN2": {
      "rank": 74,
      "id": 25828,
      "score": 0.1522,
      "status": "SeedGene"
    },
    "C12ORF65": {
      "rank": 75,
      "id": 91574,
      "score": 0.1498,
      "status": "SeedGene"
    },
    "ATP6": {
      "rank": 76,
      "id": 8923188,
      "score": 0.1498,
      "status": "SeedGene"
    },
    "CYTB": {
      "rank": 77,
      "id": 8923205,
      "score": 0.1498,
      "status": "SeedGene"
    },
    "MYOC": {
      "rank": 78,
      "id": 4653,
      "score": 0.1498,
      "status": "SeedGene"
    },
    "FOXRED1": {
      "rank": 79,
      "id": 55572,
      "score": 0.1498,
      "status": "SeedGene"
    },
    "ATN1": {
      "rank": 80,
      "id": 1822,
      "score": 0.1498,
      "status": "SeedGene"
    },
    "CISD2": {
      "rank": 81,
      "id": 493856,
      "score": 0.1498,
      "status": "SeedGene"
    },
    "TSFM": {
      "rank": 82,
      "id": 10102,
      "score": 0.1498,
      "status": "SeedGene"
    },
    "NDUFC2": {
      "rank": 83,
      "id": 4718,
      "score": 0.1333,
      "status": "Predicted"
    },
    "NDUFA4": {
      "rank": 84,
      "id": 4697,
      "score": 0.1315,
      "status": "Predicted"
    },
    "PLA2G6": {
      "rank": 85,
      "id": 8398,
      "score": 0.1308,
      "status": "SeedGene"
    },
    "NDUFV3": {
      "rank": 86,
      "id": 4731,
      "score": 0.1269,
      "status": "Predicted"
    },
    "NDUFA5": {
      "rank": 87,
      "id": 4698,
      "score": 0.1266,
      "status": "Predicted"
    },
    "NDUFB5": {
      "rank": 88,
      "id": 4711,
      "score": 0.1266,
      "status": "Predicted"
    },
    "NDUFC1": {
      "rank": 89,
      "id": 4717,
      "score": 0.1266,
      "status": "Predicted"
    },
    "NDUFB8": {
      "rank": 90,
      "id": 4714,
      "score": 0.1266,
      "status": "Predicted"
    },
    "NDUFA10": {
      "rank": 91,
      "id": 4705,
      "score": 0.1266,
      "status": "Predicted"
    },
    "NDUFB1": {
      "rank": 92,
      "id": 4707,
      "score": 0.1266,
      "status": "Predicted"
    },
    "NDUFA3": {
      "rank": 93,
      "id": 4696,
      "score": 0.1266,
      "status": "Predicted"
    },
    "NDUFS5": {
      "rank": 94,
      "id": 4725,
      "score": 0.1266,
      "status": "Predicted"
    },
    "NDUFA9": {
      "rank": 95,
      "id": 4704,
      "score": 0.1266,
      "status": "Predicted"
    },
    "NDUFA12": {
      "rank": 96,
      "id": 55967,
      "score": 0.1266,
      "status": "Predicted"
    },
    "NDUFB6": {
      "rank": 97,
      "id": 4712,
      "score": 0.1266,
      "status": "Predicted"
    },
    "NDUFA7": {
      "rank": 98,
      "id": 4701,
      "score": 0.1266,
      "status": "Predicted"
    },
    "NDUFAB1": {
      "rank": 99,
      "id": 4706,
      "score": 0.1266,
      "status": "Predicted"
    },
    "NDUFA8": {
      "rank": 100,
      "id": 4702,
      "score": 0.1266,
      "status": "Predicted"
    }
  }
}