{
  "query": {
    "HP:0000707": {
      "id": "HP:0000707",
      "status": "ok",
      "target": [
        "HP:0000707"
      ]
    },
    "HP:0007598": {
      "id": "HP:0007598",
      "status": "ok",
      "target": [
        "HP:0007598"
      ]
    },
    "HP:0001156": {
      "id": "HP:0001156",
      "status": "ok",
      "target": [
        "HP:0001156"
      ]
    },
    "HP:0012446": {
      "id": "HP:0012446",
      "status": "ok",
      "target": [
        "HP:0012446"
      ]
    },
    "HP:0004209": {
      "id": "HP:0004209",
      "status": "ok",
      "target": [
        "HP:0004209"
      ]
    },
    "HP:0000405": {
      "id": "HP:0000405",
      "status": "ok",
      "target": [
        "HP:0000405"
      ]
    },
    "HP:0001627": {
      "id": "HP:0001627",
      "status": "ok",
      "target": [
        "HP:0001627"
      ]
    },
    "HP:0002750": {
      "id": "HP:0002750",
      "status": "ok",
      "target": [
        "HP:0002750"
      ]
    },
    "HP:0003235": {
      "id": "HP:0003235",
      "status": "ok",
      "target": [
        "HP:0003235"
      ]
    },
    "HP:0000239": {
      "id": "HP:0000239",
      "status": "ok",
      "target": [
        "HP:0000239"
      ]
    },
    "HP:0001572": {
      "id": "HP:0001572",
      "status": "ok",
      "target": [
        "HP:0001572"
      ]
    },
    "HP:0002123": {
      "id": "HP:0002123",
      "status": "ok",
      "target": [
        "HP:0002123"
      ]
    },
    "HP:0011220": {
      "id": "HP:0011220",
      "status": "ok",
      "target": [
        "HP:0011220"
      ]
    },
    "HP:0004482": {
      "id": "HP:0004482",
      "status": "ok",
      "target": [
        "HP:0004482"
      ]
    },
    "HP:0002069": {
      "id": "HP:0002069",
      "status": "ok",
      "target": [
        "HP:0002069"
      ]
    },
    "HP:0012471": {
      "id": "HP:0012471",
      "status": "ok",
      "target": [
        "HP:0012471"
      ]
    },
    "HP:0001566": {
      "id": "HP:0001566",
      "status": "ok",
      "target": [
        "HP:0001566"
      ]
    },
    "HP:0001250": {
      "id": "HP:0001250",
      "status": "ok",
      "target": [
        "HP:0001250"
      ]
    }
  },
  "response": {
    "VPS13B": {
      "rank": 1,
      "id": 157680,
      "score": 1.0,
      "status": "SeedGene"
    },
    "ANKRD11": {
      "rank": 2,
      "id": 29123,
      "score": 0.9575,
      "status": "SeedGene"
    },
    "ALDH7A1": {
      "rank": 3,
      "id": 501,
      "score": 0.859,
      "status": "SeedGene"
    },
    "NHLRC1": {
      "rank": 4,
      "id": 378884,
      "score": 0.8053,
      "status": "SeedGene"
    },
    "ALDH5A1": {
      "rank": 5,
      "id": 7915,
      "score": 0.7944,
      "status": "SeedGene"
    },
    "EPM2A": {
      "rank": 6,
      "id": 7957,
      "score": 0.7709,
      "status": "SeedGene"
    },
    "FAH": {
      "rank": 7,
      "id": 2184,
      "score": 0.7227,
      "status": "SeedGene"
    },
    "FGFR3": {
      "rank": 8,
      "id": 2261,
      "score": 0.7036,
      "status": "SeedGene"
    },
    "FH": {
      "rank": 9,
      "id": 2271,
      "score": 0.6652,
      "status": "SeedGene"
    },
    "PTDSS1": {
      "rank": 10,
      "id": 9791,
      "score": 0.6489,
      "status": "SeedGene"
    },
    "RPS6KA3": {
      "rank": 11,
      "id": 6197,
      "score": 0.6109,
      "status": "SeedGene"
    },
    "FGFR2": {
      "rank": 12,
      "id": 2263,
      "score": 0.6087,
      "status": "SeedGene"
    },
    "KRAS": {
      "rank": 13,
      "id": 3845,
      "score": 0.5622,
      "status": "SeedGene"
    },
    "BRAF": {
      "rank": 14,
      "id": 673,
      "score": 0.53,
      "status": "SeedGene"
    },
    "COL11A1": {
      "rank": 15,
      "id": 1301,
      "score": 0.5093,
      "status": "SeedGene"
    },
    "MED12": {
      "rank": 16,
      "id": 9968,
      "score": 0.4972,
      "status": "SeedGene"
    },
    "IHH": {
      "rank": 17,
      "id": 3549,
      "score": 0.4954,
      "status": "SeedGene"
    },
    "NF1": {
      "rank": 18,
      "id": 4763,
      "score": 0.4938,
      "status": "SeedGene"
    },
    "HRAS": {
      "rank": 19,
      "id": 3265,
      "score": 0.4893,
      "status": "SeedGene"
    },
    "IGF2": {
      "rank": 20,
      "id": 3481,
      "score": 0.4789,
      "status": "SeedGene"
    },
    "SLC25A13": {
      "rank": 21,
      "id": 10165,
      "score": 0.4767,
      "status": "SeedGene"
    },
    "ROR2": {
      "rank": 22,
      "id": 4920,
      "score": 0.466,
      "status": "SeedGene"
    },
    "KIF7": {
      "rank": 23,
      "id": 374654,
      "score": 0.4626,
      "status": "SeedGene"
    },
    "RAF1": {
      "rank": 24,
      "id": 5894,
      "score": 0.4572,
      "status": "SeedGene"
    },
    "ATRX": {
      "rank": 25,
      "id": 546,
      "score": 0.4518,
      "status": "SeedGene"
    },
    "SMARCA4": {
      "rank": 26,
      "id": 6597,
      "score": 0.4203,
      "status": "SeedGene"
    },
    "DHCR24": {
      "rank": 27,
      "id": 1718,
      "score": 0.4114,
      "status": "SeedGene"
    },
    "ACAN": {
      "rank": 28,
      "id": 176,
      "score": 0.41,
      "status": "SeedGene"
    },
    "SCN1A": {
      "rank": 29,
      "id": 6323,
      "score": 0.3988,
      "status": "SeedGene"
    },
    "NRAS": {
      "rank": 30,
      "id": 4893,
      "score": 0.3846,
      "status": "SeedGene"
    },
    "EP300": {
      "rank": 31,
      "id": 2033,
      "score": 0.378,
      "status": "SeedGene"
    },
    "PIK3R1": {
      "rank": 32,
      "id": 5295,
      "score": 0.369,
      "status": "SeedGene"
    },
    "HDAC8": {
      "rank": 33,
      "id": 55869,
      "score": 0.3631,
      "status": "SeedGene"
    },
    "CREBBP": {
      "rank": 34,
      "id": 1387,
      "score": 0.3605,
      "status": "SeedGene"
    },
    "SCN2A": {
      "rank": 35,
      "id": 6326,
      "score": 0.3551,
      "status": "SeedGene"
    },
    "SOS1": {
      "rank": 36,
      "id": 6654,
      "score": 0.3527,
      "status": "SeedGene"
    },
    "PTPN11": {
      "rank": 37,
      "id": 5781,
      "score": 0.3523,
      "status": "SeedGene"
    },
    "ARID1B": {
      "rank": 38,
      "id": 57492,
      "score": 0.349,
      "status": "SeedGene"
    },
    "GDF5": {
      "rank": 39,
      "id": 8200,
      "score": 0.3453,
      "status": "SeedGene"
    },
    "ARID1A": {
      "rank": 40,
      "id": 8289,
      "score": 0.3444,
      "status": "SeedGene"
    },
    "KAT6B": {
      "rank": 41,
      "id": 23522,
      "score": 0.3429,
      "status": "SeedGene"
    },
    "SCN9A": {
      "rank": 42,
      "id": 6335,
      "score": 0.3418,
      "status": "SeedGene"
    },
    "GLI3": {
      "rank": 43,
      "id": 2737,
      "score": 0.3336,
      "status": "SeedGene"
    },
    "INS": {
      "rank": 44,
      "id": 3630,
      "score": 0.3298,
      "status": "SeedGene"
    },
    "SMARCE1": {
      "rank": 45,
      "id": 6605,
      "score": 0.3297,
      "status": "SeedGene"
    },
    "SMC1A": {
      "rank": 46,
      "id": 8243,
      "score": 0.3291,
      "status": "SeedGene"
    },
    "SMARCB1": {
      "rank": 47,
      "id": 6598,
      "score": 0.3275,
      "status": "SeedGene"
    },
    "FGFR1": {
      "rank": 48,
      "id": 2260,
      "score": 0.3224,
      "status": "SeedGene"
    },
    "SMC3": {
      "rank": 49,
      "id": 9126,
      "score": 0.3169,
      "status": "SeedGene"
    },
    "STAT3": {
      "rank": 50,
      "id": 6774,
      "score": 0.3163,
      "status": "SeedGene"
    },
    "LRP2": {
      "rank": 51,
      "id": 4036,
      "score": 0.315,
      "status": "SeedGene"
    },
    "SCN1B": {
      "rank": 52,
      "id": 6324,
      "score": 0.3147,
      "status": "SeedGene"
    },
    "AKT1": {
      "rank": 53,
      "id": 207,
      "score": 0.3127,
      "status": "SeedGene"
    },
    "CUL4B": {
      "rank": 54,
      "id": 8450,
      "score": 0.3124,
      "status": "SeedGene"
    },
    "IMPAD1": {
      "rank": 55,
      "id": 54928,
      "score": 0.3123,
      "status": "SeedGene"
    },
    "FGF9": {
      "rank": 56,
      "id": 2254,
      "score": 0.3123,
      "status": "SeedGene"
    },
    "ARX": {
      "rank": 57,
      "id": 170302,
      "score": 0.3108,
      "status": "SeedGene"
    },
    "GJA1": {
      "rank": 58,
      "id": 2697,
      "score": 0.3107,
      "status": "SeedGene"
    },
    "GABRG2": {
      "rank": 59,
      "id": 2566,
      "score": 0.3105,
      "status": "SeedGene"
    },
    "INPPL1": {
      "rank": 60,
      "id": 3636,
      "score": 0.3081,
      "status": "SeedGene"
    },
    "RIT1": {
      "rank": 61,
      "id": 6016,
      "score": 0.3021,
      "status": "SeedGene"
    },
    "TFAP2B": {
      "rank": 62,
      "id": 7021,
      "score": 0.301,
      "status": "SeedGene"
    },
    "MVK": {
      "rank": 63,
      "id": 4598,
      "score": 0.3007,
      "status": "SeedGene"
    },
    "BMPR1B": {
      "rank": 64,
      "id": 658,
      "score": 0.2995,
      "status": "SeedGene"
    },
    "RAD21": {
      "rank": 65,
      "id": 5885,
      "score": 0.298,
      "status": "SeedGene"
    },
    "GCK": {
      "rank": 66,
      "id": 2645,
      "score": 0.2978,
      "status": "SeedGene"
    },
    "OFD1": {
      "rank": 67,
      "id": 8481,
      "score": 0.2906,
      "status": "SeedGene"
    },
    "MECP2": {
      "rank": 68,
      "id": 4204,
      "score": 0.2902,
      "status": "SeedGene"
    },
    "NOG": {
      "rank": 69,
      "id": 9241,
      "score": 0.2888,
      "status": "SeedGene"
    },
    "PRKACA": {
      "rank": 70,
      "id": 5566,
      "score": 0.2875,
      "status": "SeedGene"
    },
    "TCF4": {
      "rank": 71,
      "id": 6925,
      "score": 0.2851,
      "status": "SeedGene"
    },
    "TWIST1": {
      "rank": 72,
      "id": 7291,
      "score": 0.2838,
      "status": "SeedGene"
    },
    "CDKL5": {
      "rank": 73,
      "id": 6792,
      "score": 0.2826,
      "status": "SeedGene"
    },
    "TP53": {
      "rank": 74,
      "id": 7157,
      "score": 0.2824,
      "status": "SeedGene"
    },
    "FBN1": {
      "rank": 75,
      "id": 2200,
      "score": 0.2816,
      "status": "SeedGene"
    },
    "CALM1": {
      "rank": 76,
      "id": 801,
      "score": 0.2785,
      "status": "SeedGene"
    },
    "PRICKLE1": {
      "rank": 77,
      "id": 144165,
      "score": 0.2773,
      "status": "SeedGene"
    },
    "GNB1": {
      "rank": 78,
      "id": 2782,
      "score": 0.2768,
      "status": "SeedGene"
    },
    "BLM": {
      "rank": 79,
      "id": 641,
      "score": 0.2766,
      "status": "SeedGene"
    },
    "PTEN": {
      "rank": 80,
      "id": 5728,
      "score": 0.2761,
      "status": "SeedGene"
    },
    "PIK3CA": {
      "rank": 81,
      "id": 5290,
      "score": 0.276,
      "status": "SeedGene"
    },
    "CALM2": {
      "rank": 82,
      "id": 805,
      "score": 0.2758,
      "status": "SeedGene"
    },
    "INPP5E": {
      "rank": 83,
      "id": 56623,
      "score": 0.2741,
      "status": "SeedGene"
    },
    "BRCA1": {
      "rank": 84,
      "id": 672,
      "score": 0.2722,
      "status": "SeedGene"
    },
    "NFKBIA": {
      "rank": 85,
      "id": 4792,
      "score": 0.2715,
      "status": "SeedGene"
    },
    "H19": {
      "rank": 86,
      "id": 283120,
      "score": 0.269,
      "status": "SeedGene"
    },
    "CALM3": {
      "rank": 87,
      "id": 808,
      "score": 0.2686,
      "status": "Predicted"
    },
    "PRKCA": {
      "rank": 88,
      "id": 5578,
      "score": 0.2684,
      "status": "Predicted"
    },
    "FLNA": {
      "rank": 89,
      "id": 2316,
      "score": 0.2674,
      "status": "SeedGene"
    },
    "CDKN1C": {
      "rank": 90,
      "id": 1028,
      "score": 0.2666,
      "status": "SeedGene"
    },
    "HDAC4": {
      "rank": 91,
      "id": 9759,
      "score": 0.2665,
      "status": "SeedGene"
    },
    "MAPK1": {
      "rank": 92,
      "id": 5594,
      "score": 0.262,
      "status": "SeedGene"
    },
    "ST3GAL5": {
      "rank": 93,
      "id": 8869,
      "score": 0.2616,
      "status": "SeedGene"
    },
    "SRCAP": {
      "rank": 94,
      "id": 10847,
      "score": 0.2615,
      "status": "SeedGene"
    },
    "GNE": {
      "rank": 95,
      "id": 10020,
      "score": 0.2604,
      "status": "SeedGene"
    },
    "RPS27A": {
      "rank": 96,
      "id": 6233,
      "score": 0.2586,
      "status": "Predicted"
    },
    "UBB": {
      "rank": 97,
      "id": 7314,
      "score": 0.2581,
      "status": "SeedGene"
    },
    "SLC2A1": {
      "rank": 98,
      "id": 6513,
      "score": 0.2577,
      "status": "SeedGene"
    },
    "IKBKG": {
      "rank": 99,
      "id": 8517,
      "score": 0.2576,
      "status": "SeedGene"
    },
    "UBA52": {
      "rank": 100,
      "id": 7311,
      "score": 0.2574,
      "status": "Predicted"
    }
  }
}