{
  "query": {
    "HP:0100021": {
      "id": "HP:0100021",
      "status": "ok",
      "target": [
        "HP:0100021"
      ]
    },
    "HP:0100704": {
      "id": "HP:0100704",
      "status": "ok",
      "target": [
        "HP:0100704"
      ]
    },
    "HP:0001263": {
      "id": "HP:0001263",
      "status": "ok",
      "target": [
        "HP:0001263"
      ]
    },
    "HP:0001250": {
      "id": "HP:0001250",
      "status": "ok",
      "target": [
        "HP:0001250"
      ]
    }
  },
  "response": {
    "IDUA": {
      "rank": 1,
      "id": 3425,
      "score": 1.0,
      "status": "SeedGene"
    },
    "SCN4A": {
      "rank": 2,
      "id": 6329,
      "score": 0.6228,
      "status": "SeedGene"
    },
    "SCN1A": {
      "rank": 3,
      "id": 6323,
      "score": 0.3679,
      "status": "SeedGene"
    },
    "TIMM8A": {
      "rank": 4,
      "id": 1678,
      "score": 0.3059,
      "status": "SeedGene"
    },
    "SCN9A": {
      "rank": 5,
      "id": 6335,
      "score": 0.3007,
      "status": "SeedGene"
    },
    "ST3GAL5": {
      "rank": 6,
      "id": 8869,
      "score": 0.2961,
      "status": "SeedGene"
    },
    "SCN2A": {
      "rank": 7,
      "id": 6326,
      "score": 0.2594,
      "status": "SeedGene"
    },
    "POLG": {
      "rank": 8,
      "id": 5428,
      "score": 0.2303,
      "status": "SeedGene"
    },
    "SCN1B": {
      "rank": 9,
      "id": 6324,
      "score": 0.2185,
      "status": "SeedGene"
    },
    "GABRG2": {
      "rank": 10,
      "id": 2566,
      "score": 0.2083,
      "status": "SeedGene"
    },
    "CACNA1D": {
      "rank": 11,
      "id": 776,
      "score": 0.1833,
      "status": "SeedGene"
    },
    "PCDH19": {
      "rank": 12,
      "id": 57526,
      "score": 0.1421,
      "status": "SeedGene"
    },
    "SHANK3": {
      "rank": 13,
      "id": 85358,
      "score": 0.1416,
      "status": "SeedGene"
    },
    "IDH1": {
      "rank": 14,
      "id": 3417,
      "score": 0.1389,
      "status": "SeedGene"
    },
    "IDH2": {
      "rank": 15,
      "id": 3418,
      "score": 0.1345,
      "status": "SeedGene"
    },
    "GNB1": {
      "rank": 16,
      "id": 2782,
      "score": 0.1208,
      "status": "SeedGene"
    },
    "PSMD12": {
      "rank": 17,
      "id": 5718,
      "score": 0.1196,
      "status": "SeedGene"
    },
    "HPGD": {
      "rank": 18,
      "id": 3248,
      "score": 0.1141,
      "status": "SeedGene"
    },
    "SLCO2A1": {
      "rank": 19,
      "id": 6578,
      "score": 0.1133,
      "status": "SeedGene"
    },
    "SCN3A": {
      "rank": 20,
      "id": 6328,
      "score": 0.1126,
      "status": "SeedGene"
    },
    "UROD": {
      "rank": 21,
      "id": 7389,
      "score": 0.1122,
      "status": "SeedGene"
    },
    "SLC25A4": {
      "rank": 22,
      "id": 291,
      "score": 0.1118,
      "status": "SeedGene"
    },
    "ASNS": {
      "rank": 23,
      "id": 440,
      "score": 0.1116,
      "status": "SeedGene"
    },
    "ST3GAL3": {
      "rank": 24,
      "id": 6487,
      "score": 0.1114,
      "status": "SeedGene"
    },
    "COQ2": {
      "rank": 25,
      "id": 27235,
      "score": 0.1109,
      "status": "SeedGene"
    },
    "ITGB3": {
      "rank": 26,
      "id": 3690,
      "score": 0.106,
      "status": "SeedGene"
    },
    "ITGA2B": {
      "rank": 27,
      "id": 3674,
      "score": 0.1044,
      "status": "SeedGene"
    },
    "TUSC3": {
      "rank": 28,
      "id": 7991,
      "score": 0.1039,
      "status": "SeedGene"
    },
    "SPTBN4": {
      "rank": 29,
      "id": 57731,
      "score": 0.1026,
      "status": "SeedGene"
    },
    "DPM1": {
      "rank": 30,
      "id": 8813,
      "score": 0.1016,
      "status": "SeedGene"
    },
    "RRM2B": {
      "rank": 31,
      "id": 50484,
      "score": 0.1012,
      "status": "SeedGene"
    },
    "GRIN1": {
      "rank": 32,
      "id": 2902,
      "score": 0.1011,
      "status": "SeedGene"
    },
    "B3GALNT2": {
      "rank": 33,
      "id": 148789,
      "score": 0.1005,
      "status": "SeedGene"
    },
    "ITGA2": {
      "rank": 34,
      "id": 3673,
      "score": 0.1003,
      "status": "SeedGene"
    },
    "PDSS2": {
      "rank": 35,
      "id": 57107,
      "score": 0.1,
      "status": "SeedGene"
    },
    "PIGA": {
      "rank": 36,
      "id": 5277,
      "score": 0.0996,
      "status": "SeedGene"
    },
    "PIGC": {
      "rank": 37,
      "id": 5279,
      "score": 0.0993,
      "status": "SeedGene"
    },
    "PIGS": {
      "rank": 38,
      "id": 94005,
      "score": 0.099,
      "status": "SeedGene"
    },
    "PIGP": {
      "rank": 39,
      "id": 51227,
      "score": 0.099,
      "status": "SeedGene"
    },
    "GRIN2D": {
      "rank": 40,
      "id": 2906,
      "score": 0.0976,
      "status": "SeedGene"
    },
    "KIF5A": {
      "rank": 41,
      "id": 3798,
      "score": 0.0969,
      "status": "SeedGene"
    },
    "SPR": {
      "rank": 42,
      "id": 6697,
      "score": 0.0967,
      "status": "SeedGene"
    },
    "GAD1": {
      "rank": 43,
      "id": 2571,
      "score": 0.0958,
      "status": "SeedGene"
    },
    "MAN1B1": {
      "rank": 44,
      "id": 11253,
      "score": 0.0956,
      "status": "SeedGene"
    },
    "SLC25A1": {
      "rank": 45,
      "id": 6576,
      "score": 0.095,
      "status": "SeedGene"
    },
    "MED25": {
      "rank": 46,
      "id": 81857,
      "score": 0.0944,
      "status": "SeedGene"
    },
    "PGAP1": {
      "rank": 47,
      "id": 80055,
      "score": 0.0944,
      "status": "SeedGene"
    },
    "MED23": {
      "rank": 48,
      "id": 9439,
      "score": 0.0944,
      "status": "SeedGene"
    },
    "PIGY": {
      "rank": 49,
      "id": 84992,
      "score": 0.0942,
      "status": "SeedGene"
    },
    "PHGDH": {
      "rank": 50,
      "id": 26227,
      "score": 0.093,
      "status": "SeedGene"
    },
    "DNASE1L3": {
      "rank": 51,
      "id": 1776,
      "score": 0.0924,
      "status": "SeedGene"
    },
    "UGT1A1": {
      "rank": 52,
      "id": 54658,
      "score": 0.0923,
      "status": "SeedGene"
    },
    "SLC6A3": {
      "rank": 53,
      "id": 6531,
      "score": 0.092,
      "status": "SeedGene"
    },
    "NDST1": {
      "rank": 54,
      "id": 3340,
      "score": 0.0918,
      "status": "SeedGene"
    },
    "POLG2": {
      "rank": 55,
      "id": 11232,
      "score": 0.0918,
      "status": "SeedGene"
    },
    "AMPD2": {
      "rank": 56,
      "id": 271,
      "score": 0.0917,
      "status": "SeedGene"
    },
    "MTHFS": {
      "rank": 57,
      "id": 10588,
      "score": 0.0917,
      "status": "SeedGene"
    },
    "PPP3CA": {
      "rank": 58,
      "id": 5530,
      "score": 0.0909,
      "status": "SeedGene"
    },
    "VLDLR": {
      "rank": 59,
      "id": 7436,
      "score": 0.0904,
      "status": "SeedGene"
    },
    "CACNA1E": {
      "rank": 60,
      "id": 777,
      "score": 0.0892,
      "status": "SeedGene"
    },
    "CHMP1A": {
      "rank": 61,
      "id": 5119,
      "score": 0.0888,
      "status": "SeedGene"
    },
    "CD109": {
      "rank": 62,
      "id": 135228,
      "score": 0.0876,
      "status": "SeedGene"
    },
    "RAB18": {
      "rank": 63,
      "id": 22931,
      "score": 0.0861,
      "status": "SeedGene"
    },
    "COG5": {
      "rank": 64,
      "id": 10466,
      "score": 0.0837,
      "status": "SeedGene"
    },
    "COPB2": {
      "rank": 65,
      "id": 9276,
      "score": 0.0833,
      "status": "SeedGene"
    },
    "FGF12": {
      "rank": 66,
      "id": 2257,
      "score": 0.0832,
      "status": "SeedGene"
    },
    "AIMP1": {
      "rank": 67,
      "id": 9255,
      "score": 0.0832,
      "status": "SeedGene"
    },
    "SMARCB1": {
      "rank": 68,
      "id": 6598,
      "score": 0.0828,
      "status": "SeedGene"
    },
    "EZR": {
      "rank": 69,
      "id": 7430,
      "score": 0.0825,
      "status": "SeedGene"
    },
    "CACNA1B": {
      "rank": 70,
      "id": 774,
      "score": 0.0823,
      "status": "SeedGene"
    },
    "DCC": {
      "rank": 71,
      "id": 1630,
      "score": 0.0822,
      "status": "SeedGene"
    },
    "PROC": {
      "rank": 72,
      "id": 5624,
      "score": 0.0814,
      "status": "SeedGene"
    },
    "TRAPPC9": {
      "rank": 73,
      "id": 83696,
      "score": 0.0802,
      "status": "SeedGene"
    },
    "TUBB2B": {
      "rank": 74,
      "id": 347733,
      "score": 0.0797,
      "status": "SeedGene"
    },
    "SLC35A2": {
      "rank": 75,
      "id": 7355,
      "score": 0.0796,
      "status": "SeedGene"
    },
    "TBC1D20": {
      "rank": 76,
      "id": 128637,
      "score": 0.0793,
      "status": "SeedGene"
    },
    "EP300": {
      "rank": 77,
      "id": 2033,
      "score": 0.0793,
      "status": "SeedGene"
    },
    "GP1BB": {
      "rank": 78,
      "id": 2812,
      "score": 0.0791,
      "status": "SeedGene"
    },
    "ATP8A2": {
      "rank": 79,
      "id": 51761,
      "score": 0.079,
      "status": "SeedGene"
    },
    "AP4S1": {
      "rank": 80,
      "id": 11154,
      "score": 0.0787,
      "status": "SeedGene"
    },
    "LMAN2L": {
      "rank": 81,
      "id": 81562,
      "score": 0.0784,
      "status": "SeedGene"
    },
    "AP4M1": {
      "rank": 82,
      "id": 9179,
      "score": 0.0784,
      "status": "SeedGene"
    },
    "GP1BA": {
      "rank": 83,
      "id": 2811,
      "score": 0.0782,
      "status": "SeedGene"
    },
    "AKT1": {
      "rank": 84,
      "id": 207,
      "score": 0.078,
      "status": "SeedGene"
    },
    "HNMT": {
      "rank": 85,
      "id": 3176,
      "score": 0.0779,
      "status": "SeedGene"
    },
    "CALM1": {
      "rank": 86,
      "id": 801,
      "score": 0.0776,
      "status": "SeedGene"
    },
    "WDR81": {
      "rank": 87,
      "id": 124997,
      "score": 0.0771,
      "status": "SeedGene"
    },
    "TECR": {
      "rank": 88,
      "id": 9524,
      "score": 0.077,
      "status": "SeedGene"
    },
    "MBOAT7": {
      "rank": 89,
      "id": 79143,
      "score": 0.0769,
      "status": "SeedGene"
    },
    "PIK3CA": {
      "rank": 90,
      "id": 5290,
      "score": 0.0769,
      "status": "SeedGene"
    },
    "AIP": {
      "rank": 91,
      "id": 9049,
      "score": 0.0767,
      "status": "SeedGene"
    },
    "CALM2": {
      "rank": 92,
      "id": 805,
      "score": 0.0765,
      "status": "SeedGene"
    },
    "TRAPPC2L": {
      "rank": 93,
      "id": 51693,
      "score": 0.0765,
      "status": "SeedGene"
    },
    "DIAPH1": {
      "rank": 94,
      "id": 1729,
      "score": 0.0756,
      "status": "SeedGene"
    },
    "SLC45A1": {
      "rank": 95,
      "id": 50651,
      "score": 0.0751,
      "status": "SeedGene"
    },
    "CALM3": {
      "rank": 96,
      "id": 808,
      "score": 0.0746,
      "status": "Predicted"
    },
    "CDKL5": {
      "rank": 97,
      "id": 6792,
      "score": 0.0745,
      "status": "SeedGene"
    },
    "TRAF7": {
      "rank": 98,
      "id": 84231,
      "score": 0.0744,
      "status": "SeedGene"
    },
    "NTN1": {
      "rank": 99,
      "id": 9423,
      "score": 0.0743,
      "status": "SeedGene"
    },
    "KIF1A": {
      "rank": 100,
      "id": 547,
      "score": 0.0742,
      "status": "SeedGene"
    }
  }
}