{
  "query": {
    "HP:0001251": {
      "id": "HP:0001251",
      "status": "ok",
      "target": [
        "HP:0001251"
      ]
    },
    "HP:0000365": {
      "id": "HP:0000365",
      "status": "ok",
      "target": [
        "HP:0000365"
      ]
    },
    "HP:0006292": {
      "id": "HP:0006292",
      "status": "ok",
      "target": [
        "HP:0006292"
      ]
    },
    "HP:0000968": {
      "id": "HP:0000968",
      "status": "ok",
      "target": [
        "HP:0000968"
      ]
    },
    "HP:0000376": {
      "id": "HP:0000376",
      "status": "ok",
      "target": [
        "HP:0000376"
      ]
    },
    "HP:0000695": {
      "id": "HP:0000695",
      "status": "ok",
      "target": [
        "HP:0000695"
      ]
    },
    "HP:0004322": {
      "id": "HP:0004322",
      "status": "ok",
      "target": [
        "HP:0004322"
      ]
    },
    "HP:0006288": {
      "id": "HP:0006288",
      "status": "ok",
      "target": [
        "HP:0006288"
      ]
    },
    "HP:0004324": {
      "id": "HP:0004324",
      "status": "ok",
      "target": [
        "HP:0004324"
      ]
    }
  },
  "response": {
    "GLI3": {
      "rank": 1,
      "id": 2737,
      "score": 1.0,
      "status": "SeedGene"
    },
    "NSD1": {
      "rank": 2,
      "id": 64324,
      "score": 0.5851,
      "status": "SeedGene"
    },
    "EVC2": {
      "rank": 3,
      "id": 132884,
      "score": 0.5664,
      "status": "SeedGene"
    },
    "EVC": {
      "rank": 4,
      "id": 2121,
      "score": 0.5664,
      "status": "SeedGene"
    },
    "PTH1R": {
      "rank": 5,
      "id": 5745,
      "score": 0.5216,
      "status": "SeedGene"
    },
    "TCF4": {
      "rank": 6,
      "id": 6925,
      "score": 0.4321,
      "status": "SeedGene"
    },
    "SLC29A3": {
      "rank": 7,
      "id": 55315,
      "score": 0.4277,
      "status": "SeedGene"
    },
    "TP63": {
      "rank": 8,
      "id": 8626,
      "score": 0.3944,
      "status": "SeedGene"
    },
    "NFIX": {
      "rank": 9,
      "id": 4784,
      "score": 0.383,
      "status": "SeedGene"
    },
    "IKBKG": {
      "rank": 10,
      "id": 8517,
      "score": 0.3704,
      "status": "SeedGene"
    },
    "EHMT1": {
      "rank": 11,
      "id": 79813,
      "score": 0.3322,
      "status": "SeedGene"
    },
    "TNFRSF10A": {
      "rank": 12,
      "id": 8797,
      "score": 0.3114,
      "status": "Predicted"
    },
    "PRKAR1A": {
      "rank": 13,
      "id": 5573,
      "score": 0.3077,
      "status": "SeedGene"
    },
    "ORC1": {
      "rank": 14,
      "id": 4998,
      "score": 0.3077,
      "status": "SeedGene"
    },
    "FGFR2": {
      "rank": 15,
      "id": 2263,
      "score": 0.2999,
      "status": "SeedGene"
    },
    "ANO5": {
      "rank": 16,
      "id": 203859,
      "score": 0.2957,
      "status": "SeedGene"
    },
    "LMNA": {
      "rank": 17,
      "id": 4000,
      "score": 0.2912,
      "status": "SeedGene"
    },
    "FLNA": {
      "rank": 18,
      "id": 2316,
      "score": 0.2749,
      "status": "SeedGene"
    },
    "FGFR3": {
      "rank": 19,
      "id": 2261,
      "score": 0.2698,
      "status": "SeedGene"
    },
    "RPS6KA3": {
      "rank": 20,
      "id": 6197,
      "score": 0.2689,
      "status": "SeedGene"
    },
    "MKS1": {
      "rank": 21,
      "id": 54903,
      "score": 0.2644,
      "status": "SeedGene"
    },
    "NFKBIA": {
      "rank": 22,
      "id": 4792,
      "score": 0.2447,
      "status": "SeedGene"
    },
    "ZMPSTE24": {
      "rank": 23,
      "id": 10269,
      "score": 0.2295,
      "status": "SeedGene"
    },
    "ORC4": {
      "rank": 24,
      "id": 5000,
      "score": 0.2294,
      "status": "SeedGene"
    },
    "HDAC8": {
      "rank": 25,
      "id": 55869,
      "score": 0.2229,
      "status": "SeedGene"
    },
    "CDC6": {
      "rank": 26,
      "id": 990,
      "score": 0.2194,
      "status": "SeedGene"
    },
    "ORC6": {
      "rank": 27,
      "id": 23594,
      "score": 0.2171,
      "status": "SeedGene"
    },
    "CDT1": {
      "rank": 28,
      "id": 81620,
      "score": 0.2152,
      "status": "SeedGene"
    },
    "DSP": {
      "rank": 29,
      "id": 1832,
      "score": 0.2124,
      "status": "SeedGene"
    },
    "JUP": {
      "rank": 30,
      "id": 3728,
      "score": 0.2074,
      "status": "SeedGene"
    },
    "DHCR7": {
      "rank": 31,
      "id": 1717,
      "score": 0.2046,
      "status": "SeedGene"
    },
    "PDE4D": {
      "rank": 32,
      "id": 5144,
      "score": 0.2037,
      "status": "SeedGene"
    },
    "TCIRG1": {
      "rank": 33,
      "id": 10312,
      "score": 0.1908,
      "status": "SeedGene"
    },
    "SMC1A": {
      "rank": 34,
      "id": 8243,
      "score": 0.1865,
      "status": "SeedGene"
    },
    "KDM6A": {
      "rank": 35,
      "id": 7403,
      "score": 0.186,
      "status": "SeedGene"
    },
    "PIK3R1": {
      "rank": 36,
      "id": 5295,
      "score": 0.1859,
      "status": "SeedGene"
    },
    "FGFR1": {
      "rank": 37,
      "id": 2260,
      "score": 0.1849,
      "status": "SeedGene"
    },
    "ATP6V0A2": {
      "rank": 38,
      "id": 23545,
      "score": 0.1809,
      "status": "SeedGene"
    },
    "POLR3A": {
      "rank": 39,
      "id": 11128,
      "score": 0.1792,
      "status": "SeedGene"
    },
    "SMC3": {
      "rank": 40,
      "id": 9126,
      "score": 0.1777,
      "status": "SeedGene"
    },
    "ATP6V1B2": {
      "rank": 41,
      "id": 526,
      "score": 0.1727,
      "status": "SeedGene"
    },
    "RAD21": {
      "rank": 42,
      "id": 5885,
      "score": 0.1703,
      "status": "SeedGene"
    },
    "INTU": {
      "rank": 43,
      "id": 27152,
      "score": 0.1675,
      "status": "SeedGene"
    },
    "WDR19": {
      "rank": 44,
      "id": 57728,
      "score": 0.1672,
      "status": "SeedGene"
    },
    "SMARCA4": {
      "rank": 45,
      "id": 6597,
      "score": 0.165,
      "status": "SeedGene"
    },
    "SEC23A": {
      "rank": 46,
      "id": 10484,
      "score": 0.165,
      "status": "SeedGene"
    },
    "GNAS": {
      "rank": 47,
      "id": 2778,
      "score": 0.1644,
      "status": "SeedGene"
    },
    "WDR35": {
      "rank": 48,
      "id": 57539,
      "score": 0.1626,
      "status": "SeedGene"
    },
    "IFT122": {
      "rank": 49,
      "id": 55764,
      "score": 0.1624,
      "status": "SeedGene"
    },
    "ROR2": {
      "rank": 50,
      "id": 4920,
      "score": 0.1596,
      "status": "SeedGene"
    },
    "FAM20C": {
      "rank": 51,
      "id": 56975,
      "score": 0.1568,
      "status": "SeedGene"
    },
    "EP300": {
      "rank": 52,
      "id": 2033,
      "score": 0.1564,
      "status": "SeedGene"
    },
    "CREBBP": {
      "rank": 53,
      "id": 1387,
      "score": 0.1555,
      "status": "SeedGene"
    },
    "WNT10A": {
      "rank": 54,
      "id": 80326,
      "score": 0.1552,
      "status": "SeedGene"
    },
    "BCL11B": {
      "rank": 55,
      "id": 64919,
      "score": 0.1544,
      "status": "SeedGene"
    },
    "NIPBL": {
      "rank": 56,
      "id": 25836,
      "score": 0.1531,
      "status": "SeedGene"
    },
    "RAF1": {
      "rank": 57,
      "id": 5894,
      "score": 0.1512,
      "status": "SeedGene"
    },
    "TGFB1": {
      "rank": 58,
      "id": 7040,
      "score": 0.1502,
      "status": "SeedGene"
    },
    "KRT17": {
      "rank": 59,
      "id": 3872,
      "score": 0.1497,
      "status": "SeedGene"
    },
    "CHD7": {
      "rank": 60,
      "id": 55636,
      "score": 0.1489,
      "status": "SeedGene"
    },
    "PTEN": {
      "rank": 61,
      "id": 5728,
      "score": 0.1486,
      "status": "SeedGene"
    },
    "AKT1": {
      "rank": 62,
      "id": 207,
      "score": 0.1469,
      "status": "SeedGene"
    },
    "PRKACA": {
      "rank": 63,
      "id": 5566,
      "score": 0.1464,
      "status": "SeedGene"
    },
    "GJB6": {
      "rank": 64,
      "id": 10804,
      "score": 0.1452,
      "status": "SeedGene"
    },
    "RAI1": {
      "rank": 65,
      "id": 10743,
      "score": 0.1451,
      "status": "SeedGene"
    },
    "PORCN": {
      "rank": 66,
      "id": 64840,
      "score": 0.1445,
      "status": "SeedGene"
    },
    "BRAF": {
      "rank": 67,
      "id": 673,
      "score": 0.1425,
      "status": "SeedGene"
    },
    "RUNX2": {
      "rank": 68,
      "id": 860,
      "score": 0.1422,
      "status": "SeedGene"
    },
    "EDA": {
      "rank": 69,
      "id": 1896,
      "score": 0.142,
      "status": "SeedGene"
    },
    "C2CD3": {
      "rank": 70,
      "id": 26005,
      "score": 0.1414,
      "status": "SeedGene"
    },
    "SMAD4": {
      "rank": 71,
      "id": 4089,
      "score": 0.1406,
      "status": "SeedGene"
    },
    "TP53": {
      "rank": 72,
      "id": 7157,
      "score": 0.1385,
      "status": "SeedGene"
    },
    "ORAI1": {
      "rank": 73,
      "id": 84876,
      "score": 0.1369,
      "status": "SeedGene"
    },
    "KRT85": {
      "rank": 74,
      "id": 3891,
      "score": 0.136,
      "status": "SeedGene"
    },
    "PKP1": {
      "rank": 75,
      "id": 5317,
      "score": 0.1359,
      "status": "SeedGene"
    },
    "CEP290": {
      "rank": 76,
      "id": 80184,
      "score": 0.1359,
      "status": "SeedGene"
    },
    "KRAS": {
      "rank": 77,
      "id": 3845,
      "score": 0.1353,
      "status": "SeedGene"
    },
    "ARID1B": {
      "rank": 78,
      "id": 57492,
      "score": 0.1348,
      "status": "SeedGene"
    },
    "MYC": {
      "rank": 79,
      "id": 4609,
      "score": 0.134,
      "status": "Predicted"
    },
    "SPECC1L": {
      "rank": 80,
      "id": 23384,
      "score": 0.1334,
      "status": "SeedGene"
    },
    "TNFSF11": {
      "rank": 81,
      "id": 8600,
      "score": 0.1327,
      "status": "SeedGene"
    },
    "INSR": {
      "rank": 82,
      "id": 3643,
      "score": 0.1326,
      "status": "SeedGene"
    },
    "SMARCB1": {
      "rank": 83,
      "id": 6598,
      "score": 0.1326,
      "status": "SeedGene"
    },
    "CEP120": {
      "rank": 84,
      "id": 153241,
      "score": 0.1325,
      "status": "SeedGene"
    },
    "SLC26A4": {
      "rank": 85,
      "id": 5172,
      "score": 0.1317,
      "status": "SeedGene"
    },
    "PTCH1": {
      "rank": 86,
      "id": 5727,
      "score": 0.1308,
      "status": "SeedGene"
    },
    "NEK1": {
      "rank": 87,
      "id": 4750,
      "score": 0.1302,
      "status": "SeedGene"
    },
    "AMER1": {
      "rank": 88,
      "id": 139285,
      "score": 0.13,
      "status": "SeedGene"
    },
    "ATRX": {
      "rank": 89,
      "id": 546,
      "score": 0.1291,
      "status": "SeedGene"
    },
    "TWIST2": {
      "rank": 90,
      "id": 117581,
      "score": 0.129,
      "status": "SeedGene"
    },
    "MMP2": {
      "rank": 91,
      "id": 4313,
      "score": 0.1277,
      "status": "SeedGene"
    },
    "KAT6B": {
      "rank": 92,
      "id": 23522,
      "score": 0.1277,
      "status": "SeedGene"
    },
    "KDF1": {
      "rank": 93,
      "id": 126695,
      "score": 0.1275,
      "status": "SeedGene"
    },
    "CILK1": {
      "rank": 94,
      "id": 22858,
      "score": 0.1275,
      "status": "SeedGene"
    },
    "CLCN7": {
      "rank": 95,
      "id": 1186,
      "score": 0.1273,
      "status": "SeedGene"
    },
    "PIK3CA": {
      "rank": 96,
      "id": 5290,
      "score": 0.127,
      "status": "SeedGene"
    },
    "EDAR": {
      "rank": 97,
      "id": 10913,
      "score": 0.1262,
      "status": "SeedGene"
    },
    "AKT2": {
      "rank": 98,
      "id": 208,
      "score": 0.1261,
      "status": "SeedGene"
    },
    "CDH1": {
      "rank": 99,
      "id": 999,
      "score": 0.1257,
      "status": "SeedGene"
    },
    "OFD1": {
      "rank": 100,
      "id": 8481,
      "score": 0.1251,
      "status": "SeedGene"
    }
  }
}