{
  "query": {
    "HP:0000483": {
      "id": "HP:0000483",
      "status": "ok",
      "target": [
        "HP:0000483"
      ]
    },
    "HP:0001263": {
      "id": "HP:0001263",
      "status": "ok",
      "target": [
        "HP:0001263"
      ]
    },
    "HP:0000565": {
      "id": "HP:0000565",
      "status": "ok",
      "target": [
        "HP:0000565"
      ]
    },
    "HP:0001276": {
      "id": "HP:0001276",
      "status": "ok",
      "target": [
        "HP:0001276"
      ]
    },
    "HP:0001252": {
      "id": "HP:0001252",
      "status": "ok",
      "target": [
        "HP:0001252"
      ]
    },
    "HP:0002415": {
      "id": "HP:0002415",
      "status": "ok",
      "target": [
        "HP:0002415"
      ]
    },
    "HP:0000545": {
      "id": "HP:0000545",
      "status": "ok",
      "target": [
        "HP:0000545"
      ]
    },
    "HP:0000648": {
      "id": "HP:0000648",
      "status": "ok",
      "target": [
        "HP:0000648"
      ]
    },
    "HP:0001290": {
      "id": "HP:0001290",
      "status": "ok",
      "target": [
        "HP:0001290"
      ]
    },
    "HP:0002500": {
      "id": "HP:0002500",
      "status": "ok",
      "target": [
        "HP:0002500"
      ]
    }
  },
  "response": {
    "COL11A1": {
      "rank": 1,
      "id": 1301,
      "score": 1.0,
      "status": "SeedGene"
    },
    "TCF4": {
      "rank": 2,
      "id": 6925,
      "score": 0.8478,
      "status": "SeedGene"
    },
    "ZEB2": {
      "rank": 3,
      "id": 9839,
      "score": 0.8039,
      "status": "SeedGene"
    },
    "CEP290": {
      "rank": 4,
      "id": 80184,
      "score": 0.7801,
      "status": "SeedGene"
    },
    "FA2H": {
      "rank": 5,
      "id": 79152,
      "score": 0.7431,
      "status": "SeedGene"
    },
    "SLC16A2": {
      "rank": 6,
      "id": 6567,
      "score": 0.7291,
      "status": "SeedGene"
    },
    "CHMP1A": {
      "rank": 7,
      "id": 5119,
      "score": 0.7096,
      "status": "SeedGene"
    },
    "PLP1": {
      "rank": 8,
      "id": 5354,
      "score": 0.6787,
      "status": "SeedGene"
    },
    "SMARCA4": {
      "rank": 9,
      "id": 6597,
      "score": 0.6608,
      "status": "SeedGene"
    },
    "ARID1B": {
      "rank": 10,
      "id": 57492,
      "score": 0.6582,
      "status": "SeedGene"
    },
    "ACOX1": {
      "rank": 11,
      "id": 51,
      "score": 0.6541,
      "status": "SeedGene"
    },
    "COL4A1": {
      "rank": 12,
      "id": 1282,
      "score": 0.6,
      "status": "SeedGene"
    },
    "KIF7": {
      "rank": 13,
      "id": 374654,
      "score": 0.5764,
      "status": "SeedGene"
    },
    "COL9A2": {
      "rank": 14,
      "id": 1298,
      "score": 0.5762,
      "status": "SeedGene"
    },
    "COL9A1": {
      "rank": 15,
      "id": 1297,
      "score": 0.5747,
      "status": "SeedGene"
    },
    "MKS1": {
      "rank": 16,
      "id": 54903,
      "score": 0.5677,
      "status": "SeedGene"
    },
    "ARID1A": {
      "rank": 17,
      "id": 8289,
      "score": 0.5554,
      "status": "SeedGene"
    },
    "POMT2": {
      "rank": 18,
      "id": 29954,
      "score": 0.5477,
      "status": "SeedGene"
    },
    "POMT1": {
      "rank": 19,
      "id": 10585,
      "score": 0.5477,
      "status": "SeedGene"
    },
    "COL9A3": {
      "rank": 20,
      "id": 1299,
      "score": 0.5456,
      "status": "SeedGene"
    },
    "KRAS": {
      "rank": 21,
      "id": 3845,
      "score": 0.5437,
      "status": "SeedGene"
    },
    "SMARCB1": {
      "rank": 22,
      "id": 6598,
      "score": 0.5359,
      "status": "SeedGene"
    },
    "SMARCE1": {
      "rank": 23,
      "id": 6605,
      "score": 0.5339,
      "status": "SeedGene"
    },
    "ARHGAP31": {
      "rank": 24,
      "id": 57514,
      "score": 0.5238,
      "status": "SeedGene"
    },
    "PTEN": {
      "rank": 25,
      "id": 5728,
      "score": 0.5122,
      "status": "SeedGene"
    },
    "TTC8": {
      "rank": 26,
      "id": 123016,
      "score": 0.5078,
      "status": "SeedGene"
    },
    "RBPJ": {
      "rank": 27,
      "id": 3516,
      "score": 0.5034,
      "status": "SeedGene"
    },
    "COL2A1": {
      "rank": 28,
      "id": 1280,
      "score": 0.4993,
      "status": "SeedGene"
    },
    "RAI1": {
      "rank": 29,
      "id": 10743,
      "score": 0.4981,
      "status": "SeedGene"
    },
    "ERCC2": {
      "rank": 30,
      "id": 2068,
      "score": 0.4943,
      "status": "SeedGene"
    },
    "ARL6": {
      "rank": 31,
      "id": 84100,
      "score": 0.4943,
      "status": "SeedGene"
    },
    "SDCCAG8": {
      "rank": 32,
      "id": 10806,
      "score": 0.494,
      "status": "SeedGene"
    },
    "EDNRB": {
      "rank": 33,
      "id": 1910,
      "score": 0.4936,
      "status": "SeedGene"
    },
    "POMGNT1": {
      "rank": 34,
      "id": 55624,
      "score": 0.4896,
      "status": "SeedGene"
    },
    "BBS1": {
      "rank": 35,
      "id": 582,
      "score": 0.4882,
      "status": "SeedGene"
    },
    "TRIM32": {
      "rank": 36,
      "id": 22954,
      "score": 0.483,
      "status": "SeedGene"
    },
    "LRP2": {
      "rank": 37,
      "id": 4036,
      "score": 0.4803,
      "status": "SeedGene"
    },
    "PDHA1": {
      "rank": 38,
      "id": 5160,
      "score": 0.4759,
      "status": "SeedGene"
    },
    "SLC25A19": {
      "rank": 39,
      "id": 60386,
      "score": 0.4749,
      "status": "SeedGene"
    },
    "B3GALNT2": {
      "rank": 40,
      "id": 148789,
      "score": 0.4738,
      "status": "SeedGene"
    },
    "BRAF": {
      "rank": 41,
      "id": 673,
      "score": 0.4715,
      "status": "SeedGene"
    },
    "SURF1": {
      "rank": 42,
      "id": 6834,
      "score": 0.456,
      "status": "SeedGene"
    },
    "DAG1": {
      "rank": 43,
      "id": 1605,
      "score": 0.4521,
      "status": "SeedGene"
    },
    "FKTN": {
      "rank": 44,
      "id": 2218,
      "score": 0.4486,
      "status": "SeedGene"
    },
    "EP300": {
      "rank": 45,
      "id": 2033,
      "score": 0.4374,
      "status": "SeedGene"
    },
    "FKRP": {
      "rank": 46,
      "id": 79147,
      "score": 0.4351,
      "status": "SeedGene"
    },
    "AP3B1": {
      "rank": 47,
      "id": 8546,
      "score": 0.4346,
      "status": "SeedGene"
    },
    "MKKS": {
      "rank": 48,
      "id": 8195,
      "score": 0.4324,
      "status": "SeedGene"
    },
    "BBS4": {
      "rank": 49,
      "id": 585,
      "score": 0.4309,
      "status": "SeedGene"
    },
    "BBS12": {
      "rank": 50,
      "id": 166379,
      "score": 0.4278,
      "status": "SeedGene"
    },
    "BBS10": {
      "rank": 51,
      "id": 79738,
      "score": 0.4278,
      "status": "SeedGene"
    },
    "MAP2K1": {
      "rank": 52,
      "id": 5604,
      "score": 0.4256,
      "status": "SeedGene"
    },
    "NDUFA2": {
      "rank": 53,
      "id": 4695,
      "score": 0.4252,
      "status": "SeedGene"
    },
    "NDUFS1": {
      "rank": 54,
      "id": 4719,
      "score": 0.4246,
      "status": "SeedGene"
    },
    "NDUFS8": {
      "rank": 55,
      "id": 4728,
      "score": 0.4246,
      "status": "SeedGene"
    },
    "NDUFS7": {
      "rank": 56,
      "id": 374291,
      "score": 0.4242,
      "status": "SeedGene"
    },
    "NDUFV1": {
      "rank": 57,
      "id": 4723,
      "score": 0.4242,
      "status": "SeedGene"
    },
    "NDUFS3": {
      "rank": 58,
      "id": 4722,
      "score": 0.4242,
      "status": "SeedGene"
    },
    "NDUFS4": {
      "rank": 59,
      "id": 4724,
      "score": 0.4242,
      "status": "SeedGene"
    },
    "NDUFA10": {
      "rank": 60,
      "id": 4705,
      "score": 0.4242,
      "status": "SeedGene"
    },
    "PIK3CA": {
      "rank": 61,
      "id": 5290,
      "score": 0.4236,
      "status": "SeedGene"
    },
    "OFD1": {
      "rank": 62,
      "id": 8481,
      "score": 0.4235,
      "status": "SeedGene"
    },
    "GBA": {
      "rank": 63,
      "id": 2629,
      "score": 0.4233,
      "status": "SeedGene"
    },
    "BBS2": {
      "rank": 64,
      "id": 583,
      "score": 0.4229,
      "status": "SeedGene"
    },
    "AKT1": {
      "rank": 65,
      "id": 207,
      "score": 0.4226,
      "status": "SeedGene"
    },
    "ARSA": {
      "rank": 66,
      "id": 410,
      "score": 0.422,
      "status": "SeedGene"
    },
    "COX10": {
      "rank": 67,
      "id": 1352,
      "score": 0.42,
      "status": "SeedGene"
    },
    "LZTFL1": {
      "rank": 68,
      "id": 54585,
      "score": 0.4147,
      "status": "SeedGene"
    },
    "SOST": {
      "rank": 69,
      "id": 50964,
      "score": 0.4135,
      "status": "SeedGene"
    },
    "PAFAH1B1": {
      "rank": 70,
      "id": 5048,
      "score": 0.4103,
      "status": "SeedGene"
    },
    "BBS7": {
      "rank": 71,
      "id": 55212,
      "score": 0.4099,
      "status": "SeedGene"
    },
    "BBS9": {
      "rank": 72,
      "id": 27241,
      "score": 0.4099,
      "status": "SeedGene"
    },
    "BBS5": {
      "rank": 73,
      "id": 129880,
      "score": 0.4099,
      "status": "SeedGene"
    },
    "CREBBP": {
      "rank": 74,
      "id": 1387,
      "score": 0.4089,
      "status": "SeedGene"
    },
    "WDPCP": {
      "rank": 75,
      "id": 51057,
      "score": 0.4074,
      "status": "SeedGene"
    },
    "COX15": {
      "rank": 76,
      "id": 1355,
      "score": 0.4015,
      "status": "SeedGene"
    },
    "ASPA": {
      "rank": 77,
      "id": 443,
      "score": 0.3992,
      "status": "SeedGene"
    },
    "MAP2K2": {
      "rank": 78,
      "id": 5605,
      "score": 0.3986,
      "status": "SeedGene"
    },
    "CDH1": {
      "rank": 79,
      "id": 999,
      "score": 0.3975,
      "status": "Predicted"
    },
    "GMPPB": {
      "rank": 80,
      "id": 29925,
      "score": 0.3966,
      "status": "SeedGene"
    },
    "PRPS1": {
      "rank": 81,
      "id": 5631,
      "score": 0.3916,
      "status": "SeedGene"
    },
    "TYR": {
      "rank": 82,
      "id": 7299,
      "score": 0.3892,
      "status": "SeedGene"
    },
    "SDHA": {
      "rank": 83,
      "id": 6389,
      "score": 0.387,
      "status": "SeedGene"
    },
    "SCO2": {
      "rank": 84,
      "id": 9997,
      "score": 0.3865,
      "status": "SeedGene"
    },
    "DOCK6": {
      "rank": 85,
      "id": 57572,
      "score": 0.3851,
      "status": "SeedGene"
    },
    "FH": {
      "rank": 86,
      "id": 2271,
      "score": 0.3846,
      "status": "SeedGene"
    },
    "PRKACA": {
      "rank": 87,
      "id": 5566,
      "score": 0.3753,
      "status": "Predicted"
    },
    "HDAC8": {
      "rank": 88,
      "id": 55869,
      "score": 0.3736,
      "status": "SeedGene"
    },
    "PEX1": {
      "rank": 89,
      "id": 5189,
      "score": 0.3727,
      "status": "SeedGene"
    },
    "PEX5": {
      "rank": 90,
      "id": 5830,
      "score": 0.3719,
      "status": "SeedGene"
    },
    "TP53": {
      "rank": 91,
      "id": 7157,
      "score": 0.3717,
      "status": "SeedGene"
    },
    "RAF1": {
      "rank": 92,
      "id": 5894,
      "score": 0.369,
      "status": "SeedGene"
    },
    "IMPDH1": {
      "rank": 93,
      "id": 3614,
      "score": 0.3672,
      "status": "SeedGene"
    },
    "DDOST": {
      "rank": 94,
      "id": 1650,
      "score": 0.3667,
      "status": "SeedGene"
    },
    "HSPG2": {
      "rank": 95,
      "id": 3339,
      "score": 0.3659,
      "status": "SeedGene"
    },
    "CALM2": {
      "rank": 96,
      "id": 805,
      "score": 0.3656,
      "status": "Predicted"
    },
    "APC": {
      "rank": 97,
      "id": 324,
      "score": 0.3654,
      "status": "SeedGene"
    },
    "NRAS": {
      "rank": 98,
      "id": 4893,
      "score": 0.3638,
      "status": "SeedGene"
    },
    "PIK3R1": {
      "rank": 99,
      "id": 5295,
      "score": 0.3632,
      "status": "SeedGene"
    },
    "CLRN1": {
      "rank": 100,
      "id": 7401,
      "score": 0.3631,
      "status": "SeedGene"
    }
  }
}