{
  "query": {
    "HP:0000483": {
      "id": "HP:0000483",
      "status": "ok",
      "target": [
        "HP:0000483"
      ]
    },
    "HP:0001251": {
      "id": "HP:0001251",
      "status": "ok",
      "target": [
        "HP:0001251"
      ]
    },
    "HP:0000009": {
      "id": "HP:0000009",
      "status": "ok",
      "target": [
        "HP:0000009"
      ]
    },
    "HP:0012444": {
      "id": "HP:0012444",
      "status": "ok",
      "target": [
        "HP:0012444"
      ]
    },
    "HP:0002363": {
      "id": "HP:0002363",
      "status": "ok",
      "target": [
        "HP:0002363"
      ]
    },
    "HP:0100543": {
      "id": "HP:0100543",
      "status": "ok",
      "target": [
        "HP:0100543"
      ]
    },
    "HP:0000551": {
      "id": "HP:0000551",
      "status": "ok",
      "target": [
        "HP:0000551"
      ]
    },
    "HP:0002283": {
      "id": "HP:0002283",
      "status": "ok",
      "target": [
        "HP:0002283"
      ]
    },
    "HP:0011096": {
      "id": "HP:0011096",
      "status": "ok",
      "target": [
        "HP:0011096"
      ]
    },
    "HP:0001263": {
      "id": "HP:0001263",
      "status": "ok",
      "target": [
        "HP:0001263"
      ]
    },
    "HP:0003469": {
      "id": "HP:0003469",
      "status": "ok",
      "target": [
        "HP:0003469"
      ]
    },
    "HP:0000648": {
      "id": "HP:0000648",
      "status": "ok",
      "target": [
        "HP:0000648"
      ]
    },
    "HP:0007256": {
      "id": "HP:0007256",
      "status": "ok",
      "target": [
        "HP:0007256"
      ]
    },
    "HP:0002273": {
      "id": "HP:0002273",
      "status": "ok",
      "target": [
        "HP:0002273"
      ]
    },
    "HP:0001257": {
      "id": "HP:0001257",
      "status": "ok",
      "target": [
        "HP:0001257"
      ]
    }
  },
  "response": {
    "PRNP": {
      "rank": 1,
      "id": 5621,
      "score": 1.0,
      "status": "SeedGene"
    },
    "GBE1": {
      "rank": 2,
      "id": 2632,
      "score": 0.9986,
      "status": "SeedGene"
    },
    "PNP": {
      "rank": 3,
      "id": 4860,
      "score": 0.926,
      "status": "SeedGene"
    },
    "GJA1": {
      "rank": 4,
      "id": 2697,
      "score": 0.8773,
      "status": "SeedGene"
    },
    "ST3GAL5": {
      "rank": 5,
      "id": 8869,
      "score": 0.8733,
      "status": "SeedGene"
    },
    "ARSA": {
      "rank": 6,
      "id": 410,
      "score": 0.7681,
      "status": "SeedGene"
    },
    "ERCC6": {
      "rank": 7,
      "id": 2074,
      "score": 0.7564,
      "status": "SeedGene"
    },
    "ERCC8": {
      "rank": 8,
      "id": 1161,
      "score": 0.7154,
      "status": "SeedGene"
    },
    "PRPS1": {
      "rank": 9,
      "id": 5631,
      "score": 0.6166,
      "status": "SeedGene"
    },
    "CEP290": {
      "rank": 10,
      "id": 80184,
      "score": 0.6035,
      "status": "SeedGene"
    },
    "VCP": {
      "rank": 11,
      "id": 7415,
      "score": 0.6026,
      "status": "SeedGene"
    },
    "FA2H": {
      "rank": 12,
      "id": 79152,
      "score": 0.5851,
      "status": "SeedGene"
    },
    "SURF1": {
      "rank": 13,
      "id": 6834,
      "score": 0.5649,
      "status": "SeedGene"
    },
    "GALC": {
      "rank": 14,
      "id": 2581,
      "score": 0.5544,
      "status": "SeedGene"
    },
    "CTDP1": {
      "rank": 15,
      "id": 9150,
      "score": 0.5522,
      "status": "SeedGene"
    },
    "SUMF1": {
      "rank": 16,
      "id": 285362,
      "score": 0.5501,
      "status": "SeedGene"
    },
    "FGFR3": {
      "rank": 17,
      "id": 2261,
      "score": 0.5337,
      "status": "SeedGene"
    },
    "PSAP": {
      "rank": 18,
      "id": 5660,
      "score": 0.5129,
      "status": "SeedGene"
    },
    "INPP5E": {
      "rank": 19,
      "id": 56623,
      "score": 0.5031,
      "status": "SeedGene"
    },
    "NDUFS3": {
      "rank": 20,
      "id": 4722,
      "score": 0.4956,
      "status": "SeedGene"
    },
    "SQSTM1": {
      "rank": 21,
      "id": 8878,
      "score": 0.4914,
      "status": "SeedGene"
    },
    "KIF7": {
      "rank": 22,
      "id": 374654,
      "score": 0.478,
      "status": "SeedGene"
    },
    "TMEM237": {
      "rank": 23,
      "id": 65062,
      "score": 0.4756,
      "status": "SeedGene"
    },
    "FUS": {
      "rank": 24,
      "id": 2521,
      "score": 0.4462,
      "status": "SeedGene"
    },
    "SLC19A3": {
      "rank": 25,
      "id": 80704,
      "score": 0.4427,
      "status": "SeedGene"
    },
    "TBK1": {
      "rank": 26,
      "id": 29110,
      "score": 0.4425,
      "status": "SeedGene"
    },
    "PAFAH1B1": {
      "rank": 27,
      "id": 5048,
      "score": 0.4386,
      "status": "SeedGene"
    },
    "C9ORF72": {
      "rank": 28,
      "id": 203228,
      "score": 0.4373,
      "status": "SeedGene"
    },
    "SCO2": {
      "rank": 29,
      "id": 9997,
      "score": 0.4355,
      "status": "SeedGene"
    },
    "COL4A1": {
      "rank": 30,
      "id": 1282,
      "score": 0.4329,
      "status": "SeedGene"
    },
    "PLA2G6": {
      "rank": 31,
      "id": 8398,
      "score": 0.4312,
      "status": "SeedGene"
    },
    "FGD4": {
      "rank": 32,
      "id": 121512,
      "score": 0.4307,
      "status": "SeedGene"
    },
    "EGR2": {
      "rank": 33,
      "id": 1959,
      "score": 0.429,
      "status": "SeedGene"
    },
    "NDUFS2": {
      "rank": 34,
      "id": 4720,
      "score": 0.4283,
      "status": "SeedGene"
    },
    "NUP62": {
      "rank": 35,
      "id": 23636,
      "score": 0.4265,
      "status": "SeedGene"
    },
    "CHCHD10": {
      "rank": 36,
      "id": 400916,
      "score": 0.4261,
      "status": "SeedGene"
    },
    "GUCA1A": {
      "rank": 37,
      "id": 2978,
      "score": 0.4247,
      "status": "SeedGene"
    },
    "RPGRIP1L": {
      "rank": 38,
      "id": 23322,
      "score": 0.4246,
      "status": "SeedGene"
    },
    "MPZ": {
      "rank": 39,
      "id": 4359,
      "score": 0.4166,
      "status": "SeedGene"
    },
    "GCDH": {
      "rank": 40,
      "id": 2639,
      "score": 0.4141,
      "status": "SeedGene"
    },
    "NDUFB8": {
      "rank": 41,
      "id": 4714,
      "score": 0.4095,
      "status": "SeedGene"
    },
    "TARDBP": {
      "rank": 42,
      "id": 23435,
      "score": 0.4065,
      "status": "SeedGene"
    },
    "CYP27A1": {
      "rank": 43,
      "id": 1593,
      "score": 0.4023,
      "status": "SeedGene"
    },
    "GNAT2": {
      "rank": 44,
      "id": 2780,
      "score": 0.4017,
      "status": "SeedGene"
    },
    "TMEM67": {
      "rank": 45,
      "id": 91147,
      "score": 0.3973,
      "status": "SeedGene"
    },
    "TCF4": {
      "rank": 46,
      "id": 6925,
      "score": 0.3959,
      "status": "SeedGene"
    },
    "NDRG1": {
      "rank": 47,
      "id": 10397,
      "score": 0.3871,
      "status": "SeedGene"
    },
    "CC2D2A": {
      "rank": 48,
      "id": 57545,
      "score": 0.3832,
      "status": "SeedGene"
    },
    "ABCA1": {
      "rank": 49,
      "id": 19,
      "score": 0.3754,
      "status": "SeedGene"
    },
    "SBF2": {
      "rank": 50,
      "id": 81846,
      "score": 0.3728,
      "status": "SeedGene"
    },
    "TMEM216": {
      "rank": 51,
      "id": 51259,
      "score": 0.3725,
      "status": "SeedGene"
    },
    "OFD1": {
      "rank": 52,
      "id": 8481,
      "score": 0.3718,
      "status": "SeedGene"
    },
    "CEP41": {
      "rank": 53,
      "id": 95681,
      "score": 0.3623,
      "status": "SeedGene"
    },
    "LMNB1": {
      "rank": 54,
      "id": 4001,
      "score": 0.3606,
      "status": "SeedGene"
    },
    "MTTP": {
      "rank": 55,
      "id": 4547,
      "score": 0.3603,
      "status": "SeedGene"
    },
    "AAAS": {
      "rank": 56,
      "id": 8086,
      "score": 0.3596,
      "status": "SeedGene"
    },
    "ALG13": {
      "rank": 57,
      "id": 79868,
      "score": 0.3566,
      "status": "SeedGene"
    },
    "SH3TC2": {
      "rank": 58,
      "id": 79628,
      "score": 0.3555,
      "status": "SeedGene"
    },
    "NDUFS1": {
      "rank": 59,
      "id": 4719,
      "score": 0.348,
      "status": "SeedGene"
    },
    "EP300": {
      "rank": 60,
      "id": 2033,
      "score": 0.3474,
      "status": "SeedGene"
    },
    "AKT1": {
      "rank": 61,
      "id": 207,
      "score": 0.3462,
      "status": "SeedGene"
    },
    "TTR": {
      "rank": 62,
      "id": 7276,
      "score": 0.3425,
      "status": "SeedGene"
    },
    "NDUFS7": {
      "rank": 63,
      "id": 374291,
      "score": 0.3418,
      "status": "SeedGene"
    },
    "NDUFS4": {
      "rank": 64,
      "id": 4724,
      "score": 0.3418,
      "status": "SeedGene"
    },
    "ABCD1": {
      "rank": 65,
      "id": 215,
      "score": 0.3414,
      "status": "SeedGene"
    },
    "PANK2": {
      "rank": 66,
      "id": 80025,
      "score": 0.3411,
      "status": "SeedGene"
    },
    "COX10": {
      "rank": 67,
      "id": 1352,
      "score": 0.3392,
      "status": "SeedGene"
    },
    "UCHL1": {
      "rank": 68,
      "id": 7345,
      "score": 0.3385,
      "status": "SeedGene"
    },
    "KRAS": {
      "rank": 69,
      "id": 3845,
      "score": 0.3384,
      "status": "SeedGene"
    },
    "PRX": {
      "rank": 70,
      "id": 57716,
      "score": 0.3382,
      "status": "SeedGene"
    },
    "SMARCA4": {
      "rank": 71,
      "id": 6597,
      "score": 0.3373,
      "status": "SeedGene"
    },
    "ADAR": {
      "rank": 72,
      "id": 103,
      "score": 0.3356,
      "status": "SeedGene"
    },
    "SLC2A1": {
      "rank": 73,
      "id": 6513,
      "score": 0.335,
      "status": "SeedGene"
    },
    "ALG9": {
      "rank": 74,
      "id": 79796,
      "score": 0.335,
      "status": "SeedGene"
    },
    "UBB": {
      "rank": 75,
      "id": 7314,
      "score": 0.3326,
      "status": "Predicted"
    },
    "SLC16A2": {
      "rank": 76,
      "id": 6567,
      "score": 0.3322,
      "status": "SeedGene"
    },
    "PIK3CA": {
      "rank": 77,
      "id": 5290,
      "score": 0.3302,
      "status": "SeedGene"
    },
    "NDUFAF3": {
      "rank": 78,
      "id": 25915,
      "score": 0.3297,
      "status": "SeedGene"
    },
    "NDUFV1": {
      "rank": 79,
      "id": 4723,
      "score": 0.3283,
      "status": "SeedGene"
    },
    "CALM2": {
      "rank": 80,
      "id": 805,
      "score": 0.3269,
      "status": "Predicted"
    },
    "AIMP1": {
      "rank": 81,
      "id": 9255,
      "score": 0.3266,
      "status": "SeedGene"
    },
    "CALM1": {
      "rank": 82,
      "id": 801,
      "score": 0.326,
      "status": "Predicted"
    },
    "CALM3": {
      "rank": 83,
      "id": 808,
      "score": 0.3248,
      "status": "Predicted"
    },
    "NDUFS8": {
      "rank": 84,
      "id": 4728,
      "score": 0.3226,
      "status": "SeedGene"
    },
    "UBA52": {
      "rank": 85,
      "id": 7311,
      "score": 0.3222,
      "status": "Predicted"
    },
    "ERCC2": {
      "rank": 86,
      "id": 2068,
      "score": 0.3221,
      "status": "SeedGene"
    },
    "RPS27A": {
      "rank": 87,
      "id": 6233,
      "score": 0.3217,
      "status": "Predicted"
    },
    "PRKACA": {
      "rank": 88,
      "id": 5566,
      "score": 0.3212,
      "status": "Predicted"
    },
    "TBP": {
      "rank": 89,
      "id": 6908,
      "score": 0.3193,
      "status": "SeedGene"
    },
    "MKS1": {
      "rank": 90,
      "id": 54903,
      "score": 0.319,
      "status": "SeedGene"
    },
    "UBC": {
      "rank": 91,
      "id": 7316,
      "score": 0.3186,
      "status": "Predicted"
    },
    "TP53": {
      "rank": 92,
      "id": 7157,
      "score": 0.3164,
      "status": "SeedGene"
    },
    "CREBBP": {
      "rank": 93,
      "id": 1387,
      "score": 0.3154,
      "status": "SeedGene"
    },
    "PDHA1": {
      "rank": 94,
      "id": 5160,
      "score": 0.3153,
      "status": "SeedGene"
    },
    "TIMM8A": {
      "rank": 95,
      "id": 1678,
      "score": 0.312,
      "status": "SeedGene"
    },
    "CNGB3": {
      "rank": 96,
      "id": 54714,
      "score": 0.3114,
      "status": "SeedGene"
    },
    "HOXA1": {
      "rank": 97,
      "id": 3198,
      "score": 0.3082,
      "status": "SeedGene"
    },
    "SARDH": {
      "rank": 98,
      "id": 1757,
      "score": 0.3079,
      "status": "SeedGene"
    },
    "PSMB8": {
      "rank": 99,
      "id": 5696,
      "score": 0.3078,
      "status": "SeedGene"
    },
    "TGFB1": {
      "rank": 100,
      "id": 7040,
      "score": 0.3076,
      "status": "SeedGene"
    }
  }
}