{
  "query": {
    "HP:0011157": {
      "id": "HP:0011157",
      "status": "ok",
      "target": [
        "HP:0011157"
      ]
    },
    "HP:0001510": {
      "id": "HP:0001510",
      "status": "ok",
      "target": [
        "HP:0001510"
      ]
    },
    "HP:0001328": {
      "id": "HP:0001328",
      "status": "ok",
      "target": [
        "HP:0001328"
      ]
    },
    "HP:0001250": {
      "id": "HP:0001250",
      "status": "ok",
      "target": [
        "HP:0001250"
      ]
    }
  },
  "response": {
    "NHLRC1": {
      "rank": 1,
      "id": 378884,
      "score": 1.0,
      "status": "SeedGene"
    },
    "EPM2A": {
      "rank": 2,
      "id": 7957,
      "score": 0.9411,
      "status": "SeedGene"
    },
    "ELN": {
      "rank": 3,
      "id": 2006,
      "score": 0.3319,
      "status": "SeedGene"
    },
    "BLM": {
      "rank": 4,
      "id": 641,
      "score": 0.2464,
      "status": "SeedGene"
    },
    "SPRED1": {
      "rank": 5,
      "id": 161742,
      "score": 0.2121,
      "status": "SeedGene"
    },
    "MLXIPL": {
      "rank": 6,
      "id": 51085,
      "score": 0.2034,
      "status": "SeedGene"
    },
    "TSC2": {
      "rank": 7,
      "id": 7249,
      "score": 0.1942,
      "status": "SeedGene"
    },
    "PRRT2": {
      "rank": 8,
      "id": 112476,
      "score": 0.1883,
      "status": "SeedGene"
    },
    "RELN": {
      "rank": 9,
      "id": 5649,
      "score": 0.1864,
      "status": "SeedGene"
    },
    "TSC1": {
      "rank": 10,
      "id": 7248,
      "score": 0.182,
      "status": "SeedGene"
    },
    "LIMK1": {
      "rank": 11,
      "id": 3984,
      "score": 0.176,
      "status": "SeedGene"
    },
    "KCNA1": {
      "rank": 12,
      "id": 3736,
      "score": 0.1699,
      "status": "SeedGene"
    },
    "LGI1": {
      "rank": 13,
      "id": 9211,
      "score": 0.1667,
      "status": "SeedGene"
    },
    "MICAL1": {
      "rank": 14,
      "id": 64780,
      "score": 0.1565,
      "status": "SeedGene"
    },
    "CNTN2": {
      "rank": 15,
      "id": 6900,
      "score": 0.1554,
      "status": "SeedGene"
    },
    "RFC2": {
      "rank": 16,
      "id": 5982,
      "score": 0.1551,
      "status": "SeedGene"
    },
    "EIF4H": {
      "rank": 17,
      "id": 7458,
      "score": 0.1464,
      "status": "SeedGene"
    },
    "SPG11": {
      "rank": 18,
      "id": 80208,
      "score": 0.1424,
      "status": "SeedGene"
    },
    "GNPTAB": {
      "rank": 19,
      "id": 79158,
      "score": 0.1418,
      "status": "SeedGene"
    },
    "SLC2A1": {
      "rank": 20,
      "id": 6513,
      "score": 0.1418,
      "status": "SeedGene"
    },
    "KCNJ2": {
      "rank": 21,
      "id": 3759,
      "score": 0.1417,
      "status": "SeedGene"
    },
    "FKBP6": {
      "rank": 22,
      "id": 8468,
      "score": 0.1373,
      "status": "SeedGene"
    },
    "LAT2": {
      "rank": 23,
      "id": 7462,
      "score": 0.137,
      "status": "SeedGene"
    },
    "CEP290": {
      "rank": 24,
      "id": 80184,
      "score": 0.1368,
      "status": "SeedGene"
    },
    "TBX1": {
      "rank": 25,
      "id": 6899,
      "score": 0.1325,
      "status": "SeedGene"
    },
    "MYCN": {
      "rank": 26,
      "id": 4613,
      "score": 0.1278,
      "status": "SeedGene"
    },
    "FGFR3": {
      "rank": 27,
      "id": 2261,
      "score": 0.1249,
      "status": "SeedGene"
    },
    "BAZ1B": {
      "rank": 28,
      "id": 9031,
      "score": 0.1208,
      "status": "SeedGene"
    },
    "SOX2": {
      "rank": 29,
      "id": 6657,
      "score": 0.1208,
      "status": "SeedGene"
    },
    "AGL": {
      "rank": 30,
      "id": 178,
      "score": 0.1181,
      "status": "SeedGene"
    },
    "PRKAR1A": {
      "rank": 31,
      "id": 5573,
      "score": 0.1166,
      "status": "SeedGene"
    },
    "SMAD4": {
      "rank": 32,
      "id": 4089,
      "score": 0.1164,
      "status": "SeedGene"
    },
    "GTF2I": {
      "rank": 33,
      "id": 2969,
      "score": 0.1121,
      "status": "SeedGene"
    },
    "TBL2": {
      "rank": 34,
      "id": 26608,
      "score": 0.1116,
      "status": "SeedGene"
    },
    "JAG1": {
      "rank": 35,
      "id": 182,
      "score": 0.1114,
      "status": "SeedGene"
    },
    "ACTB": {
      "rank": 36,
      "id": 60,
      "score": 0.1112,
      "status": "SeedGene"
    },
    "GTF2IRD1": {
      "rank": 37,
      "id": 9569,
      "score": 0.1105,
      "status": "SeedGene"
    },
    "MAP2K2": {
      "rank": 38,
      "id": 5605,
      "score": 0.1088,
      "status": "SeedGene"
    },
    "SDCCAG8": {
      "rank": 39,
      "id": 10806,
      "score": 0.1078,
      "status": "SeedGene"
    },
    "KRAS": {
      "rank": 40,
      "id": 3845,
      "score": 0.1068,
      "status": "SeedGene"
    },
    "CLIP2": {
      "rank": 41,
      "id": 7461,
      "score": 0.1053,
      "status": "SeedGene"
    },
    "TRIM32": {
      "rank": 42,
      "id": 22954,
      "score": 0.105,
      "status": "SeedGene"
    },
    "EP300": {
      "rank": 43,
      "id": 2033,
      "score": 0.1044,
      "status": "SeedGene"
    },
    "BBS1": {
      "rank": 44,
      "id": 582,
      "score": 0.1039,
      "status": "SeedGene"
    },
    "BCL7B": {
      "rank": 45,
      "id": 9275,
      "score": 0.1037,
      "status": "SeedGene"
    },
    "AKT1": {
      "rank": 46,
      "id": 207,
      "score": 0.103,
      "status": "SeedGene"
    },
    "NF1": {
      "rank": 47,
      "id": 4763,
      "score": 0.1018,
      "status": "SeedGene"
    },
    "HERC2": {
      "rank": 48,
      "id": 8924,
      "score": 0.101,
      "status": "SeedGene"
    },
    "PSMD12": {
      "rank": 49,
      "id": 5718,
      "score": 0.1004,
      "status": "SeedGene"
    },
    "CREBBP": {
      "rank": 50,
      "id": 1387,
      "score": 0.1002,
      "status": "SeedGene"
    },
    "PDGFRB": {
      "rank": 51,
      "id": 5159,
      "score": 0.0989,
      "status": "SeedGene"
    },
    "MKS1": {
      "rank": 52,
      "id": 54903,
      "score": 0.0984,
      "status": "SeedGene"
    },
    "PEX19": {
      "rank": 53,
      "id": 5824,
      "score": 0.0977,
      "status": "SeedGene"
    },
    "BRAF": {
      "rank": 54,
      "id": 673,
      "score": 0.097,
      "status": "SeedGene"
    },
    "CACNA1A": {
      "rank": 55,
      "id": 773,
      "score": 0.0969,
      "status": "SeedGene"
    },
    "SBDS": {
      "rank": 56,
      "id": 51119,
      "score": 0.096,
      "status": "SeedGene"
    },
    "SIX6": {
      "rank": 57,
      "id": 4990,
      "score": 0.0955,
      "status": "SeedGene"
    },
    "AAAS": {
      "rank": 58,
      "id": 8086,
      "score": 0.0949,
      "status": "SeedGene"
    },
    "PIK3CA": {
      "rank": 59,
      "id": 5290,
      "score": 0.0948,
      "status": "SeedGene"
    },
    "MAP2K1": {
      "rank": 60,
      "id": 5604,
      "score": 0.0938,
      "status": "SeedGene"
    },
    "PRKACA": {
      "rank": 61,
      "id": 5566,
      "score": 0.0934,
      "status": "SeedGene"
    },
    "CALM1": {
      "rank": 62,
      "id": 801,
      "score": 0.0933,
      "status": "SeedGene"
    },
    "SNRPN": {
      "rank": 63,
      "id": 6638,
      "score": 0.093,
      "status": "SeedGene"
    },
    "ACTG1": {
      "rank": 64,
      "id": 71,
      "score": 0.093,
      "status": "SeedGene"
    },
    "COL2A1": {
      "rank": 65,
      "id": 1280,
      "score": 0.0924,
      "status": "SeedGene"
    },
    "PIK3R1": {
      "rank": 66,
      "id": 5295,
      "score": 0.0922,
      "status": "SeedGene"
    },
    "CALM2": {
      "rank": 67,
      "id": 805,
      "score": 0.0918,
      "status": "SeedGene"
    },
    "TCF4": {
      "rank": 68,
      "id": 6925,
      "score": 0.0918,
      "status": "SeedGene"
    },
    "FGFR2": {
      "rank": 69,
      "id": 2263,
      "score": 0.0917,
      "status": "SeedGene"
    },
    "PTEN": {
      "rank": 70,
      "id": 5728,
      "score": 0.0912,
      "status": "SeedGene"
    },
    "NOTCH2": {
      "rank": 71,
      "id": 4853,
      "score": 0.0907,
      "status": "SeedGene"
    },
    "PDGFB": {
      "rank": 72,
      "id": 5155,
      "score": 0.0906,
      "status": "SeedGene"
    },
    "TERT": {
      "rank": 73,
      "id": 7015,
      "score": 0.0906,
      "status": "SeedGene"
    },
    "BMP4": {
      "rank": 74,
      "id": 652,
      "score": 0.0906,
      "status": "SeedGene"
    },
    "RAF1": {
      "rank": 75,
      "id": 5894,
      "score": 0.0899,
      "status": "SeedGene"
    },
    "MTOR": {
      "rank": 76,
      "id": 2475,
      "score": 0.0899,
      "status": "SeedGene"
    },
    "INS": {
      "rank": 77,
      "id": 3630,
      "score": 0.0892,
      "status": "SeedGene"
    },
    "ABCC9": {
      "rank": 78,
      "id": 10060,
      "score": 0.0886,
      "status": "SeedGene"
    },
    "RPS27A": {
      "rank": 79,
      "id": 6233,
      "score": 0.0883,
      "status": "Predicted"
    },
    "HDAC8": {
      "rank": 80,
      "id": 55869,
      "score": 0.0882,
      "status": "SeedGene"
    },
    "UBA52": {
      "rank": 81,
      "id": 7311,
      "score": 0.0882,
      "status": "Predicted"
    },
    "CALM3": {
      "rank": 82,
      "id": 808,
      "score": 0.0881,
      "status": "Predicted"
    },
    "TGFB1": {
      "rank": 83,
      "id": 7040,
      "score": 0.0876,
      "status": "SeedGene"
    },
    "UBB": {
      "rank": 84,
      "id": 7314,
      "score": 0.0871,
      "status": "Predicted"
    },
    "HRAS": {
      "rank": 85,
      "id": 3265,
      "score": 0.087,
      "status": "SeedGene"
    },
    "COL4A1": {
      "rank": 86,
      "id": 1282,
      "score": 0.0866,
      "status": "SeedGene"
    },
    "TP53": {
      "rank": 87,
      "id": 7157,
      "score": 0.0863,
      "status": "SeedGene"
    },
    "UBC": {
      "rank": 88,
      "id": 7316,
      "score": 0.0861,
      "status": "Predicted"
    },
    "PEX3": {
      "rank": 89,
      "id": 8504,
      "score": 0.0856,
      "status": "SeedGene"
    },
    "VCP": {
      "rank": 90,
      "id": 7415,
      "score": 0.0851,
      "status": "SeedGene"
    },
    "APC": {
      "rank": 91,
      "id": 324,
      "score": 0.0846,
      "status": "SeedGene"
    },
    "MAPK1": {
      "rank": 92,
      "id": 5594,
      "score": 0.0845,
      "status": "SeedGene"
    },
    "PRKCA": {
      "rank": 93,
      "id": 5578,
      "score": 0.0842,
      "status": "Predicted"
    },
    "PPP2R1A": {
      "rank": 94,
      "id": 5518,
      "score": 0.084,
      "status": "SeedGene"
    },
    "DNAJC30": {
      "rank": 95,
      "id": 84277,
      "score": 0.0839,
      "status": "SeedGene"
    },
    "ATP7A": {
      "rank": 96,
      "id": 538,
      "score": 0.0838,
      "status": "SeedGene"
    },
    "MKKS": {
      "rank": 97,
      "id": 8195,
      "score": 0.0831,
      "status": "SeedGene"
    },
    "OCRL": {
      "rank": 98,
      "id": 4952,
      "score": 0.0831,
      "status": "SeedGene"
    },
    "PEX6": {
      "rank": 99,
      "id": 5190,
      "score": 0.0819,
      "status": "SeedGene"
    },
    "PEX1": {
      "rank": 100,
      "id": 5189,
      "score": 0.0819,
      "status": "SeedGene"
    }
  }
}