{
  "query": {
    "HP:0006852": {
      "id": "HP:0006852",
      "status": "ok",
      "target": [
        "HP:0006852"
      ]
    },
    "HP:0002376": {
      "id": "HP:0002376",
      "status": "ok",
      "target": [
        "HP:0002376"
      ]
    },
    "HP:0001945": {
      "id": "HP:0001945",
      "status": "ok",
      "target": [
        "HP:0001945"
      ]
    }
  },
  "response": {
    "GALC": {
      "rank": 1,
      "id": 2581,
      "score": 1.0,
      "status": "SeedGene"
    },
    "SLC29A3": {
      "rank": 2,
      "id": 55315,
      "score": 0.9755,
      "status": "SeedGene"
    },
    "ATP7A": {
      "rank": 3,
      "id": 538,
      "score": 0.8321,
      "status": "SeedGene"
    },
    "ARSA": {
      "rank": 4,
      "id": 410,
      "score": 0.8244,
      "status": "SeedGene"
    },
    "PLA2G6": {
      "rank": 5,
      "id": 8398,
      "score": 0.8122,
      "status": "SeedGene"
    },
    "PHYH": {
      "rank": 6,
      "id": 5264,
      "score": 0.7582,
      "status": "SeedGene"
    },
    "ACOX1": {
      "rank": 7,
      "id": 51,
      "score": 0.7552,
      "status": "SeedGene"
    },
    "PEX19": {
      "rank": 8,
      "id": 5824,
      "score": 0.7544,
      "status": "SeedGene"
    },
    "CYP27A1": {
      "rank": 9,
      "id": 1593,
      "score": 0.7262,
      "status": "SeedGene"
    },
    "PEX7": {
      "rank": 10,
      "id": 5191,
      "score": 0.7239,
      "status": "SeedGene"
    },
    "SUMF1": {
      "rank": 11,
      "id": 285362,
      "score": 0.7107,
      "status": "SeedGene"
    },
    "NOTCH3": {
      "rank": 12,
      "id": 4854,
      "score": 0.6856,
      "status": "SeedGene"
    },
    "PEX3": {
      "rank": 13,
      "id": 8504,
      "score": 0.661,
      "status": "SeedGene"
    },
    "PEX6": {
      "rank": 14,
      "id": 5190,
      "score": 0.6563,
      "status": "SeedGene"
    },
    "HTT": {
      "rank": 15,
      "id": 3064,
      "score": 0.6452,
      "status": "SeedGene"
    },
    "VPS13A": {
      "rank": 16,
      "id": 23230,
      "score": 0.6403,
      "status": "SeedGene"
    },
    "PEX10": {
      "rank": 17,
      "id": 5192,
      "score": 0.6213,
      "status": "SeedGene"
    },
    "PEX5": {
      "rank": 18,
      "id": 5830,
      "score": 0.6029,
      "status": "SeedGene"
    },
    "PEX12": {
      "rank": 19,
      "id": 5193,
      "score": 0.5962,
      "status": "SeedGene"
    },
    "PEX1": {
      "rank": 20,
      "id": 5189,
      "score": 0.5768,
      "status": "SeedGene"
    },
    "PEX14": {
      "rank": 21,
      "id": 5195,
      "score": 0.574,
      "status": "SeedGene"
    },
    "PEX2": {
      "rank": 22,
      "id": 5828,
      "score": 0.572,
      "status": "SeedGene"
    },
    "PEX26": {
      "rank": 23,
      "id": 55670,
      "score": 0.5711,
      "status": "SeedGene"
    },
    "PEX16": {
      "rank": 24,
      "id": 9409,
      "score": 0.566,
      "status": "SeedGene"
    },
    "PEX11B": {
      "rank": 25,
      "id": 8799,
      "score": 0.566,
      "status": "SeedGene"
    },
    "PEX13": {
      "rank": 26,
      "id": 5194,
      "score": 0.566,
      "status": "SeedGene"
    },
    "FOXG1": {
      "rank": 27,
      "id": 2290,
      "score": 0.4891,
      "status": "SeedGene"
    },
    "CACNA1S": {
      "rank": 28,
      "id": 779,
      "score": 0.4662,
      "status": "SeedGene"
    },
    "RYR1": {
      "rank": 29,
      "id": 6261,
      "score": 0.4424,
      "status": "SeedGene"
    },
    "COL1A1": {
      "rank": 30,
      "id": 1277,
      "score": 0.4257,
      "status": "SeedGene"
    },
    "PLP1": {
      "rank": 31,
      "id": 5354,
      "score": 0.4078,
      "status": "SeedGene"
    },
    "MEFV": {
      "rank": 32,
      "id": 4210,
      "score": 0.3717,
      "status": "SeedGene"
    },
    "ALK": {
      "rank": 33,
      "id": 238,
      "score": 0.3712,
      "status": "SeedGene"
    },
    "EIF2B2": {
      "rank": 34,
      "id": 8892,
      "score": 0.3674,
      "status": "SeedGene"
    },
    "EIF2B4": {
      "rank": 35,
      "id": 8890,
      "score": 0.3626,
      "status": "SeedGene"
    },
    "EIF2B5": {
      "rank": 36,
      "id": 8893,
      "score": 0.3541,
      "status": "SeedGene"
    },
    "EIF2B1": {
      "rank": 37,
      "id": 1967,
      "score": 0.3528,
      "status": "SeedGene"
    },
    "EIF2B3": {
      "rank": 38,
      "id": 8891,
      "score": 0.3511,
      "status": "SeedGene"
    },
    "GAA": {
      "rank": 39,
      "id": 2548,
      "score": 0.3427,
      "status": "SeedGene"
    },
    "FMR1": {
      "rank": 40,
      "id": 2332,
      "score": 0.3426,
      "status": "SeedGene"
    },
    "CRLF1": {
      "rank": 41,
      "id": 9244,
      "score": 0.3422,
      "status": "SeedGene"
    },
    "CFH": {
      "rank": 42,
      "id": 3075,
      "score": 0.3217,
      "status": "SeedGene"
    },
    "C3": {
      "rank": 43,
      "id": 718,
      "score": 0.3144,
      "status": "SeedGene"
    },
    "PRNP": {
      "rank": 44,
      "id": 5621,
      "score": 0.311,
      "status": "SeedGene"
    },
    "CYP21A2": {
      "rank": 45,
      "id": 1589,
      "score": 0.3109,
      "status": "SeedGene"
    },
    "CFHR3": {
      "rank": 46,
      "id": 10878,
      "score": 0.3098,
      "status": "SeedGene"
    },
    "GLA": {
      "rank": 47,
      "id": 2717,
      "score": 0.307,
      "status": "SeedGene"
    },
    "HLA-DRB1": {
      "rank": 48,
      "id": 3123,
      "score": 0.3014,
      "status": "SeedGene"
    },
    "AGA": {
      "rank": 49,
      "id": 175,
      "score": 0.298,
      "status": "SeedGene"
    },
    "NLRP3": {
      "rank": 50,
      "id": 114548,
      "score": 0.2941,
      "status": "SeedGene"
    },
    "FBP1": {
      "rank": 51,
      "id": 2203,
      "score": 0.2701,
      "status": "SeedGene"
    },
    "CFHR1": {
      "rank": 52,
      "id": 3078,
      "score": 0.2695,
      "status": "SeedGene"
    },
    "CD46": {
      "rank": 53,
      "id": 4179,
      "score": 0.2689,
      "status": "SeedGene"
    },
    "RANBP2": {
      "rank": 54,
      "id": 5903,
      "score": 0.2683,
      "status": "SeedGene"
    },
    "CFI": {
      "rank": 55,
      "id": 3426,
      "score": 0.2637,
      "status": "SeedGene"
    },
    "AAAS": {
      "rank": 56,
      "id": 8086,
      "score": 0.2606,
      "status": "SeedGene"
    },
    "CFB": {
      "rank": 57,
      "id": 629,
      "score": 0.2604,
      "status": "SeedGene"
    },
    "HACE1": {
      "rank": 58,
      "id": 57531,
      "score": 0.2585,
      "status": "SeedGene"
    },
    "CACNA1A": {
      "rank": 59,
      "id": 773,
      "score": 0.2558,
      "status": "SeedGene"
    },
    "POLG": {
      "rank": 60,
      "id": 5428,
      "score": 0.2538,
      "status": "SeedGene"
    },
    "DGKE": {
      "rank": 61,
      "id": 8526,
      "score": 0.2506,
      "status": "SeedGene"
    },
    "PIK3R1": {
      "rank": 62,
      "id": 5295,
      "score": 0.2451,
      "status": "SeedGene"
    },
    "TLR4": {
      "rank": 63,
      "id": 7099,
      "score": 0.2445,
      "status": "SeedGene"
    },
    "PIK3CA": {
      "rank": 64,
      "id": 5290,
      "score": 0.2444,
      "status": "SeedGene"
    },
    "CFTR": {
      "rank": 65,
      "id": 1080,
      "score": 0.2421,
      "status": "SeedGene"
    },
    "THBD": {
      "rank": 66,
      "id": 7056,
      "score": 0.2417,
      "status": "SeedGene"
    },
    "BTNL2": {
      "rank": 67,
      "id": 56244,
      "score": 0.2339,
      "status": "SeedGene"
    },
    "TOP2A": {
      "rank": 68,
      "id": 7153,
      "score": 0.2335,
      "status": "SeedGene"
    },
    "FAS": {
      "rank": 69,
      "id": 355,
      "score": 0.2267,
      "status": "SeedGene"
    },
    "TP53": {
      "rank": 70,
      "id": 7157,
      "score": 0.2262,
      "status": "SeedGene"
    },
    "UNC13D": {
      "rank": 71,
      "id": 201294,
      "score": 0.225,
      "status": "SeedGene"
    },
    "GNB1": {
      "rank": 72,
      "id": 2782,
      "score": 0.223,
      "status": "SeedGene"
    },
    "CFHR4": {
      "rank": 73,
      "id": 10877,
      "score": 0.2167,
      "status": "SeedGene"
    },
    "XIAP": {
      "rank": 74,
      "id": 331,
      "score": 0.2154,
      "status": "SeedGene"
    },
    "IL10": {
      "rank": 75,
      "id": 3586,
      "score": 0.214,
      "status": "SeedGene"
    },
    "POLR3A": {
      "rank": 76,
      "id": 11128,
      "score": 0.214,
      "status": "SeedGene"
    },
    "DDB2": {
      "rank": 77,
      "id": 1643,
      "score": 0.2119,
      "status": "SeedGene"
    },
    "IL12A": {
      "rank": 78,
      "id": 3592,
      "score": 0.2103,
      "status": "SeedGene"
    },
    "HLA-B": {
      "rank": 79,
      "id": 3106,
      "score": 0.2084,
      "status": "SeedGene"
    },
    "PRSS1": {
      "rank": 80,
      "id": 5644,
      "score": 0.2077,
      "status": "SeedGene"
    },
    "CLTC": {
      "rank": 81,
      "id": 1213,
      "score": 0.2055,
      "status": "SeedGene"
    },
    "STAT3": {
      "rank": 82,
      "id": 6774,
      "score": 0.2046,
      "status": "SeedGene"
    },
    "PLCB1": {
      "rank": 83,
      "id": 23236,
      "score": 0.2038,
      "status": "SeedGene"
    },
    "KRAS": {
      "rank": 84,
      "id": 3845,
      "score": 0.2034,
      "status": "SeedGene"
    },
    "AKT1": {
      "rank": 85,
      "id": 207,
      "score": 0.2026,
      "status": "Predicted"
    },
    "MYH3": {
      "rank": 86,
      "id": 4621,
      "score": 0.2006,
      "status": "SeedGene"
    },
    "IFIH1": {
      "rank": 87,
      "id": 64135,
      "score": 0.1997,
      "status": "SeedGene"
    },
    "PSMB8": {
      "rank": 88,
      "id": 5696,
      "score": 0.1991,
      "status": "SeedGene"
    },
    "PSMB4": {
      "rank": 89,
      "id": 5692,
      "score": 0.1991,
      "status": "SeedGene"
    },
    "PSMB9": {
      "rank": 90,
      "id": 5698,
      "score": 0.1991,
      "status": "SeedGene"
    },
    "NUP214": {
      "rank": 91,
      "id": 8021,
      "score": 0.198,
      "status": "SeedGene"
    },
    "ATP1A3": {
      "rank": 92,
      "id": 478,
      "score": 0.1979,
      "status": "SeedGene"
    },
    "IL6": {
      "rank": 93,
      "id": 3569,
      "score": 0.1966,
      "status": "SeedGene"
    },
    "PSAP": {
      "rank": 94,
      "id": 5660,
      "score": 0.1957,
      "status": "SeedGene"
    },
    "SLC2A3": {
      "rank": 95,
      "id": 6515,
      "score": 0.1942,
      "status": "SeedGene"
    },
    "FTL": {
      "rank": 96,
      "id": 2512,
      "score": 0.1942,
      "status": "SeedGene"
    },
    "NUP62": {
      "rank": 97,
      "id": 23636,
      "score": 0.1941,
      "status": "SeedGene"
    },
    "ATP1A2": {
      "rank": 98,
      "id": 477,
      "score": 0.1929,
      "status": "SeedGene"
    },
    "LYST": {
      "rank": 99,
      "id": 1130,
      "score": 0.1926,
      "status": "SeedGene"
    },
    "CTNNB1": {
      "rank": 100,
      "id": 1499,
      "score": 0.192,
      "status": "SeedGene"
    }
  }
}