{
  "query": {
    "HP:0002126": {
      "id": "HP:0002126",
      "status": "ok",
      "target": [
        "HP:0002126"
      ]
    },
    "HP:0000365": {
      "id": "HP:0000365",
      "status": "ok",
      "target": [
        "HP:0000365"
      ]
    },
    "HP:0001263": {
      "id": "HP:0001263",
      "status": "ok",
      "target": [
        "HP:0001263"
      ]
    },
    "HP:0011157": {
      "id": "HP:0011157",
      "status": "ok",
      "target": [
        "HP:0011157"
      ]
    },
    "HP:0001252": {
      "id": "HP:0001252",
      "status": "ok",
      "target": [
        "HP:0001252"
      ]
    },
    "HP:0000639": {
      "id": "HP:0000639",
      "status": "ok",
      "target": [
        "HP:0000639"
      ]
    },
    "HP:0006879": {
      "id": "HP:0006879",
      "status": "ok",
      "target": [
        "HP:0006879"
      ]
    },
    "HP:0001250": {
      "id": "HP:0001250",
      "status": "ok",
      "target": [
        "HP:0001250"
      ]
    }
  },
  "response": {
    "SETX": {
      "rank": 1,
      "id": 23064,
      "score": 1.0,
      "status": "SeedGene"
    },
    "NHLRC1": {
      "rank": 2,
      "id": 378884,
      "score": 0.6264,
      "status": "SeedGene"
    },
    "EPM2A": {
      "rank": 3,
      "id": 7957,
      "score": 0.592,
      "status": "SeedGene"
    },
    "FH": {
      "rank": 4,
      "id": 2271,
      "score": 0.3445,
      "status": "SeedGene"
    },
    "PIK3CA": {
      "rank": 5,
      "id": 5290,
      "score": 0.2795,
      "status": "SeedGene"
    },
    "RORA": {
      "rank": 6,
      "id": 6095,
      "score": 0.2741,
      "status": "SeedGene"
    },
    "DPM1": {
      "rank": 7,
      "id": 8813,
      "score": 0.2728,
      "status": "SeedGene"
    },
    "FA2H": {
      "rank": 8,
      "id": 79152,
      "score": 0.2647,
      "status": "SeedGene"
    },
    "RECQL4": {
      "rank": 9,
      "id": 9401,
      "score": 0.2633,
      "status": "SeedGene"
    },
    "NSDHL": {
      "rank": 10,
      "id": 50814,
      "score": 0.254,
      "status": "SeedGene"
    },
    "LAMA2": {
      "rank": 11,
      "id": 3908,
      "score": 0.2524,
      "status": "SeedGene"
    },
    "CCDC88C": {
      "rank": 12,
      "id": 440193,
      "score": 0.2345,
      "status": "SeedGene"
    },
    "PEX19": {
      "rank": 13,
      "id": 5824,
      "score": 0.2136,
      "status": "SeedGene"
    },
    "PEX3": {
      "rank": 14,
      "id": 8504,
      "score": 0.1859,
      "status": "SeedGene"
    },
    "PEX10": {
      "rank": 15,
      "id": 5192,
      "score": 0.1826,
      "status": "SeedGene"
    },
    "ATP6V0A2": {
      "rank": 16,
      "id": 23545,
      "score": 0.1803,
      "status": "SeedGene"
    },
    "PEX6": {
      "rank": 17,
      "id": 5190,
      "score": 0.179,
      "status": "SeedGene"
    },
    "PEX5": {
      "rank": 18,
      "id": 5830,
      "score": 0.1764,
      "status": "SeedGene"
    },
    "PEX1": {
      "rank": 19,
      "id": 5189,
      "score": 0.1756,
      "status": "SeedGene"
    },
    "PEX12": {
      "rank": 20,
      "id": 5193,
      "score": 0.1743,
      "status": "SeedGene"
    },
    "PTEN": {
      "rank": 21,
      "id": 5728,
      "score": 0.1741,
      "status": "SeedGene"
    },
    "COX10": {
      "rank": 22,
      "id": 1352,
      "score": 0.1701,
      "status": "SeedGene"
    },
    "PEX2": {
      "rank": 23,
      "id": 5828,
      "score": 0.1683,
      "status": "SeedGene"
    },
    "INPP5E": {
      "rank": 24,
      "id": 56623,
      "score": 0.1659,
      "status": "SeedGene"
    },
    "PEX26": {
      "rank": 25,
      "id": 55670,
      "score": 0.1654,
      "status": "SeedGene"
    },
    "PEX16": {
      "rank": 26,
      "id": 9409,
      "score": 0.1644,
      "status": "SeedGene"
    },
    "ARHGAP31": {
      "rank": 27,
      "id": 57514,
      "score": 0.1644,
      "status": "SeedGene"
    },
    "FGFR3": {
      "rank": 28,
      "id": 2261,
      "score": 0.1643,
      "status": "SeedGene"
    },
    "PEX13": {
      "rank": 29,
      "id": 5194,
      "score": 0.1635,
      "status": "SeedGene"
    },
    "PEX14": {
      "rank": 30,
      "id": 5195,
      "score": 0.1625,
      "status": "SeedGene"
    },
    "PEX11B": {
      "rank": 31,
      "id": 8799,
      "score": 0.1588,
      "status": "SeedGene"
    },
    "RBPJ": {
      "rank": 32,
      "id": 3516,
      "score": 0.1572,
      "status": "SeedGene"
    },
    "SNAP29": {
      "rank": 33,
      "id": 9342,
      "score": 0.1498,
      "status": "SeedGene"
    },
    "DOCK6": {
      "rank": 34,
      "id": 57572,
      "score": 0.1494,
      "status": "SeedGene"
    },
    "TMEM237": {
      "rank": 35,
      "id": 65062,
      "score": 0.1485,
      "status": "SeedGene"
    },
    "SURF1": {
      "rank": 36,
      "id": 6834,
      "score": 0.1479,
      "status": "SeedGene"
    },
    "RELN": {
      "rank": 37,
      "id": 5649,
      "score": 0.1407,
      "status": "SeedGene"
    },
    "PDHA1": {
      "rank": 38,
      "id": 5160,
      "score": 0.1403,
      "status": "SeedGene"
    },
    "BRAF": {
      "rank": 39,
      "id": 673,
      "score": 0.1386,
      "status": "SeedGene"
    },
    "IMPDH1": {
      "rank": 40,
      "id": 3614,
      "score": 0.1386,
      "status": "SeedGene"
    },
    "GNB1": {
      "rank": 41,
      "id": 2782,
      "score": 0.1364,
      "status": "SeedGene"
    },
    "RPGRIP1L": {
      "rank": 42,
      "id": 23322,
      "score": 0.1343,
      "status": "SeedGene"
    },
    "PIK3R2": {
      "rank": 43,
      "id": 5296,
      "score": 0.1326,
      "status": "SeedGene"
    },
    "GPSM2": {
      "rank": 44,
      "id": 29899,
      "score": 0.1314,
      "status": "SeedGene"
    },
    "KRAS": {
      "rank": 45,
      "id": 3845,
      "score": 0.131,
      "status": "SeedGene"
    },
    "BMPER": {
      "rank": 46,
      "id": 168667,
      "score": 0.1306,
      "status": "SeedGene"
    },
    "EP300": {
      "rank": 47,
      "id": 2033,
      "score": 0.1294,
      "status": "SeedGene"
    },
    "ACTB": {
      "rank": 48,
      "id": 60,
      "score": 0.1279,
      "status": "SeedGene"
    },
    "CEP290": {
      "rank": 49,
      "id": 80184,
      "score": 0.1271,
      "status": "SeedGene"
    },
    "LRAT": {
      "rank": 50,
      "id": 9227,
      "score": 0.1268,
      "status": "SeedGene"
    },
    "OCRL": {
      "rank": 51,
      "id": 4952,
      "score": 0.1263,
      "status": "SeedGene"
    },
    "OFD1": {
      "rank": 52,
      "id": 8481,
      "score": 0.126,
      "status": "SeedGene"
    },
    "AKT3": {
      "rank": 53,
      "id": 10000,
      "score": 0.1255,
      "status": "SeedGene"
    },
    "KIF7": {
      "rank": 54,
      "id": 374654,
      "score": 0.1249,
      "status": "SeedGene"
    },
    "RAC1": {
      "rank": 55,
      "id": 5879,
      "score": 0.1245,
      "status": "SeedGene"
    },
    "CEP41": {
      "rank": 56,
      "id": 95681,
      "score": 0.1239,
      "status": "SeedGene"
    },
    "SDHA": {
      "rank": 57,
      "id": 6389,
      "score": 0.1237,
      "status": "SeedGene"
    },
    "RDH12": {
      "rank": 58,
      "id": 145226,
      "score": 0.1235,
      "status": "SeedGene"
    },
    "PRPS1": {
      "rank": 59,
      "id": 5631,
      "score": 0.1235,
      "status": "SeedGene"
    },
    "COX15": {
      "rank": 60,
      "id": 1355,
      "score": 0.1232,
      "status": "SeedGene"
    },
    "AKT1": {
      "rank": 61,
      "id": 207,
      "score": 0.1211,
      "status": "SeedGene"
    },
    "NDUFS1": {
      "rank": 62,
      "id": 4719,
      "score": 0.1207,
      "status": "SeedGene"
    },
    "MAP2K1": {
      "rank": 63,
      "id": 5604,
      "score": 0.1206,
      "status": "SeedGene"
    },
    "NDUFS8": {
      "rank": 64,
      "id": 4728,
      "score": 0.1206,
      "status": "SeedGene"
    },
    "NDUFA2": {
      "rank": 65,
      "id": 4695,
      "score": 0.1205,
      "status": "SeedGene"
    },
    "NDUFS7": {
      "rank": 66,
      "id": 374291,
      "score": 0.1205,
      "status": "SeedGene"
    },
    "NDUFS4": {
      "rank": 67,
      "id": 4724,
      "score": 0.1205,
      "status": "SeedGene"
    },
    "NDUFS3": {
      "rank": 68,
      "id": 4722,
      "score": 0.1205,
      "status": "SeedGene"
    },
    "NDUFV1": {
      "rank": 69,
      "id": 4723,
      "score": 0.1205,
      "status": "SeedGene"
    },
    "NDUFA10": {
      "rank": 70,
      "id": 4705,
      "score": 0.1205,
      "status": "SeedGene"
    },
    "TMEM67": {
      "rank": 71,
      "id": 91147,
      "score": 0.1205,
      "status": "SeedGene"
    },
    "PRRT2": {
      "rank": 72,
      "id": 112476,
      "score": 0.1204,
      "status": "SeedGene"
    },
    "SMARCA4": {
      "rank": 73,
      "id": 6597,
      "score": 0.119,
      "status": "SeedGene"
    },
    "ACOX1": {
      "rank": 74,
      "id": 51,
      "score": 0.1181,
      "status": "SeedGene"
    },
    "PLA2G6": {
      "rank": 75,
      "id": 8398,
      "score": 0.118,
      "status": "SeedGene"
    },
    "DLD": {
      "rank": 76,
      "id": 1738,
      "score": 0.118,
      "status": "SeedGene"
    },
    "COX6B1": {
      "rank": 77,
      "id": 1340,
      "score": 0.1166,
      "status": "SeedGene"
    },
    "RAF1": {
      "rank": 78,
      "id": 5894,
      "score": 0.1151,
      "status": "SeedGene"
    },
    "CREBBP": {
      "rank": 79,
      "id": 1387,
      "score": 0.115,
      "status": "SeedGene"
    },
    "ATP6V1A": {
      "rank": 80,
      "id": 523,
      "score": 0.1147,
      "status": "SeedGene"
    },
    "HSD17B4": {
      "rank": 81,
      "id": 3295,
      "score": 0.114,
      "status": "SeedGene"
    },
    "TCIRG1": {
      "rank": 82,
      "id": 10312,
      "score": 0.1138,
      "status": "SeedGene"
    },
    "POMT2": {
      "rank": 83,
      "id": 29954,
      "score": 0.1135,
      "status": "SeedGene"
    },
    "POMT1": {
      "rank": 84,
      "id": 10585,
      "score": 0.1135,
      "status": "SeedGene"
    },
    "ATP6V1E1": {
      "rank": 85,
      "id": 529,
      "score": 0.113,
      "status": "SeedGene"
    },
    "PAFAH1B1": {
      "rank": 86,
      "id": 5048,
      "score": 0.1126,
      "status": "SeedGene"
    },
    "UBE3A": {
      "rank": 87,
      "id": 7337,
      "score": 0.1125,
      "status": "SeedGene"
    },
    "DHCR24": {
      "rank": 88,
      "id": 1718,
      "score": 0.1122,
      "status": "SeedGene"
    },
    "MAP2K2": {
      "rank": 89,
      "id": 5605,
      "score": 0.1122,
      "status": "SeedGene"
    },
    "PRKACA": {
      "rank": 90,
      "id": 5566,
      "score": 0.1119,
      "status": "Predicted"
    },
    "MVK": {
      "rank": 91,
      "id": 4598,
      "score": 0.1115,
      "status": "SeedGene"
    },
    "ST3GAL3": {
      "rank": 92,
      "id": 6487,
      "score": 0.1111,
      "status": "SeedGene"
    },
    "CALM1": {
      "rank": 93,
      "id": 801,
      "score": 0.1102,
      "status": "SeedGene"
    },
    "COQ2": {
      "rank": 94,
      "id": 27235,
      "score": 0.11,
      "status": "SeedGene"
    },
    "CALM2": {
      "rank": 95,
      "id": 805,
      "score": 0.1097,
      "status": "SeedGene"
    },
    "COL4A1": {
      "rank": 96,
      "id": 1282,
      "score": 0.109,
      "status": "SeedGene"
    },
    "PIK3R1": {
      "rank": 97,
      "id": 5295,
      "score": 0.1085,
      "status": "SeedGene"
    },
    "UBA52": {
      "rank": 98,
      "id": 7311,
      "score": 0.108,
      "status": "Predicted"
    },
    "RPS27A": {
      "rank": 99,
      "id": 6233,
      "score": 0.108,
      "status": "Predicted"
    },
    "BCS1L": {
      "rank": 100,
      "id": 617,
      "score": 0.1076,
      "status": "SeedGene"
    }
  }
}