{
  "query": {
    "HP:0005110": {
      "id": "HP:0005110",
      "status": "ok",
      "target": [
        "HP:0005110"
      ]
    },
    "HP:0001638": {
      "id": "HP:0001638",
      "status": "ok",
      "target": [
        "HP:0001638"
      ]
    },
    "HP:0001252": {
      "id": "HP:0001252",
      "status": "ok",
      "target": [
        "HP:0001252"
      ]
    },
    "HP:0011106": {
      "id": "HP:0011106",
      "status": "ok",
      "target": [
        "HP:0011106"
      ]
    },
    "HP:0002202": {
      "id": "HP:0002202",
      "status": "ok",
      "target": [
        "HP:0002202"
      ]
    }
  },
  "response": {
    "HFE": {
      "rank": 1,
      "id": 3077,
      "score": 1.0,
      "status": "SeedGene"
    },
    "LBR": {
      "rank": 2,
      "id": 3930,
      "score": 0.9458,
      "status": "SeedGene"
    },
    "CFTR": {
      "rank": 3,
      "id": 1080,
      "score": 0.6734,
      "status": "SeedGene"
    },
    "PRSS1": {
      "rank": 4,
      "id": 5644,
      "score": 0.65,
      "status": "SeedGene"
    },
    "SCN5A": {
      "rank": 5,
      "id": 6331,
      "score": 0.6499,
      "status": "SeedGene"
    },
    "DMPK": {
      "rank": 6,
      "id": 1760,
      "score": 0.6171,
      "status": "SeedGene"
    },
    "CTRC": {
      "rank": 7,
      "id": 11330,
      "score": 0.6145,
      "status": "SeedGene"
    },
    "SPINK1": {
      "rank": 8,
      "id": 6690,
      "score": 0.578,
      "status": "SeedGene"
    },
    "MYH7": {
      "rank": 9,
      "id": 4625,
      "score": 0.5583,
      "status": "SeedGene"
    },
    "ACTN2": {
      "rank": 10,
      "id": 88,
      "score": 0.5074,
      "status": "SeedGene"
    },
    "BRAF": {
      "rank": 11,
      "id": 673,
      "score": 0.4837,
      "status": "SeedGene"
    },
    "TTN": {
      "rank": 12,
      "id": 7273,
      "score": 0.4803,
      "status": "SeedGene"
    },
    "PLN": {
      "rank": 13,
      "id": 5350,
      "score": 0.4557,
      "status": "SeedGene"
    },
    "RAF1": {
      "rank": 14,
      "id": 5894,
      "score": 0.4515,
      "status": "SeedGene"
    },
    "ABCC9": {
      "rank": 15,
      "id": 10060,
      "score": 0.4432,
      "status": "SeedGene"
    },
    "CACNA1C": {
      "rank": 16,
      "id": 775,
      "score": 0.4348,
      "status": "SeedGene"
    },
    "TNNT2": {
      "rank": 17,
      "id": 7139,
      "score": 0.4341,
      "status": "SeedGene"
    },
    "KRAS": {
      "rank": 18,
      "id": 3845,
      "score": 0.4193,
      "status": "SeedGene"
    },
    "SLC25A4": {
      "rank": 19,
      "id": 291,
      "score": 0.4185,
      "status": "SeedGene"
    },
    "LMNA": {
      "rank": 20,
      "id": 4000,
      "score": 0.4166,
      "status": "SeedGene"
    },
    "CACNB2": {
      "rank": 21,
      "id": 783,
      "score": 0.4106,
      "status": "SeedGene"
    },
    "PHYH": {
      "rank": 22,
      "id": 5264,
      "score": 0.4076,
      "status": "SeedGene"
    },
    "HLA-B": {
      "rank": 23,
      "id": 3106,
      "score": 0.4065,
      "status": "SeedGene"
    },
    "IL6": {
      "rank": 24,
      "id": 3569,
      "score": 0.4022,
      "status": "SeedGene"
    },
    "KCNQ1": {
      "rank": 25,
      "id": 3784,
      "score": 0.38,
      "status": "SeedGene"
    },
    "TNNI3": {
      "rank": 26,
      "id": 7137,
      "score": 0.3797,
      "status": "SeedGene"
    },
    "SMAD3": {
      "rank": 27,
      "id": 4088,
      "score": 0.3742,
      "status": "SeedGene"
    },
    "BCL2": {
      "rank": 28,
      "id": 596,
      "score": 0.372,
      "status": "SeedGene"
    },
    "TNNC1": {
      "rank": 29,
      "id": 7134,
      "score": 0.3718,
      "status": "SeedGene"
    },
    "VCL": {
      "rank": 30,
      "id": 7414,
      "score": 0.3714,
      "status": "SeedGene"
    },
    "PTPN11": {
      "rank": 31,
      "id": 5781,
      "score": 0.3707,
      "status": "SeedGene"
    },
    "FOS": {
      "rank": 32,
      "id": 2353,
      "score": 0.3691,
      "status": "SeedGene"
    },
    "CCND1": {
      "rank": 33,
      "id": 595,
      "score": 0.3688,
      "status": "SeedGene"
    },
    "AGPAT2": {
      "rank": 34,
      "id": 10555,
      "score": 0.3675,
      "status": "SeedGene"
    },
    "PEX7": {
      "rank": 35,
      "id": 5191,
      "score": 0.3601,
      "status": "SeedGene"
    },
    "RIT1": {
      "rank": 36,
      "id": 6016,
      "score": 0.3532,
      "status": "SeedGene"
    },
    "FAS": {
      "rank": 37,
      "id": 355,
      "score": 0.3514,
      "status": "SeedGene"
    },
    "NEXN": {
      "rank": 38,
      "id": 91624,
      "score": 0.351,
      "status": "SeedGene"
    },
    "DMD": {
      "rank": 39,
      "id": 1756,
      "score": 0.3469,
      "status": "SeedGene"
    },
    "TSC2": {
      "rank": 40,
      "id": 7249,
      "score": 0.3462,
      "status": "SeedGene"
    },
    "CAV1": {
      "rank": 41,
      "id": 857,
      "score": 0.3455,
      "status": "SeedGene"
    },
    "CBL": {
      "rank": 42,
      "id": 867,
      "score": 0.3422,
      "status": "SeedGene"
    },
    "PSEN1": {
      "rank": 43,
      "id": 5663,
      "score": 0.3418,
      "status": "SeedGene"
    },
    "MYH6": {
      "rank": 44,
      "id": 4624,
      "score": 0.341,
      "status": "SeedGene"
    },
    "TAZ": {
      "rank": 45,
      "id": 6901,
      "score": 0.3393,
      "status": "SeedGene"
    },
    "CSRP3": {
      "rank": 46,
      "id": 8048,
      "score": 0.3354,
      "status": "SeedGene"
    },
    "PSEN2": {
      "rank": 47,
      "id": 5664,
      "score": 0.3351,
      "status": "SeedGene"
    },
    "TCF4": {
      "rank": 48,
      "id": 6925,
      "score": 0.3343,
      "status": "SeedGene"
    },
    "SCN1B": {
      "rank": 49,
      "id": 6324,
      "score": 0.3321,
      "status": "SeedGene"
    },
    "TLR4": {
      "rank": 50,
      "id": 7099,
      "score": 0.3289,
      "status": "SeedGene"
    },
    "BMP2": {
      "rank": 51,
      "id": 650,
      "score": 0.3233,
      "status": "SeedGene"
    },
    "MYD88": {
      "rank": 52,
      "id": 4615,
      "score": 0.3216,
      "status": "SeedGene"
    },
    "INHBA": {
      "rank": 53,
      "id": 3624,
      "score": 0.321,
      "status": "SeedGene"
    },
    "IL10": {
      "rank": 54,
      "id": 3586,
      "score": 0.3202,
      "status": "SeedGene"
    },
    "DES": {
      "rank": 55,
      "id": 1674,
      "score": 0.3199,
      "status": "SeedGene"
    },
    "HLA-DRB1": {
      "rank": 56,
      "id": 3123,
      "score": 0.3182,
      "status": "SeedGene"
    },
    "TPM1": {
      "rank": 57,
      "id": 7168,
      "score": 0.318,
      "status": "SeedGene"
    },
    "PRKAG2": {
      "rank": 58,
      "id": 51422,
      "score": 0.3142,
      "status": "SeedGene"
    },
    "TSC1": {
      "rank": 59,
      "id": 7248,
      "score": 0.3138,
      "status": "SeedGene"
    },
    "SPP1": {
      "rank": 60,
      "id": 6696,
      "score": 0.3137,
      "status": "SeedGene"
    },
    "MAP2K1": {
      "rank": 61,
      "id": 5604,
      "score": 0.3098,
      "status": "SeedGene"
    },
    "IL12A": {
      "rank": 62,
      "id": 3592,
      "score": 0.3092,
      "status": "SeedGene"
    },
    "IRAK1": {
      "rank": 63,
      "id": 3654,
      "score": 0.3087,
      "status": "SeedGene"
    },
    "FKTN": {
      "rank": 64,
      "id": 2218,
      "score": 0.3027,
      "status": "SeedGene"
    },
    "RRM2B": {
      "rank": 65,
      "id": 50484,
      "score": 0.2984,
      "status": "SeedGene"
    },
    "MYBPC3": {
      "rank": 66,
      "id": 4607,
      "score": 0.2978,
      "status": "SeedGene"
    },
    "BCL6": {
      "rank": 67,
      "id": 604,
      "score": 0.2947,
      "status": "SeedGene"
    },
    "HCN4": {
      "rank": 68,
      "id": 10021,
      "score": 0.2942,
      "status": "SeedGene"
    },
    "ACTC1": {
      "rank": 69,
      "id": 70,
      "score": 0.2939,
      "status": "SeedGene"
    },
    "CCR1": {
      "rank": 70,
      "id": 1230,
      "score": 0.2931,
      "status": "SeedGene"
    },
    "NRAS": {
      "rank": 71,
      "id": 4893,
      "score": 0.293,
      "status": "SeedGene"
    },
    "MYPN": {
      "rank": 72,
      "id": 84665,
      "score": 0.2904,
      "status": "SeedGene"
    },
    "KIF11": {
      "rank": 73,
      "id": 3832,
      "score": 0.2845,
      "status": "SeedGene"
    },
    "HRAS": {
      "rank": 74,
      "id": 3265,
      "score": 0.2844,
      "status": "SeedGene"
    },
    "C1QA": {
      "rank": 75,
      "id": 712,
      "score": 0.2834,
      "status": "SeedGene"
    },
    "GAA": {
      "rank": 76,
      "id": 2548,
      "score": 0.2823,
      "status": "SeedGene"
    },
    "IL23R": {
      "rank": 77,
      "id": 149233,
      "score": 0.2793,
      "status": "SeedGene"
    },
    "GATAD1": {
      "rank": 78,
      "id": 57798,
      "score": 0.2792,
      "status": "SeedGene"
    },
    "C1R": {
      "rank": 79,
      "id": 715,
      "score": 0.2781,
      "status": "SeedGene"
    },
    "TCAP": {
      "rank": 80,
      "id": 8557,
      "score": 0.2776,
      "status": "SeedGene"
    },
    "C4A": {
      "rank": 81,
      "id": 720,
      "score": 0.2769,
      "status": "SeedGene"
    },
    "SDHA": {
      "rank": 82,
      "id": 6389,
      "score": 0.2766,
      "status": "SeedGene"
    },
    "MIF": {
      "rank": 83,
      "id": 4282,
      "score": 0.2759,
      "status": "SeedGene"
    },
    "SCN4B": {
      "rank": 84,
      "id": 6330,
      "score": 0.2755,
      "status": "SeedGene"
    },
    "FSHR": {
      "rank": 85,
      "id": 2492,
      "score": 0.2755,
      "status": "SeedGene"
    },
    "DSG2": {
      "rank": 86,
      "id": 1829,
      "score": 0.2753,
      "status": "SeedGene"
    },
    "SOS1": {
      "rank": 87,
      "id": 6654,
      "score": 0.2753,
      "status": "SeedGene"
    },
    "RYR2": {
      "rank": 88,
      "id": 6262,
      "score": 0.2737,
      "status": "SeedGene"
    },
    "NPPA": {
      "rank": 89,
      "id": 4878,
      "score": 0.272,
      "status": "SeedGene"
    },
    "CFH": {
      "rank": 90,
      "id": 3075,
      "score": 0.2713,
      "status": "SeedGene"
    },
    "CFI": {
      "rank": 91,
      "id": 3426,
      "score": 0.2713,
      "status": "SeedGene"
    },
    "CD46": {
      "rank": 92,
      "id": 4179,
      "score": 0.2706,
      "status": "SeedGene"
    },
    "PPARG": {
      "rank": 93,
      "id": 5468,
      "score": 0.2682,
      "status": "SeedGene"
    },
    "SGCD": {
      "rank": 94,
      "id": 6444,
      "score": 0.2661,
      "status": "SeedGene"
    },
    "ADAMTS3": {
      "rank": 95,
      "id": 9508,
      "score": 0.2641,
      "status": "SeedGene"
    },
    "IDUA": {
      "rank": 96,
      "id": 3425,
      "score": 0.2633,
      "status": "SeedGene"
    },
    "TGFB1": {
      "rank": 97,
      "id": 7040,
      "score": 0.2625,
      "status": "SeedGene"
    },
    "MAP2K2": {
      "rank": 98,
      "id": 5605,
      "score": 0.2622,
      "status": "SeedGene"
    },
    "MST1": {
      "rank": 99,
      "id": 4485,
      "score": 0.2615,
      "status": "SeedGene"
    },
    "CCBE1": {
      "rank": 100,
      "id": 147372,
      "score": 0.2587,
      "status": "SeedGene"
    }
  }
}