{
  "query": {
    "HP:0001724": {
      "id": "HP:0001724",
      "status": "obsolete",
      "replaced_by": "HP:0004942",
      "consider": [],
      "target": [
        "HP:0004942"
      ]
    },
    "HP:0001647": {
      "id": "HP:0001647",
      "status": "ok",
      "target": [
        "HP:0001647"
      ]
    },
    "HP:0000164": {
      "id": "HP:0000164",
      "status": "ok",
      "target": [
        "HP:0000164"
      ]
    },
    "HP:0001679": {
      "id": "HP:0001679",
      "status": "ok",
      "target": [
        "HP:0001679"
      ]
    },
    "HP:0001627": {
      "id": "HP:0001627",
      "status": "ok",
      "target": [
        "HP:0001627"
      ]
    },
    "HP:0000975": {
      "id": "HP:0000975",
      "status": "ok",
      "target": [
        "HP:0000975"
      ]
    },
    "HP:0008404": {
      "id": "HP:0008404",
      "status": "ok",
      "target": [
        "HP:0008404"
      ]
    }
  },
  "response": {
    "IKBKG": {
      "rank": 1,
      "id": 8517,
      "score": 1.0,
      "status": "SeedGene"
    },
    "TGFBR1": {
      "rank": 2,
      "id": 7046,
      "score": 0.9616,
      "status": "SeedGene"
    },
    "TGFBR2": {
      "rank": 3,
      "id": 7048,
      "score": 0.9601,
      "status": "SeedGene"
    },
    "ELN": {
      "rank": 4,
      "id": 2006,
      "score": 0.8561,
      "status": "SeedGene"
    },
    "SMAD3": {
      "rank": 5,
      "id": 4088,
      "score": 0.829,
      "status": "SeedGene"
    },
    "FBN1": {
      "rank": 6,
      "id": 2200,
      "score": 0.7647,
      "status": "SeedGene"
    },
    "KRT14": {
      "rank": 7,
      "id": 3861,
      "score": 0.7134,
      "status": "SeedGene"
    },
    "LIMK1": {
      "rank": 8,
      "id": 3984,
      "score": 0.6152,
      "status": "SeedGene"
    },
    "COL7A1": {
      "rank": 9,
      "id": 1294,
      "score": 0.6068,
      "status": "SeedGene"
    },
    "TP63": {
      "rank": 10,
      "id": 8626,
      "score": 0.5993,
      "status": "SeedGene"
    },
    "FGFR3": {
      "rank": 11,
      "id": 2261,
      "score": 0.5891,
      "status": "SeedGene"
    },
    "TGFB2": {
      "rank": 12,
      "id": 7042,
      "score": 0.5776,
      "status": "SeedGene"
    },
    "MYLK": {
      "rank": 13,
      "id": 4638,
      "score": 0.5765,
      "status": "SeedGene"
    },
    "MYH11": {
      "rank": 14,
      "id": 4629,
      "score": 0.5725,
      "status": "SeedGene"
    },
    "FLNA": {
      "rank": 15,
      "id": 2316,
      "score": 0.5416,
      "status": "SeedGene"
    },
    "KRAS": {
      "rank": 16,
      "id": 3845,
      "score": 0.5374,
      "status": "SeedGene"
    },
    "BRAF": {
      "rank": 17,
      "id": 673,
      "score": 0.5224,
      "status": "SeedGene"
    },
    "EFEMP2": {
      "rank": 18,
      "id": 30008,
      "score": 0.5136,
      "status": "SeedGene"
    },
    "RFC2": {
      "rank": 19,
      "id": 5982,
      "score": 0.5106,
      "status": "SeedGene"
    },
    "KANSL1": {
      "rank": 20,
      "id": 284058,
      "score": 0.5017,
      "status": "SeedGene"
    },
    "TERT": {
      "rank": 21,
      "id": 7015,
      "score": 0.4966,
      "status": "SeedGene"
    },
    "ACTA2": {
      "rank": 22,
      "id": 59,
      "score": 0.492,
      "status": "SeedGene"
    },
    "KRT5": {
      "rank": 23,
      "id": 3852,
      "score": 0.4839,
      "status": "SeedGene"
    },
    "PSMB8": {
      "rank": 24,
      "id": 5696,
      "score": 0.4734,
      "status": "SeedGene"
    },
    "HLA-B": {
      "rank": 25,
      "id": 3106,
      "score": 0.4629,
      "status": "SeedGene"
    },
    "GTF2I": {
      "rank": 26,
      "id": 2969,
      "score": 0.4609,
      "status": "SeedGene"
    },
    "MLXIPL": {
      "rank": 27,
      "id": 51085,
      "score": 0.4528,
      "status": "SeedGene"
    },
    "GTF2IRD1": {
      "rank": 28,
      "id": 9569,
      "score": 0.4483,
      "status": "SeedGene"
    },
    "BAZ1B": {
      "rank": 29,
      "id": 9031,
      "score": 0.4457,
      "status": "SeedGene"
    },
    "WRAP53": {
      "rank": 30,
      "id": 55135,
      "score": 0.441,
      "status": "SeedGene"
    },
    "TBL2": {
      "rank": 31,
      "id": 26608,
      "score": 0.4401,
      "status": "SeedGene"
    },
    "IL12B": {
      "rank": 32,
      "id": 3593,
      "score": 0.4392,
      "status": "SeedGene"
    },
    "NOTCH1": {
      "rank": 33,
      "id": 4851,
      "score": 0.4392,
      "status": "SeedGene"
    },
    "LAMA3": {
      "rank": 34,
      "id": 3909,
      "score": 0.4367,
      "status": "SeedGene"
    },
    "SMAD4": {
      "rank": 35,
      "id": 4089,
      "score": 0.4338,
      "status": "SeedGene"
    },
    "DKC1": {
      "rank": 36,
      "id": 1736,
      "score": 0.4285,
      "status": "SeedGene"
    },
    "LAMB3": {
      "rank": 37,
      "id": 3914,
      "score": 0.4273,
      "status": "SeedGene"
    },
    "LAMC2": {
      "rank": 38,
      "id": 3918,
      "score": 0.4248,
      "status": "SeedGene"
    },
    "MAP2K1": {
      "rank": 39,
      "id": 5604,
      "score": 0.4235,
      "status": "SeedGene"
    },
    "NHP2": {
      "rank": 40,
      "id": 55651,
      "score": 0.42,
      "status": "SeedGene"
    },
    "CLIP2": {
      "rank": 41,
      "id": 7461,
      "score": 0.4079,
      "status": "SeedGene"
    },
    "TINF2": {
      "rank": 42,
      "id": 26277,
      "score": 0.4079,
      "status": "SeedGene"
    },
    "SCN9A": {
      "rank": 43,
      "id": 6335,
      "score": 0.4066,
      "status": "SeedGene"
    },
    "RAF1": {
      "rank": 44,
      "id": 5894,
      "score": 0.4061,
      "status": "SeedGene"
    },
    "FGFR2": {
      "rank": 45,
      "id": 2263,
      "score": 0.3996,
      "status": "SeedGene"
    },
    "TGFB3": {
      "rank": 46,
      "id": 7043,
      "score": 0.3962,
      "status": "SeedGene"
    },
    "MAPK1": {
      "rank": 47,
      "id": 5594,
      "score": 0.3918,
      "status": "SeedGene"
    },
    "BCOR": {
      "rank": 48,
      "id": 54880,
      "score": 0.3913,
      "status": "SeedGene"
    },
    "JUP": {
      "rank": 49,
      "id": 3728,
      "score": 0.3881,
      "status": "SeedGene"
    },
    "IFT122": {
      "rank": 50,
      "id": 55764,
      "score": 0.3867,
      "status": "SeedGene"
    },
    "MLX": {
      "rank": 51,
      "id": 6945,
      "score": 0.3859,
      "status": "SeedGene"
    },
    "BIRC3": {
      "rank": 52,
      "id": 330,
      "score": 0.3824,
      "status": "SeedGene"
    },
    "PTPN11": {
      "rank": 53,
      "id": 5781,
      "score": 0.3811,
      "status": "SeedGene"
    },
    "KRT6A": {
      "rank": 54,
      "id": 3853,
      "score": 0.3804,
      "status": "SeedGene"
    },
    "NOP10": {
      "rank": 55,
      "id": 55505,
      "score": 0.3769,
      "status": "SeedGene"
    },
    "KRT17": {
      "rank": 56,
      "id": 3872,
      "score": 0.3753,
      "status": "SeedGene"
    },
    "NRAS": {
      "rank": 57,
      "id": 4893,
      "score": 0.3751,
      "status": "SeedGene"
    },
    "NKX2-5": {
      "rank": 58,
      "id": 1482,
      "score": 0.3733,
      "status": "SeedGene"
    },
    "KRT16": {
      "rank": 59,
      "id": 3868,
      "score": 0.3719,
      "status": "SeedGene"
    },
    "KRT6B": {
      "rank": 60,
      "id": 3854,
      "score": 0.3719,
      "status": "SeedGene"
    },
    "BCL2": {
      "rank": 61,
      "id": 596,
      "score": 0.3704,
      "status": "SeedGene"
    },
    "CHD7": {
      "rank": 62,
      "id": 55636,
      "score": 0.3692,
      "status": "SeedGene"
    },
    "MAP2K2": {
      "rank": 63,
      "id": 5605,
      "score": 0.364,
      "status": "SeedGene"
    },
    "FGFR1": {
      "rank": 64,
      "id": 2260,
      "score": 0.3622,
      "status": "SeedGene"
    },
    "HLA-DRB1": {
      "rank": 65,
      "id": 3123,
      "score": 0.3585,
      "status": "SeedGene"
    },
    "JAK2": {
      "rank": 66,
      "id": 3717,
      "score": 0.3566,
      "status": "SeedGene"
    },
    "CRLF1": {
      "rank": 67,
      "id": 9244,
      "score": 0.3564,
      "status": "SeedGene"
    },
    "FOS": {
      "rank": 68,
      "id": 2353,
      "score": 0.3558,
      "status": "SeedGene"
    },
    "SOS1": {
      "rank": 69,
      "id": 6654,
      "score": 0.3511,
      "status": "SeedGene"
    },
    "PTEN": {
      "rank": 70,
      "id": 5728,
      "score": 0.3481,
      "status": "SeedGene"
    },
    "HRAS": {
      "rank": 71,
      "id": 3265,
      "score": 0.3455,
      "status": "SeedGene"
    },
    "KIF1A": {
      "rank": 72,
      "id": 547,
      "score": 0.3416,
      "status": "SeedGene"
    },
    "CAV1": {
      "rank": 73,
      "id": 857,
      "score": 0.3416,
      "status": "SeedGene"
    },
    "EP300": {
      "rank": 74,
      "id": 2033,
      "score": 0.3416,
      "status": "SeedGene"
    },
    "KRT83": {
      "rank": 75,
      "id": 3889,
      "score": 0.3406,
      "status": "SeedGene"
    },
    "KRT86": {
      "rank": 76,
      "id": 3892,
      "score": 0.3406,
      "status": "SeedGene"
    },
    "KRT81": {
      "rank": 77,
      "id": 3887,
      "score": 0.3406,
      "status": "SeedGene"
    },
    "TAB2": {
      "rank": 78,
      "id": 23118,
      "score": 0.3405,
      "status": "SeedGene"
    },
    "RAC1": {
      "rank": 79,
      "id": 5879,
      "score": 0.3368,
      "status": "SeedGene"
    },
    "WNK1": {
      "rank": 80,
      "id": 65125,
      "score": 0.3358,
      "status": "SeedGene"
    },
    "GLI3": {
      "rank": 81,
      "id": 2737,
      "score": 0.3323,
      "status": "SeedGene"
    },
    "ACTB": {
      "rank": 82,
      "id": 60,
      "score": 0.3273,
      "status": "SeedGene"
    },
    "SMAD6": {
      "rank": 83,
      "id": 4091,
      "score": 0.3268,
      "status": "SeedGene"
    },
    "PRKG1": {
      "rank": 84,
      "id": 5592,
      "score": 0.3267,
      "status": "SeedGene"
    },
    "COL17A1": {
      "rank": 85,
      "id": 1308,
      "score": 0.3265,
      "status": "SeedGene"
    },
    "CREBBP": {
      "rank": 86,
      "id": 1387,
      "score": 0.3253,
      "status": "SeedGene"
    },
    "GJA1": {
      "rank": 87,
      "id": 2697,
      "score": 0.3252,
      "status": "SeedGene"
    },
    "TERC": {
      "rank": 88,
      "id": 7012,
      "score": 0.325,
      "status": "SeedGene"
    },
    "TGFB1": {
      "rank": 89,
      "id": 7040,
      "score": 0.3248,
      "status": "SeedGene"
    },
    "MMP2": {
      "rank": 90,
      "id": 4313,
      "score": 0.3179,
      "status": "SeedGene"
    },
    "GJB6": {
      "rank": 91,
      "id": 10804,
      "score": 0.317,
      "status": "SeedGene"
    },
    "ABCA1": {
      "rank": 92,
      "id": 19,
      "score": 0.3162,
      "status": "SeedGene"
    },
    "EIF4H": {
      "rank": 93,
      "id": 7458,
      "score": 0.315,
      "status": "SeedGene"
    },
    "AKT1": {
      "rank": 94,
      "id": 207,
      "score": 0.3141,
      "status": "SeedGene"
    },
    "COL1A1": {
      "rank": 95,
      "id": 1277,
      "score": 0.3139,
      "status": "SeedGene"
    },
    "WDR35": {
      "rank": 96,
      "id": 57539,
      "score": 0.3133,
      "status": "SeedGene"
    },
    "FUCA1": {
      "rank": 97,
      "id": 2517,
      "score": 0.3132,
      "status": "SeedGene"
    },
    "LMNA": {
      "rank": 98,
      "id": 4000,
      "score": 0.3105,
      "status": "SeedGene"
    },
    "WDR19": {
      "rank": 99,
      "id": 57728,
      "score": 0.3088,
      "status": "SeedGene"
    },
    "WNT10A": {
      "rank": 100,
      "id": 80326,
      "score": 0.3082,
      "status": "SeedGene"
    }
  }
}