{
  "query": {
    "HP:0000717": {
      "id": "HP:0000717",
      "status": "ok",
      "target": [
        "HP:0000717"
      ]
    },
    "HP:0001999": {
      "id": "HP:0001999",
      "status": "ok",
      "target": [
        "HP:0001999"
      ]
    },
    "HP:0000286": {
      "id": "HP:0000286",
      "status": "ok",
      "target": [
        "HP:0000286"
      ]
    },
    "HP:0000218": {
      "id": "HP:0000218",
      "status": "ok",
      "target": [
        "HP:0000218"
      ]
    },
    "HP:0001328": {
      "id": "HP:0001328",
      "status": "ok",
      "target": [
        "HP:0001328"
      ]
    },
    "HP:0001166": {
      "id": "HP:0001166",
      "status": "ok",
      "target": [
        "HP:0001166"
      ]
    },
    "HP:0000275": {
      "id": "HP:0000275",
      "status": "ok",
      "target": [
        "HP:0000275"
      ]
    },
    "HP:0008050": {
      "id": "HP:0008050",
      "status": "ok",
      "target": [
        "HP:0008050"
      ]
    },
    "HP:0002650": {
      "id": "HP:0002650",
      "status": "ok",
      "target": [
        "HP:0002650"
      ]
    },
    "HP:0000098": {
      "id": "HP:0000098",
      "status": "ok",
      "target": [
        "HP:0000098"
      ]
    },
    "HP:0001238": {
      "id": "HP:0001238",
      "status": "ok",
      "target": [
        "HP:0001238"
      ]
    },
    "HP:0000446": {
      "id": "HP:0000446",
      "status": "ok",
      "target": [
        "HP:0000446"
      ]
    },
    "HP:0000820": {
      "id": "HP:0000820",
      "status": "ok",
      "target": [
        "HP:0000820"
      ]
    },
    "HP:0001780": {
      "id": "HP:0001780",
      "status": "ok",
      "target": [
        "HP:0001780"
      ]
    }
  },
  "response": {
    "ELN": {
      "rank": 1,
      "id": 2006,
      "score": 1.0,
      "status": "SeedGene"
    },
    "VPS13B": {
      "rank": 2,
      "id": 157680,
      "score": 0.8421,
      "status": "SeedGene"
    },
    "SCARF2": {
      "rank": 3,
      "id": 91179,
      "score": 0.6934,
      "status": "SeedGene"
    },
    "FLNA": {
      "rank": 4,
      "id": 2316,
      "score": 0.6447,
      "status": "SeedGene"
    },
    "RECQL4": {
      "rank": 5,
      "id": 9401,
      "score": 0.6244,
      "status": "SeedGene"
    },
    "TGFBR2": {
      "rank": 6,
      "id": 7048,
      "score": 0.6168,
      "status": "SeedGene"
    },
    "COL5A1": {
      "rank": 7,
      "id": 1289,
      "score": 0.6155,
      "status": "SeedGene"
    },
    "PAX3": {
      "rank": 8,
      "id": 5077,
      "score": 0.6095,
      "status": "SeedGene"
    },
    "NDP": {
      "rank": 9,
      "id": 4693,
      "score": 0.6043,
      "status": "SeedGene"
    },
    "FBN1": {
      "rank": 10,
      "id": 2200,
      "score": 0.6026,
      "status": "SeedGene"
    },
    "TGFBR1": {
      "rank": 11,
      "id": 7046,
      "score": 0.5996,
      "status": "SeedGene"
    },
    "COL5A2": {
      "rank": 12,
      "id": 1290,
      "score": 0.588,
      "status": "SeedGene"
    },
    "LIMK1": {
      "rank": 13,
      "id": 3984,
      "score": 0.569,
      "status": "SeedGene"
    },
    "BLM": {
      "rank": 14,
      "id": 641,
      "score": 0.5666,
      "status": "SeedGene"
    },
    "PTEN": {
      "rank": 15,
      "id": 5728,
      "score": 0.5638,
      "status": "SeedGene"
    },
    "MED12": {
      "rank": 16,
      "id": 9968,
      "score": 0.5314,
      "status": "SeedGene"
    },
    "MLXIPL": {
      "rank": 17,
      "id": 51085,
      "score": 0.5142,
      "status": "SeedGene"
    },
    "SLC16A2": {
      "rank": 18,
      "id": 6567,
      "score": 0.5138,
      "status": "SeedGene"
    },
    "KRAS": {
      "rank": 19,
      "id": 3845,
      "score": 0.5085,
      "status": "SeedGene"
    },
    "GJA1": {
      "rank": 20,
      "id": 2697,
      "score": 0.5049,
      "status": "SeedGene"
    },
    "PIK3CA": {
      "rank": 21,
      "id": 5290,
      "score": 0.4907,
      "status": "SeedGene"
    },
    "AKT1": {
      "rank": 22,
      "id": 207,
      "score": 0.4876,
      "status": "SeedGene"
    },
    "CTSC": {
      "rank": 23,
      "id": 1075,
      "score": 0.4778,
      "status": "SeedGene"
    },
    "RFC2": {
      "rank": 24,
      "id": 5982,
      "score": 0.4776,
      "status": "SeedGene"
    },
    "CHD7": {
      "rank": 25,
      "id": 55636,
      "score": 0.469,
      "status": "SeedGene"
    },
    "EZH2": {
      "rank": 26,
      "id": 2146,
      "score": 0.4687,
      "status": "SeedGene"
    },
    "BRAF": {
      "rank": 27,
      "id": 673,
      "score": 0.4582,
      "status": "SeedGene"
    },
    "RPS6KA3": {
      "rank": 28,
      "id": 6197,
      "score": 0.4569,
      "status": "SeedGene"
    },
    "CHST14": {
      "rank": 29,
      "id": 113189,
      "score": 0.4348,
      "status": "SeedGene"
    },
    "SHANK3": {
      "rank": 30,
      "id": 85358,
      "score": 0.4327,
      "status": "SeedGene"
    },
    "DSE": {
      "rank": 31,
      "id": 29940,
      "score": 0.4308,
      "status": "SeedGene"
    },
    "KANSL1": {
      "rank": 32,
      "id": 284058,
      "score": 0.4256,
      "status": "SeedGene"
    },
    "PTCH1": {
      "rank": 33,
      "id": 5727,
      "score": 0.4088,
      "status": "SeedGene"
    },
    "EIF4H": {
      "rank": 34,
      "id": 7458,
      "score": 0.407,
      "status": "SeedGene"
    },
    "FGFR3": {
      "rank": 35,
      "id": 2261,
      "score": 0.4063,
      "status": "SeedGene"
    },
    "MMP2": {
      "rank": 36,
      "id": 4313,
      "score": 0.4032,
      "status": "SeedGene"
    },
    "SMAD3": {
      "rank": 37,
      "id": 4088,
      "score": 0.4021,
      "status": "SeedGene"
    },
    "BAZ1B": {
      "rank": 38,
      "id": 9031,
      "score": 0.3981,
      "status": "SeedGene"
    },
    "FGFR2": {
      "rank": 39,
      "id": 2263,
      "score": 0.3971,
      "status": "SeedGene"
    },
    "ATRX": {
      "rank": 40,
      "id": 546,
      "score": 0.3944,
      "status": "SeedGene"
    },
    "NSD1": {
      "rank": 41,
      "id": 64324,
      "score": 0.3906,
      "status": "SeedGene"
    },
    "LAT2": {
      "rank": 42,
      "id": 7462,
      "score": 0.3883,
      "status": "SeedGene"
    },
    "FKBP6": {
      "rank": 43,
      "id": 8468,
      "score": 0.3878,
      "status": "SeedGene"
    },
    "RAF1": {
      "rank": 44,
      "id": 5894,
      "score": 0.3841,
      "status": "SeedGene"
    },
    "MTM1": {
      "rank": 45,
      "id": 4534,
      "score": 0.3823,
      "status": "SeedGene"
    },
    "TGFB2": {
      "rank": 46,
      "id": 7042,
      "score": 0.3799,
      "status": "SeedGene"
    },
    "TSC2": {
      "rank": 47,
      "id": 7249,
      "score": 0.3769,
      "status": "SeedGene"
    },
    "FGFR1": {
      "rank": 48,
      "id": 2260,
      "score": 0.3735,
      "status": "SeedGene"
    },
    "GTF2I": {
      "rank": 49,
      "id": 2969,
      "score": 0.3732,
      "status": "SeedGene"
    },
    "TBL2": {
      "rank": 50,
      "id": 26608,
      "score": 0.3724,
      "status": "SeedGene"
    },
    "PRKAR1A": {
      "rank": 51,
      "id": 5573,
      "score": 0.3702,
      "status": "SeedGene"
    },
    "GTF2IRD1": {
      "rank": 52,
      "id": 9569,
      "score": 0.3681,
      "status": "SeedGene"
    },
    "EP300": {
      "rank": 53,
      "id": 2033,
      "score": 0.363,
      "status": "SeedGene"
    },
    "MAP2K1": {
      "rank": 54,
      "id": 5604,
      "score": 0.3605,
      "status": "SeedGene"
    },
    "MAP2K2": {
      "rank": 55,
      "id": 5605,
      "score": 0.3573,
      "status": "SeedGene"
    },
    "COL2A1": {
      "rank": 56,
      "id": 1280,
      "score": 0.3545,
      "status": "SeedGene"
    },
    "TSC1": {
      "rank": 57,
      "id": 7248,
      "score": 0.3543,
      "status": "SeedGene"
    },
    "CREBBP": {
      "rank": 58,
      "id": 1387,
      "score": 0.3539,
      "status": "SeedGene"
    },
    "HRAS": {
      "rank": 59,
      "id": 3265,
      "score": 0.3539,
      "status": "SeedGene"
    },
    "CLIP2": {
      "rank": 60,
      "id": 7461,
      "score": 0.3488,
      "status": "SeedGene"
    },
    "ATR": {
      "rank": 61,
      "id": 545,
      "score": 0.3412,
      "status": "SeedGene"
    },
    "GNAQ": {
      "rank": 62,
      "id": 2776,
      "score": 0.3384,
      "status": "SeedGene"
    },
    "SPRED1": {
      "rank": 63,
      "id": 161742,
      "score": 0.3357,
      "status": "SeedGene"
    },
    "TGFB1": {
      "rank": 64,
      "id": 7040,
      "score": 0.3314,
      "status": "SeedGene"
    },
    "NRAS": {
      "rank": 65,
      "id": 4893,
      "score": 0.3286,
      "status": "SeedGene"
    },
    "SMAD4": {
      "rank": 66,
      "id": 4089,
      "score": 0.3276,
      "status": "SeedGene"
    },
    "ACTB": {
      "rank": 67,
      "id": 60,
      "score": 0.3251,
      "status": "SeedGene"
    },
    "NSDHL": {
      "rank": 68,
      "id": 50814,
      "score": 0.3123,
      "status": "SeedGene"
    },
    "GLI3": {
      "rank": 69,
      "id": 2737,
      "score": 0.3088,
      "status": "SeedGene"
    },
    "TBX1": {
      "rank": 70,
      "id": 6899,
      "score": 0.308,
      "status": "SeedGene"
    },
    "SOS1": {
      "rank": 71,
      "id": 6654,
      "score": 0.3062,
      "status": "SeedGene"
    },
    "WRN": {
      "rank": 72,
      "id": 7486,
      "score": 0.3059,
      "status": "SeedGene"
    },
    "NF1": {
      "rank": 73,
      "id": 4763,
      "score": 0.3044,
      "status": "SeedGene"
    },
    "DHCR7": {
      "rank": 74,
      "id": 1717,
      "score": 0.3037,
      "status": "SeedGene"
    },
    "SEMA3E": {
      "rank": 75,
      "id": 9723,
      "score": 0.3033,
      "status": "SeedGene"
    },
    "PTPN11": {
      "rank": 76,
      "id": 5781,
      "score": 0.3031,
      "status": "SeedGene"
    },
    "PSMB8": {
      "rank": 77,
      "id": 5696,
      "score": 0.3017,
      "status": "SeedGene"
    },
    "MAPK1": {
      "rank": 78,
      "id": 5594,
      "score": 0.2985,
      "status": "SeedGene"
    },
    "NELFA": {
      "rank": 79,
      "id": 7469,
      "score": 0.2916,
      "status": "SeedGene"
    },
    "BCL7B": {
      "rank": 80,
      "id": 9275,
      "score": 0.2904,
      "status": "SeedGene"
    },
    "MECP2": {
      "rank": 81,
      "id": 4204,
      "score": 0.2888,
      "status": "SeedGene"
    },
    "EFEMP2": {
      "rank": 82,
      "id": 30008,
      "score": 0.2874,
      "status": "SeedGene"
    },
    "THRB": {
      "rank": 83,
      "id": 7068,
      "score": 0.2849,
      "status": "SeedGene"
    },
    "SLC6A8": {
      "rank": 84,
      "id": 6535,
      "score": 0.2828,
      "status": "SeedGene"
    },
    "RBBP8": {
      "rank": 85,
      "id": 5932,
      "score": 0.2798,
      "status": "SeedGene"
    },
    "LMNA": {
      "rank": 86,
      "id": 4000,
      "score": 0.277,
      "status": "SeedGene"
    },
    "ACTG1": {
      "rank": 87,
      "id": 71,
      "score": 0.2718,
      "status": "SeedGene"
    },
    "KAT6B": {
      "rank": 88,
      "id": 23522,
      "score": 0.27,
      "status": "SeedGene"
    },
    "CENPJ": {
      "rank": 89,
      "id": 55835,
      "score": 0.2697,
      "status": "SeedGene"
    },
    "PLOD1": {
      "rank": 90,
      "id": 5351,
      "score": 0.2676,
      "status": "SeedGene"
    },
    "PRKACA": {
      "rank": 91,
      "id": 5566,
      "score": 0.2658,
      "status": "SeedGene"
    },
    "HSPG2": {
      "rank": 92,
      "id": 3339,
      "score": 0.2656,
      "status": "SeedGene"
    },
    "AR": {
      "rank": 93,
      "id": 367,
      "score": 0.264,
      "status": "SeedGene"
    },
    "EHMT1": {
      "rank": 94,
      "id": 79813,
      "score": 0.2631,
      "status": "SeedGene"
    },
    "COMT": {
      "rank": 95,
      "id": 1312,
      "score": 0.2624,
      "status": "SeedGene"
    },
    "GAMT": {
      "rank": 96,
      "id": 2593,
      "score": 0.2624,
      "status": "SeedGene"
    },
    "LETM1": {
      "rank": 97,
      "id": 3954,
      "score": 0.2622,
      "status": "SeedGene"
    },
    "ATRIP": {
      "rank": 98,
      "id": 84126,
      "score": 0.2609,
      "status": "SeedGene"
    },
    "GATM": {
      "rank": 99,
      "id": 2628,
      "score": 0.2563,
      "status": "SeedGene"
    },
    "NFIX": {
      "rank": 100,
      "id": 4784,
      "score": 0.2551,
      "status": "SeedGene"
    }
  }
}