{
  "query": {
    "HP:0001251": {
      "id": "HP:0001251",
      "status": "ok",
      "target": [
        "HP:0001251"
      ]
    },
    "HP:0001272": {
      "id": "HP:0001272",
      "status": "ok",
      "target": [
        "HP:0001272"
      ]
    },
    "HP:0000365": {
      "id": "HP:0000365",
      "status": "ok",
      "target": [
        "HP:0000365"
      ]
    },
    "HP:0000726": {
      "id": "HP:0000726",
      "status": "ok",
      "target": [
        "HP:0000726"
      ]
    },
    "HP:0009830": {
      "id": "HP:0009830",
      "status": "ok",
      "target": [
        "HP:0009830"
      ]
    },
    "HP:0001257": {
      "id": "HP:0001257",
      "status": "ok",
      "target": [
        "HP:0001257"
      ]
    }
  },
  "response": {
    "CYP27A1": {
      "rank": 1,
      "id": 1593,
      "score": 1.0,
      "status": "SeedGene"
    },
    "ABCD1": {
      "rank": 2,
      "id": 215,
      "score": 0.7496,
      "status": "SeedGene"
    },
    "PRNP": {
      "rank": 3,
      "id": 5621,
      "score": 0.6474,
      "status": "SeedGene"
    },
    "TBP": {
      "rank": 4,
      "id": 6908,
      "score": 0.6111,
      "status": "SeedGene"
    },
    "ATXN3": {
      "rank": 5,
      "id": 4287,
      "score": 0.6033,
      "status": "SeedGene"
    },
    "VPS13A": {
      "rank": 6,
      "id": 23230,
      "score": 0.5422,
      "status": "SeedGene"
    },
    "CACNA1A": {
      "rank": 7,
      "id": 773,
      "score": 0.541,
      "status": "SeedGene"
    },
    "TTR": {
      "rank": 8,
      "id": 7276,
      "score": 0.5401,
      "status": "SeedGene"
    },
    "PPP2R2B": {
      "rank": 9,
      "id": 5521,
      "score": 0.5334,
      "status": "SeedGene"
    },
    "ATP7B": {
      "rank": 10,
      "id": 540,
      "score": 0.5189,
      "status": "SeedGene"
    },
    "ATXN10": {
      "rank": 11,
      "id": 25814,
      "score": 0.5044,
      "status": "SeedGene"
    },
    "FA2H": {
      "rank": 12,
      "id": 79152,
      "score": 0.4811,
      "status": "SeedGene"
    },
    "PEX7": {
      "rank": 13,
      "id": 5191,
      "score": 0.4725,
      "status": "SeedGene"
    },
    "ATXN2": {
      "rank": 14,
      "id": 6311,
      "score": 0.4683,
      "status": "SeedGene"
    },
    "NHLRC1": {
      "rank": 15,
      "id": 378884,
      "score": 0.4683,
      "status": "SeedGene"
    },
    "DNMT1": {
      "rank": 16,
      "id": 1786,
      "score": 0.465,
      "status": "SeedGene"
    },
    "NPC2": {
      "rank": 17,
      "id": 10577,
      "score": 0.4555,
      "status": "SeedGene"
    },
    "EPM2A": {
      "rank": 18,
      "id": 7957,
      "score": 0.4527,
      "status": "SeedGene"
    },
    "POLG": {
      "rank": 19,
      "id": 5428,
      "score": 0.4508,
      "status": "SeedGene"
    },
    "PRPS1": {
      "rank": 20,
      "id": 5631,
      "score": 0.4503,
      "status": "SeedGene"
    },
    "RRM2B": {
      "rank": 21,
      "id": 50484,
      "score": 0.4495,
      "status": "SeedGene"
    },
    "HTT": {
      "rank": 22,
      "id": 3064,
      "score": 0.4465,
      "status": "SeedGene"
    },
    "ARSA": {
      "rank": 23,
      "id": 410,
      "score": 0.4357,
      "status": "SeedGene"
    },
    "APP": {
      "rank": 24,
      "id": 351,
      "score": 0.4327,
      "status": "SeedGene"
    },
    "NPC1": {
      "rank": 25,
      "id": 4864,
      "score": 0.4312,
      "status": "SeedGene"
    },
    "ITPR1": {
      "rank": 26,
      "id": 3708,
      "score": 0.412,
      "status": "SeedGene"
    },
    "PRKCG": {
      "rank": 27,
      "id": 5582,
      "score": 0.4056,
      "status": "SeedGene"
    },
    "FTL": {
      "rank": 28,
      "id": 2512,
      "score": 0.4043,
      "status": "SeedGene"
    },
    "PHYH": {
      "rank": 29,
      "id": 5264,
      "score": 0.4013,
      "status": "SeedGene"
    },
    "SUMF1": {
      "rank": 30,
      "id": 285362,
      "score": 0.3965,
      "status": "SeedGene"
    },
    "ATP13A2": {
      "rank": 31,
      "id": 23400,
      "score": 0.3957,
      "status": "SeedGene"
    },
    "ATXN8OS": {
      "rank": 32,
      "id": 6315,
      "score": 0.3861,
      "status": "SeedGene"
    },
    "WDR45": {
      "rank": 33,
      "id": 11152,
      "score": 0.3826,
      "status": "SeedGene"
    },
    "SPAST": {
      "rank": 34,
      "id": 6683,
      "score": 0.3759,
      "status": "SeedGene"
    },
    "ACO2": {
      "rank": 35,
      "id": 50,
      "score": 0.3705,
      "status": "SeedGene"
    },
    "ATXN8": {
      "rank": 36,
      "id": 724066,
      "score": 0.3595,
      "status": "SeedGene"
    },
    "ADSL": {
      "rank": 37,
      "id": 158,
      "score": 0.3577,
      "status": "SeedGene"
    },
    "GLA": {
      "rank": 38,
      "id": 2717,
      "score": 0.3431,
      "status": "SeedGene"
    },
    "JPH3": {
      "rank": 39,
      "id": 57338,
      "score": 0.3427,
      "status": "SeedGene"
    },
    "TP53": {
      "rank": 40,
      "id": 7157,
      "score": 0.3425,
      "status": "SeedGene"
    },
    "SPG7": {
      "rank": 41,
      "id": 6687,
      "score": 0.3391,
      "status": "SeedGene"
    },
    "GALC": {
      "rank": 42,
      "id": 2581,
      "score": 0.3365,
      "status": "SeedGene"
    },
    "ERCC6": {
      "rank": 43,
      "id": 2074,
      "score": 0.3351,
      "status": "SeedGene"
    },
    "NOTCH3": {
      "rank": 44,
      "id": 4854,
      "score": 0.3312,
      "status": "SeedGene"
    },
    "AFG3L2": {
      "rank": 45,
      "id": 10939,
      "score": 0.3297,
      "status": "SeedGene"
    },
    "KCNJ10": {
      "rank": 46,
      "id": 3766,
      "score": 0.3296,
      "status": "SeedGene"
    },
    "MVK": {
      "rank": 47,
      "id": 4598,
      "score": 0.3285,
      "status": "SeedGene"
    },
    "GBA": {
      "rank": 48,
      "id": 2629,
      "score": 0.3274,
      "status": "SeedGene"
    },
    "FMR1": {
      "rank": 49,
      "id": 2332,
      "score": 0.3234,
      "status": "SeedGene"
    },
    "SDHA": {
      "rank": 50,
      "id": 6389,
      "score": 0.3195,
      "status": "SeedGene"
    },
    "NDUFS1": {
      "rank": 51,
      "id": 4719,
      "score": 0.3116,
      "status": "SeedGene"
    },
    "NDUFS4": {
      "rank": 52,
      "id": 4724,
      "score": 0.3107,
      "status": "SeedGene"
    },
    "COX10": {
      "rank": 53,
      "id": 1352,
      "score": 0.3096,
      "status": "SeedGene"
    },
    "ERCC8": {
      "rank": 54,
      "id": 1161,
      "score": 0.3073,
      "status": "SeedGene"
    },
    "CTSD": {
      "rank": 55,
      "id": 1509,
      "score": 0.3069,
      "status": "SeedGene"
    },
    "JAK2": {
      "rank": 56,
      "id": 3717,
      "score": 0.3067,
      "status": "SeedGene"
    },
    "ERCC3": {
      "rank": 57,
      "id": 2071,
      "score": 0.3023,
      "status": "SeedGene"
    },
    "SETX": {
      "rank": 58,
      "id": 23064,
      "score": 0.3018,
      "status": "SeedGene"
    },
    "PRKAR1A": {
      "rank": 59,
      "id": 5573,
      "score": 0.2992,
      "status": "SeedGene"
    },
    "NDP": {
      "rank": 60,
      "id": 4693,
      "score": 0.2943,
      "status": "SeedGene"
    },
    "AAAS": {
      "rank": 61,
      "id": 8086,
      "score": 0.2927,
      "status": "SeedGene"
    },
    "SIL1": {
      "rank": 62,
      "id": 64374,
      "score": 0.2923,
      "status": "SeedGene"
    },
    "SURF1": {
      "rank": 63,
      "id": 6834,
      "score": 0.2906,
      "status": "SeedGene"
    },
    "MCOLN1": {
      "rank": 64,
      "id": 57192,
      "score": 0.2878,
      "status": "SeedGene"
    },
    "GBE1": {
      "rank": 65,
      "id": 2632,
      "score": 0.2875,
      "status": "SeedGene"
    },
    "AKT1": {
      "rank": 66,
      "id": 207,
      "score": 0.283,
      "status": "SeedGene"
    },
    "ERCC2": {
      "rank": 67,
      "id": 2068,
      "score": 0.2828,
      "status": "SeedGene"
    },
    "PSEN1": {
      "rank": 68,
      "id": 5663,
      "score": 0.2808,
      "status": "SeedGene"
    },
    "FGFR3": {
      "rank": 69,
      "id": 2261,
      "score": 0.2798,
      "status": "SeedGene"
    },
    "INS": {
      "rank": 70,
      "id": 3630,
      "score": 0.2783,
      "status": "SeedGene"
    },
    "CTSF": {
      "rank": 71,
      "id": 8722,
      "score": 0.2778,
      "status": "SeedGene"
    },
    "VCP": {
      "rank": 72,
      "id": 7415,
      "score": 0.2774,
      "status": "SeedGene"
    },
    "PDHA1": {
      "rank": 73,
      "id": 5160,
      "score": 0.277,
      "status": "SeedGene"
    },
    "FUS": {
      "rank": 74,
      "id": 2521,
      "score": 0.2762,
      "status": "SeedGene"
    },
    "NDUFS8": {
      "rank": 75,
      "id": 4728,
      "score": 0.274,
      "status": "SeedGene"
    },
    "NDUFV1": {
      "rank": 76,
      "id": 4723,
      "score": 0.274,
      "status": "SeedGene"
    },
    "NDUFS7": {
      "rank": 77,
      "id": 374291,
      "score": 0.274,
      "status": "SeedGene"
    },
    "NDUFA2": {
      "rank": 78,
      "id": 4695,
      "score": 0.274,
      "status": "SeedGene"
    },
    "NDUFS3": {
      "rank": 79,
      "id": 4722,
      "score": 0.274,
      "status": "SeedGene"
    },
    "NDUFA10": {
      "rank": 80,
      "id": 4705,
      "score": 0.274,
      "status": "SeedGene"
    },
    "PSAP": {
      "rank": 81,
      "id": 5660,
      "score": 0.2716,
      "status": "SeedGene"
    },
    "PLA2G6": {
      "rank": 82,
      "id": 8398,
      "score": 0.2714,
      "status": "SeedGene"
    },
    "ATP6V1A": {
      "rank": 83,
      "id": 523,
      "score": 0.2713,
      "status": "SeedGene"
    },
    "SLC2A1": {
      "rank": 84,
      "id": 6513,
      "score": 0.2698,
      "status": "SeedGene"
    },
    "RARS2": {
      "rank": 85,
      "id": 57038,
      "score": 0.2653,
      "status": "SeedGene"
    },
    "UBB": {
      "rank": 86,
      "id": 7314,
      "score": 0.2651,
      "status": "SeedGene"
    },
    "SLC17A5": {
      "rank": 87,
      "id": 26503,
      "score": 0.2648,
      "status": "SeedGene"
    },
    "SCARB2": {
      "rank": 88,
      "id": 950,
      "score": 0.2645,
      "status": "SeedGene"
    },
    "SLC25A4": {
      "rank": 89,
      "id": 291,
      "score": 0.2635,
      "status": "SeedGene"
    },
    "COQ2": {
      "rank": 90,
      "id": 27235,
      "score": 0.2626,
      "status": "SeedGene"
    },
    "EP300": {
      "rank": 91,
      "id": 2033,
      "score": 0.2624,
      "status": "SeedGene"
    },
    "CALM1": {
      "rank": 92,
      "id": 801,
      "score": 0.2614,
      "status": "Predicted"
    },
    "CALM2": {
      "rank": 93,
      "id": 805,
      "score": 0.2614,
      "status": "Predicted"
    },
    "CALM3": {
      "rank": 94,
      "id": 808,
      "score": 0.2604,
      "status": "Predicted"
    },
    "GSS": {
      "rank": 95,
      "id": 2937,
      "score": 0.2603,
      "status": "SeedGene"
    },
    "KCNC3": {
      "rank": 96,
      "id": 3748,
      "score": 0.2601,
      "status": "SeedGene"
    },
    "PIK3R1": {
      "rank": 97,
      "id": 5295,
      "score": 0.2573,
      "status": "SeedGene"
    },
    "HTRA1": {
      "rank": 98,
      "id": 5654,
      "score": 0.2571,
      "status": "SeedGene"
    },
    "BCS1L": {
      "rank": 99,
      "id": 617,
      "score": 0.2562,
      "status": "SeedGene"
    },
    "ATP6V0A2": {
      "rank": 100,
      "id": 23545,
      "score": 0.2561,
      "status": "SeedGene"
    }
  }
}