{
  "query": {
    "HP:0001263": {
      "id": "HP:0001263",
      "status": "ok",
      "target": [
        "HP:0001263"
      ]
    },
    "HP:0001999": {
      "id": "HP:0001999",
      "status": "ok",
      "target": [
        "HP:0001999"
      ]
    },
    "HP:0002415": {
      "id": "HP:0002415",
      "status": "ok",
      "target": [
        "HP:0002415"
      ]
    },
    "HP:0001250": {
      "id": "HP:0001250",
      "status": "ok",
      "target": [
        "HP:0001250"
      ]
    },
    "HP:0000026": {
      "id": "HP:0000026",
      "status": "ok",
      "target": [
        "HP:0000026"
      ]
    },
    "HP:0002500": {
      "id": "HP:0002500",
      "status": "ok",
      "target": [
        "HP:0002500"
      ]
    }
  },
  "response": {
    "SLC16A2": {
      "rank": 1,
      "id": 6567,
      "score": 1.0,
      "status": "SeedGene"
    },
    "FA2H": {
      "rank": 2,
      "id": 79152,
      "score": 0.8963,
      "status": "SeedGene"
    },
    "PLP1": {
      "rank": 3,
      "id": 5354,
      "score": 0.7306,
      "status": "SeedGene"
    },
    "ACOX1": {
      "rank": 4,
      "id": 51,
      "score": 0.6547,
      "status": "SeedGene"
    },
    "EDNRB": {
      "rank": 5,
      "id": 1910,
      "score": 0.5725,
      "status": "SeedGene"
    },
    "KIF7": {
      "rank": 6,
      "id": 374654,
      "score": 0.5429,
      "status": "SeedGene"
    },
    "FAM126A": {
      "rank": 7,
      "id": 84668,
      "score": 0.498,
      "status": "SeedGene"
    },
    "LRP2": {
      "rank": 8,
      "id": 4036,
      "score": 0.4583,
      "status": "SeedGene"
    },
    "PDHA1": {
      "rank": 9,
      "id": 5160,
      "score": 0.4442,
      "status": "SeedGene"
    },
    "FGFR2": {
      "rank": 10,
      "id": 2263,
      "score": 0.4438,
      "status": "SeedGene"
    },
    "PIK3CA": {
      "rank": 11,
      "id": 5290,
      "score": 0.4229,
      "status": "SeedGene"
    },
    "RAI1": {
      "rank": 12,
      "id": 10743,
      "score": 0.4086,
      "status": "SeedGene"
    },
    "EDN3": {
      "rank": 13,
      "id": 1908,
      "score": 0.4085,
      "status": "SeedGene"
    },
    "SOX10": {
      "rank": 14,
      "id": 6663,
      "score": 0.4081,
      "status": "SeedGene"
    },
    "KRAS": {
      "rank": 15,
      "id": 3845,
      "score": 0.3867,
      "status": "SeedGene"
    },
    "CTC1": {
      "rank": 16,
      "id": 80169,
      "score": 0.3791,
      "status": "SeedGene"
    },
    "FGFR3": {
      "rank": 17,
      "id": 2261,
      "score": 0.3788,
      "status": "SeedGene"
    },
    "COL4A1": {
      "rank": 18,
      "id": 1282,
      "score": 0.3776,
      "status": "SeedGene"
    },
    "BRAF": {
      "rank": 19,
      "id": 673,
      "score": 0.3745,
      "status": "SeedGene"
    },
    "ARSA": {
      "rank": 20,
      "id": 410,
      "score": 0.3634,
      "status": "SeedGene"
    },
    "PTEN": {
      "rank": 21,
      "id": 5728,
      "score": 0.3633,
      "status": "SeedGene"
    },
    "NDUFA2": {
      "rank": 22,
      "id": 4695,
      "score": 0.3589,
      "status": "SeedGene"
    },
    "PC": {
      "rank": 23,
      "id": 5091,
      "score": 0.3511,
      "status": "SeedGene"
    },
    "EP300": {
      "rank": 24,
      "id": 2033,
      "score": 0.3497,
      "status": "SeedGene"
    },
    "NDUFS1": {
      "rank": 25,
      "id": 4719,
      "score": 0.3454,
      "status": "SeedGene"
    },
    "NDUFS8": {
      "rank": 26,
      "id": 4728,
      "score": 0.3454,
      "status": "SeedGene"
    },
    "NDUFS7": {
      "rank": 27,
      "id": 374291,
      "score": 0.3448,
      "status": "SeedGene"
    },
    "NDUFS4": {
      "rank": 28,
      "id": 4724,
      "score": 0.3448,
      "status": "SeedGene"
    },
    "NDUFA10": {
      "rank": 29,
      "id": 4705,
      "score": 0.3448,
      "status": "SeedGene"
    },
    "NDUFS3": {
      "rank": 30,
      "id": 4722,
      "score": 0.3448,
      "status": "SeedGene"
    },
    "NDUFV1": {
      "rank": 31,
      "id": 4723,
      "score": 0.3448,
      "status": "SeedGene"
    },
    "SURF1": {
      "rank": 32,
      "id": 6834,
      "score": 0.3405,
      "status": "SeedGene"
    },
    "OCRL": {
      "rank": 33,
      "id": 4952,
      "score": 0.3398,
      "status": "SeedGene"
    },
    "FH": {
      "rank": 34,
      "id": 2271,
      "score": 0.3392,
      "status": "SeedGene"
    },
    "POLR1C": {
      "rank": 35,
      "id": 9533,
      "score": 0.3372,
      "status": "SeedGene"
    },
    "ADAR": {
      "rank": 36,
      "id": 103,
      "score": 0.3345,
      "status": "SeedGene"
    },
    "SAMHD1": {
      "rank": 37,
      "id": 25939,
      "score": 0.3323,
      "status": "SeedGene"
    },
    "KAT6B": {
      "rank": 38,
      "id": 23522,
      "score": 0.3322,
      "status": "SeedGene"
    },
    "RPS6KA3": {
      "rank": 39,
      "id": 6197,
      "score": 0.3318,
      "status": "SeedGene"
    },
    "SHH": {
      "rank": 40,
      "id": 6469,
      "score": 0.3309,
      "status": "SeedGene"
    },
    "NDUFA4": {
      "rank": 41,
      "id": 4697,
      "score": 0.3306,
      "status": "SeedGene"
    },
    "GFAP": {
      "rank": 42,
      "id": 2670,
      "score": 0.3295,
      "status": "SeedGene"
    },
    "AKT1": {
      "rank": 43,
      "id": 207,
      "score": 0.3282,
      "status": "SeedGene"
    },
    "ACTB": {
      "rank": 44,
      "id": 60,
      "score": 0.3279,
      "status": "SeedGene"
    },
    "NDUFB11": {
      "rank": 45,
      "id": 54539,
      "score": 0.3267,
      "status": "SeedGene"
    },
    "CREBBP": {
      "rank": 46,
      "id": 1387,
      "score": 0.3257,
      "status": "SeedGene"
    },
    "NDUFB8": {
      "rank": 47,
      "id": 4714,
      "score": 0.3197,
      "status": "SeedGene"
    },
    "SMARCA4": {
      "rank": 48,
      "id": 6597,
      "score": 0.3197,
      "status": "SeedGene"
    },
    "FGFR1": {
      "rank": 49,
      "id": 2260,
      "score": 0.3196,
      "status": "SeedGene"
    },
    "NDUFS2": {
      "rank": 50,
      "id": 4720,
      "score": 0.3196,
      "status": "SeedGene"
    },
    "RAF1": {
      "rank": 51,
      "id": 5894,
      "score": 0.315,
      "status": "SeedGene"
    },
    "NDUFA13": {
      "rank": 52,
      "id": 51079,
      "score": 0.3133,
      "status": "SeedGene"
    },
    "SCO2": {
      "rank": 53,
      "id": 9997,
      "score": 0.313,
      "status": "SeedGene"
    },
    "GLI3": {
      "rank": 54,
      "id": 2737,
      "score": 0.3104,
      "status": "SeedGene"
    },
    "TREX1": {
      "rank": 55,
      "id": 11277,
      "score": 0.3102,
      "status": "SeedGene"
    },
    "PSAP": {
      "rank": 56,
      "id": 5660,
      "score": 0.309,
      "status": "SeedGene"
    },
    "INPP5E": {
      "rank": 57,
      "id": 56623,
      "score": 0.3074,
      "status": "SeedGene"
    },
    "NDUFV2": {
      "rank": 58,
      "id": 4729,
      "score": 0.3072,
      "status": "SeedGene"
    },
    "NDUFS6": {
      "rank": 59,
      "id": 4726,
      "score": 0.3062,
      "status": "SeedGene"
    },
    "MAP2K1": {
      "rank": 60,
      "id": 5604,
      "score": 0.3061,
      "status": "SeedGene"
    },
    "COX15": {
      "rank": 61,
      "id": 1355,
      "score": 0.3058,
      "status": "SeedGene"
    },
    "NDUFA11": {
      "rank": 62,
      "id": 126328,
      "score": 0.3054,
      "status": "SeedGene"
    },
    "NDUFA9": {
      "rank": 63,
      "id": 4704,
      "score": 0.3054,
      "status": "SeedGene"
    },
    "NDUFA12": {
      "rank": 64,
      "id": 55967,
      "score": 0.3054,
      "status": "SeedGene"
    },
    "NDUFA1": {
      "rank": 65,
      "id": 4694,
      "score": 0.3054,
      "status": "SeedGene"
    },
    "TCF4": {
      "rank": 66,
      "id": 6925,
      "score": 0.3026,
      "status": "SeedGene"
    },
    "DHCR24": {
      "rank": 67,
      "id": 1718,
      "score": 0.302,
      "status": "SeedGene"
    },
    "NDUFB10": {
      "rank": 68,
      "id": 4716,
      "score": 0.3006,
      "status": "SeedGene"
    },
    "NDUFB3": {
      "rank": 69,
      "id": 4709,
      "score": 0.3006,
      "status": "SeedGene"
    },
    "MAP2K2": {
      "rank": 70,
      "id": 5605,
      "score": 0.2994,
      "status": "SeedGene"
    },
    "OFD1": {
      "rank": 71,
      "id": 8481,
      "score": 0.2962,
      "status": "SeedGene"
    },
    "PRKACA": {
      "rank": 72,
      "id": 5566,
      "score": 0.2947,
      "status": "SeedGene"
    },
    "SIX3": {
      "rank": 73,
      "id": 6496,
      "score": 0.2942,
      "status": "SeedGene"
    },
    "PAFAH1B1": {
      "rank": 74,
      "id": 5048,
      "score": 0.2932,
      "status": "SeedGene"
    },
    "SDHA": {
      "rank": 75,
      "id": 6389,
      "score": 0.2922,
      "status": "SeedGene"
    },
    "RNASEH2A": {
      "rank": 76,
      "id": 10535,
      "score": 0.2905,
      "status": "SeedGene"
    },
    "NSD1": {
      "rank": 77,
      "id": 64324,
      "score": 0.2887,
      "status": "SeedGene"
    },
    "SLC25A19": {
      "rank": 78,
      "id": 60386,
      "score": 0.2882,
      "status": "SeedGene"
    },
    "ARID1B": {
      "rank": 79,
      "id": 57492,
      "score": 0.2871,
      "status": "SeedGene"
    },
    "POLR3A": {
      "rank": 80,
      "id": 11128,
      "score": 0.2829,
      "status": "SeedGene"
    },
    "IDUA": {
      "rank": 81,
      "id": 3425,
      "score": 0.2826,
      "status": "SeedGene"
    },
    "TGFB1": {
      "rank": 82,
      "id": 7040,
      "score": 0.2824,
      "status": "SeedGene"
    },
    "NRAS": {
      "rank": 83,
      "id": 4893,
      "score": 0.2816,
      "status": "SeedGene"
    },
    "PTCH1": {
      "rank": 84,
      "id": 5727,
      "score": 0.2814,
      "status": "SeedGene"
    },
    "SLC19A3": {
      "rank": 85,
      "id": 80704,
      "score": 0.2805,
      "status": "SeedGene"
    },
    "ATP6V0A2": {
      "rank": 86,
      "id": 23545,
      "score": 0.2798,
      "status": "SeedGene"
    },
    "CALM1": {
      "rank": 87,
      "id": 801,
      "score": 0.2788,
      "status": "SeedGene"
    },
    "PIK3R2": {
      "rank": 88,
      "id": 5296,
      "score": 0.2773,
      "status": "SeedGene"
    },
    "MVK": {
      "rank": 89,
      "id": 4598,
      "score": 0.2765,
      "status": "SeedGene"
    },
    "EZH2": {
      "rank": 90,
      "id": 2146,
      "score": 0.2763,
      "status": "SeedGene"
    },
    "CALM2": {
      "rank": 91,
      "id": 805,
      "score": 0.2756,
      "status": "SeedGene"
    },
    "SLC2A1": {
      "rank": 92,
      "id": 6513,
      "score": 0.2733,
      "status": "SeedGene"
    },
    "TP53": {
      "rank": 93,
      "id": 7157,
      "score": 0.2731,
      "status": "SeedGene"
    },
    "POLR3B": {
      "rank": 94,
      "id": 55703,
      "score": 0.2713,
      "status": "SeedGene"
    },
    "RNASEH2C": {
      "rank": 95,
      "id": 84153,
      "score": 0.2688,
      "status": "SeedGene"
    },
    "TMEM237": {
      "rank": 96,
      "id": 65062,
      "score": 0.2682,
      "status": "SeedGene"
    },
    "BMP4": {
      "rank": 97,
      "id": 652,
      "score": 0.2679,
      "status": "SeedGene"
    },
    "MED12": {
      "rank": 98,
      "id": 9968,
      "score": 0.2678,
      "status": "SeedGene"
    },
    "CALM3": {
      "rank": 99,
      "id": 808,
      "score": 0.2675,
      "status": "Predicted"
    },
    "RNASEH2B": {
      "rank": 100,
      "id": 79621,
      "score": 0.2674,
      "status": "SeedGene"
    }
  }
}