{
  "query": {
    "HP:0009372": {
      "id": "HP:0009372",
      "status": "ok",
      "target": [
        "HP:0009372"
      ]
    },
    "HP:0001193": {
      "id": "HP:0001193",
      "status": "ok",
      "target": [
        "HP:0001193"
      ]
    },
    "HP:0007598": {
      "id": "HP:0007598",
      "status": "ok",
      "target": [
        "HP:0007598"
      ]
    },
    "HP:0001762": {
      "id": "HP:0001762",
      "status": "ok",
      "target": [
        "HP:0001762"
      ]
    }
  },
  "response": {
    "MYH3": {
      "rank": 1,
      "id": 4621,
      "score": 1.0,
      "status": "SeedGene"
    },
    "BMPR1B": {
      "rank": 2,
      "id": 658,
      "score": 0.9564,
      "status": "SeedGene"
    },
    "GDF5": {
      "rank": 3,
      "id": 8200,
      "score": 0.8375,
      "status": "SeedGene"
    },
    "SLC26A2": {
      "rank": 4,
      "id": 1836,
      "score": 0.6574,
      "status": "SeedGene"
    },
    "IMPAD1": {
      "rank": 5,
      "id": 54928,
      "score": 0.5718,
      "status": "SeedGene"
    },
    "HRAS": {
      "rank": 6,
      "id": 3265,
      "score": 0.5023,
      "status": "SeedGene"
    },
    "TNNI2": {
      "rank": 7,
      "id": 7136,
      "score": 0.4653,
      "status": "SeedGene"
    },
    "TNNT3": {
      "rank": 8,
      "id": 7140,
      "score": 0.4653,
      "status": "SeedGene"
    },
    "TPM2": {
      "rank": 9,
      "id": 7169,
      "score": 0.4622,
      "status": "SeedGene"
    },
    "FLNA": {
      "rank": 10,
      "id": 2316,
      "score": 0.4564,
      "status": "SeedGene"
    },
    "WNT7A": {
      "rank": 11,
      "id": 7476,
      "score": 0.4398,
      "status": "SeedGene"
    },
    "PAX3": {
      "rank": 12,
      "id": 5077,
      "score": 0.4254,
      "status": "SeedGene"
    },
    "ASXL1": {
      "rank": 13,
      "id": 171023,
      "score": 0.4141,
      "status": "SeedGene"
    },
    "COMP": {
      "rank": 14,
      "id": 1311,
      "score": 0.3903,
      "status": "SeedGene"
    },
    "SHOX": {
      "rank": 15,
      "id": 6473,
      "score": 0.3779,
      "status": "SeedGene"
    },
    "KRAS": {
      "rank": 16,
      "id": 3845,
      "score": 0.3548,
      "status": "SeedGene"
    },
    "HOXA13": {
      "rank": 17,
      "id": 3209,
      "score": 0.3511,
      "status": "SeedGene"
    },
    "SLCO5A1": {
      "rank": 18,
      "id": 81796,
      "score": 0.3461,
      "status": "SeedGene"
    },
    "SULF1": {
      "rank": 19,
      "id": 23213,
      "score": 0.3272,
      "status": "SeedGene"
    },
    "KAT6B": {
      "rank": 20,
      "id": 23522,
      "score": 0.3135,
      "status": "SeedGene"
    },
    "MYBPC1": {
      "rank": 21,
      "id": 4604,
      "score": 0.3114,
      "status": "SeedGene"
    },
    "BMP2": {
      "rank": 22,
      "id": 650,
      "score": 0.2812,
      "status": "SeedGene"
    },
    "FLNB": {
      "rank": 23,
      "id": 2317,
      "score": 0.2684,
      "status": "SeedGene"
    },
    "PEX1": {
      "rank": 24,
      "id": 5189,
      "score": 0.2565,
      "status": "SeedGene"
    },
    "HSPG2": {
      "rank": 25,
      "id": 3339,
      "score": 0.2494,
      "status": "SeedGene"
    },
    "EZH2": {
      "rank": 26,
      "id": 2146,
      "score": 0.248,
      "status": "SeedGene"
    },
    "ATRX": {
      "rank": 27,
      "id": 546,
      "score": 0.2478,
      "status": "SeedGene"
    },
    "FGFR3": {
      "rank": 28,
      "id": 2261,
      "score": 0.236,
      "status": "SeedGene"
    },
    "FGFR2": {
      "rank": 29,
      "id": 2263,
      "score": 0.2351,
      "status": "SeedGene"
    },
    "NALCN": {
      "rank": 30,
      "id": 259232,
      "score": 0.2311,
      "status": "SeedGene"
    },
    "LBR": {
      "rank": 31,
      "id": 3930,
      "score": 0.2283,
      "status": "SeedGene"
    },
    "CCBE1": {
      "rank": 32,
      "id": 147372,
      "score": 0.2133,
      "status": "SeedGene"
    },
    "CD96": {
      "rank": 33,
      "id": 10225,
      "score": 0.213,
      "status": "SeedGene"
    },
    "PEX5": {
      "rank": 34,
      "id": 5830,
      "score": 0.2059,
      "status": "SeedGene"
    },
    "PEX2": {
      "rank": 35,
      "id": 5828,
      "score": 0.2057,
      "status": "SeedGene"
    },
    "PEX19": {
      "rank": 36,
      "id": 5824,
      "score": 0.2036,
      "status": "SeedGene"
    },
    "FGF9": {
      "rank": 37,
      "id": 2254,
      "score": 0.2025,
      "status": "SeedGene"
    },
    "PEX26": {
      "rank": 38,
      "id": 55670,
      "score": 0.2008,
      "status": "SeedGene"
    },
    "CHST3": {
      "rank": 39,
      "id": 9469,
      "score": 0.1988,
      "status": "SeedGene"
    },
    "SMARCA4": {
      "rank": 40,
      "id": 6597,
      "score": 0.1981,
      "status": "SeedGene"
    },
    "PEX10": {
      "rank": 41,
      "id": 5192,
      "score": 0.1957,
      "status": "SeedGene"
    },
    "PEX6": {
      "rank": 42,
      "id": 5190,
      "score": 0.1945,
      "status": "SeedGene"
    },
    "RAPSN": {
      "rank": 43,
      "id": 5913,
      "score": 0.1934,
      "status": "SeedGene"
    },
    "HDAC8": {
      "rank": 44,
      "id": 55869,
      "score": 0.1928,
      "status": "SeedGene"
    },
    "NOG": {
      "rank": 45,
      "id": 9241,
      "score": 0.1914,
      "status": "SeedGene"
    },
    "HDAC4": {
      "rank": 46,
      "id": 9759,
      "score": 0.1889,
      "status": "SeedGene"
    },
    "DOK7": {
      "rank": 47,
      "id": 285489,
      "score": 0.1883,
      "status": "SeedGene"
    },
    "LMX1B": {
      "rank": 48,
      "id": 4010,
      "score": 0.1869,
      "status": "SeedGene"
    },
    "SOX4": {
      "rank": 49,
      "id": 6659,
      "score": 0.1838,
      "status": "SeedGene"
    },
    "SLC16A2": {
      "rank": 50,
      "id": 6567,
      "score": 0.1837,
      "status": "SeedGene"
    },
    "SIN3A": {
      "rank": 51,
      "id": 25942,
      "score": 0.183,
      "status": "SeedGene"
    },
    "RBM28": {
      "rank": 52,
      "id": 55131,
      "score": 0.1829,
      "status": "SeedGene"
    },
    "PEX12": {
      "rank": 53,
      "id": 5193,
      "score": 0.1828,
      "status": "SeedGene"
    },
    "AMACR": {
      "rank": 54,
      "id": 23600,
      "score": 0.1827,
      "status": "SeedGene"
    },
    "TWIST1": {
      "rank": 55,
      "id": 7291,
      "score": 0.1816,
      "status": "SeedGene"
    },
    "SMC1A": {
      "rank": 56,
      "id": 8243,
      "score": 0.1809,
      "status": "SeedGene"
    },
    "TBX4": {
      "rank": 57,
      "id": 9496,
      "score": 0.1806,
      "status": "SeedGene"
    },
    "ROR2": {
      "rank": 58,
      "id": 4920,
      "score": 0.1805,
      "status": "SeedGene"
    },
    "NECTIN1": {
      "rank": 59,
      "id": 5818,
      "score": 0.1768,
      "status": "SeedGene"
    },
    "SMOC1": {
      "rank": 60,
      "id": 64093,
      "score": 0.1768,
      "status": "SeedGene"
    },
    "PEX3": {
      "rank": 61,
      "id": 8504,
      "score": 0.175,
      "status": "SeedGene"
    },
    "EXT1": {
      "rank": 62,
      "id": 2131,
      "score": 0.1748,
      "status": "SeedGene"
    },
    "CDKN2A": {
      "rank": 63,
      "id": 1029,
      "score": 0.1734,
      "status": "Predicted"
    },
    "SMC3": {
      "rank": 64,
      "id": 9126,
      "score": 0.1728,
      "status": "SeedGene"
    },
    "PEX13": {
      "rank": 65,
      "id": 5194,
      "score": 0.1728,
      "status": "SeedGene"
    },
    "PEX16": {
      "rank": 66,
      "id": 9409,
      "score": 0.1721,
      "status": "SeedGene"
    },
    "PEX11B": {
      "rank": 67,
      "id": 8799,
      "score": 0.1721,
      "status": "SeedGene"
    },
    "ARID1A": {
      "rank": 68,
      "id": 8289,
      "score": 0.1714,
      "status": "SeedGene"
    },
    "UBA1": {
      "rank": 69,
      "id": 7317,
      "score": 0.1713,
      "status": "SeedGene"
    },
    "MTMR2": {
      "rank": 70,
      "id": 8898,
      "score": 0.1711,
      "status": "SeedGene"
    },
    "PEX14": {
      "rank": 71,
      "id": 5195,
      "score": 0.1708,
      "status": "SeedGene"
    },
    "ARID2": {
      "rank": 72,
      "id": 196528,
      "score": 0.1706,
      "status": "SeedGene"
    },
    "SMARCE1": {
      "rank": 73,
      "id": 6605,
      "score": 0.1696,
      "status": "SeedGene"
    },
    "ARID1B": {
      "rank": 74,
      "id": 57492,
      "score": 0.1692,
      "status": "SeedGene"
    },
    "FGD4": {
      "rank": 75,
      "id": 121512,
      "score": 0.1689,
      "status": "SeedGene"
    },
    "RAD21": {
      "rank": 76,
      "id": 5885,
      "score": 0.1675,
      "status": "SeedGene"
    },
    "GPC3": {
      "rank": 77,
      "id": 2719,
      "score": 0.1639,
      "status": "SeedGene"
    },
    "SMARCB1": {
      "rank": 78,
      "id": 6598,
      "score": 0.1614,
      "status": "SeedGene"
    },
    "SMARCC2": {
      "rank": 79,
      "id": 6601,
      "score": 0.1609,
      "status": "SeedGene"
    },
    "PNPLA6": {
      "rank": 80,
      "id": 10908,
      "score": 0.1607,
      "status": "SeedGene"
    },
    "CRLF1": {
      "rank": 81,
      "id": 9244,
      "score": 0.1589,
      "status": "SeedGene"
    },
    "GPC4": {
      "rank": 82,
      "id": 2239,
      "score": 0.1567,
      "status": "SeedGene"
    },
    "ESCO2": {
      "rank": 83,
      "id": 157570,
      "score": 0.1557,
      "status": "SeedGene"
    },
    "SOX11": {
      "rank": 84,
      "id": 6664,
      "score": 0.1555,
      "status": "SeedGene"
    },
    "NIPBL": {
      "rank": 85,
      "id": 25836,
      "score": 0.1552,
      "status": "SeedGene"
    },
    "L1CAM": {
      "rank": 86,
      "id": 3897,
      "score": 0.1542,
      "status": "SeedGene"
    },
    "KMT2A": {
      "rank": 87,
      "id": 4297,
      "score": 0.1526,
      "status": "SeedGene"
    },
    "LIFR": {
      "rank": 88,
      "id": 3977,
      "score": 0.1525,
      "status": "SeedGene"
    },
    "SETD5": {
      "rank": 89,
      "id": 55209,
      "score": 0.1516,
      "status": "SeedGene"
    },
    "RNU4ATAC": {
      "rank": 90,
      "id": 100151683,
      "score": 0.1497,
      "status": "SeedGene"
    },
    "NXN": {
      "rank": 91,
      "id": 64359,
      "score": 0.1497,
      "status": "SeedGene"
    },
    "DPF2": {
      "rank": 92,
      "id": 5977,
      "score": 0.1497,
      "status": "SeedGene"
    },
    "TRPS1": {
      "rank": 93,
      "id": 7227,
      "score": 0.1497,
      "status": "SeedGene"
    },
    "DIS3L2": {
      "rank": 94,
      "id": 129563,
      "score": 0.1497,
      "status": "SeedGene"
    },
    "PEPD": {
      "rank": 95,
      "id": 5184,
      "score": 0.1497,
      "status": "SeedGene"
    },
    "CKAP2L": {
      "rank": 96,
      "id": 150468,
      "score": 0.1497,
      "status": "SeedGene"
    },
    "DHCR7": {
      "rank": 97,
      "id": 1717,
      "score": 0.1451,
      "status": "SeedGene"
    },
    "SBF2": {
      "rank": 98,
      "id": 81846,
      "score": 0.145,
      "status": "SeedGene"
    },
    "COL2A1": {
      "rank": 99,
      "id": 1280,
      "score": 0.1441,
      "status": "SeedGene"
    },
    "CTDP1": {
      "rank": 100,
      "id": 9150,
      "score": 0.1381,
      "status": "SeedGene"
    }
  }
}