{
  "query": {
    "HP:0001263": {
      "id": "HP:0001263",
      "status": "ok",
      "target": [
        "HP:0001263"
      ]
    },
    "HP:0002540": {
      "id": "HP:0002540",
      "status": "ok",
      "target": [
        "HP:0002540"
      ]
    },
    "HP:0001344": {
      "id": "HP:0001344",
      "status": "ok",
      "target": [
        "HP:0001344"
      ]
    },
    "HP:0003693": {
      "id": "HP:0003693",
      "status": "ok",
      "target": [
        "HP:0003693"
      ]
    },
    "HP:0001266": {
      "id": "HP:0001266",
      "status": "ok",
      "target": [
        "HP:0001266"
      ]
    },
    "HP:0001250": {
      "id": "HP:0001250",
      "status": "ok",
      "target": [
        "HP:0001250"
      ]
    },
    "HP:0000563": {
      "id": "HP:0000563",
      "status": "ok",
      "target": [
        "HP:0000563"
      ]
    }
  },
  "response": {
    "SLC2A1": {
      "rank": 1,
      "id": 6513,
      "score": 1.0,
      "status": "SeedGene"
    },
    "HPRT1": {
      "rank": 2,
      "id": 3251,
      "score": 0.9978,
      "status": "SeedGene"
    },
    "GDAP1": {
      "rank": 3,
      "id": 54332,
      "score": 0.9858,
      "status": "SeedGene"
    },
    "VPS13A": {
      "rank": 4,
      "id": 23230,
      "score": 0.8944,
      "status": "SeedGene"
    },
    "SLC16A2": {
      "rank": 5,
      "id": 6567,
      "score": 0.8794,
      "status": "SeedGene"
    },
    "ST3GAL5": {
      "rank": 6,
      "id": 8869,
      "score": 0.852,
      "status": "SeedGene"
    },
    "PRRT2": {
      "rank": 7,
      "id": 112476,
      "score": 0.8232,
      "status": "SeedGene"
    },
    "LMX1B": {
      "rank": 8,
      "id": 4010,
      "score": 0.8221,
      "status": "SeedGene"
    },
    "ATM": {
      "rank": 9,
      "id": 472,
      "score": 0.7983,
      "status": "SeedGene"
    },
    "SLC17A5": {
      "rank": 10,
      "id": 26503,
      "score": 0.7741,
      "status": "SeedGene"
    },
    "PLP1": {
      "rank": 11,
      "id": 5354,
      "score": 0.7603,
      "status": "SeedGene"
    },
    "MTMR2": {
      "rank": 12,
      "id": 8898,
      "score": 0.7367,
      "status": "SeedGene"
    },
    "UBE3A": {
      "rank": 13,
      "id": 7337,
      "score": 0.7316,
      "status": "SeedGene"
    },
    "PDHA1": {
      "rank": 14,
      "id": 5160,
      "score": 0.6965,
      "status": "SeedGene"
    },
    "EGR2": {
      "rank": 15,
      "id": 1959,
      "score": 0.6908,
      "status": "SeedGene"
    },
    "TCF4": {
      "rank": 16,
      "id": 6925,
      "score": 0.6669,
      "status": "SeedGene"
    },
    "DDC": {
      "rank": 17,
      "id": 1644,
      "score": 0.6613,
      "status": "SeedGene"
    },
    "FGD4": {
      "rank": 18,
      "id": 121512,
      "score": 0.6419,
      "status": "SeedGene"
    },
    "PRPS1": {
      "rank": 19,
      "id": 5631,
      "score": 0.6372,
      "status": "SeedGene"
    },
    "DLAT": {
      "rank": 20,
      "id": 1737,
      "score": 0.6198,
      "status": "SeedGene"
    },
    "ADSL": {
      "rank": 21,
      "id": 158,
      "score": 0.6113,
      "status": "SeedGene"
    },
    "SETX": {
      "rank": 22,
      "id": 23064,
      "score": 0.5955,
      "status": "SeedGene"
    },
    "SBF2": {
      "rank": 23,
      "id": 81846,
      "score": 0.5884,
      "status": "SeedGene"
    },
    "DYSF": {
      "rank": 24,
      "id": 8291,
      "score": 0.5819,
      "status": "SeedGene"
    },
    "NDRG1": {
      "rank": 25,
      "id": 10397,
      "score": 0.581,
      "status": "SeedGene"
    },
    "FTL": {
      "rank": 26,
      "id": 2512,
      "score": 0.5736,
      "status": "SeedGene"
    },
    "ERCC2": {
      "rank": 27,
      "id": 2068,
      "score": 0.567,
      "status": "SeedGene"
    },
    "MPZ": {
      "rank": 28,
      "id": 4359,
      "score": 0.5602,
      "status": "SeedGene"
    },
    "SH3TC2": {
      "rank": 29,
      "id": 79628,
      "score": 0.5524,
      "status": "SeedGene"
    },
    "GCDH": {
      "rank": 30,
      "id": 2639,
      "score": 0.551,
      "status": "SeedGene"
    },
    "PRX": {
      "rank": 31,
      "id": 57716,
      "score": 0.521,
      "status": "SeedGene"
    },
    "PLOD1": {
      "rank": 32,
      "id": 5351,
      "score": 0.5133,
      "status": "SeedGene"
    },
    "ATXN3": {
      "rank": 33,
      "id": 4287,
      "score": 0.465,
      "status": "SeedGene"
    },
    "PRDM5": {
      "rank": 34,
      "id": 11107,
      "score": 0.4621,
      "status": "SeedGene"
    },
    "ABCA1": {
      "rank": 35,
      "id": 19,
      "score": 0.4613,
      "status": "SeedGene"
    },
    "SPG11": {
      "rank": 36,
      "id": 80208,
      "score": 0.4591,
      "status": "SeedGene"
    },
    "ARX": {
      "rank": 37,
      "id": 170302,
      "score": 0.4587,
      "status": "SeedGene"
    },
    "GNE": {
      "rank": 38,
      "id": 10020,
      "score": 0.4579,
      "status": "SeedGene"
    },
    "XPA": {
      "rank": 39,
      "id": 7507,
      "score": 0.4528,
      "status": "SeedGene"
    },
    "GAN": {
      "rank": 40,
      "id": 8139,
      "score": 0.4485,
      "status": "SeedGene"
    },
    "ZEB2": {
      "rank": 41,
      "id": 9839,
      "score": 0.4426,
      "status": "SeedGene"
    },
    "ATXN2": {
      "rank": 42,
      "id": 6311,
      "score": 0.4421,
      "status": "SeedGene"
    },
    "SACS": {
      "rank": 43,
      "id": 26278,
      "score": 0.4392,
      "status": "SeedGene"
    },
    "ZNF469": {
      "rank": 44,
      "id": 84627,
      "score": 0.4388,
      "status": "SeedGene"
    },
    "ATXN1": {
      "rank": 45,
      "id": 6310,
      "score": 0.4344,
      "status": "SeedGene"
    },
    "PPP2R1A": {
      "rank": 46,
      "id": 5518,
      "score": 0.4263,
      "status": "SeedGene"
    },
    "BSCL2": {
      "rank": 47,
      "id": 26580,
      "score": 0.4259,
      "status": "SeedGene"
    },
    "NUP62": {
      "rank": 48,
      "id": 23636,
      "score": 0.4183,
      "status": "SeedGene"
    },
    "PIGP": {
      "rank": 49,
      "id": 51227,
      "score": 0.4153,
      "status": "SeedGene"
    },
    "ANTXR1": {
      "rank": 50,
      "id": 84168,
      "score": 0.4145,
      "status": "SeedGene"
    },
    "FAM126A": {
      "rank": 51,
      "id": 84668,
      "score": 0.4094,
      "status": "SeedGene"
    },
    "CUL4B": {
      "rank": 52,
      "id": 8450,
      "score": 0.3932,
      "status": "SeedGene"
    },
    "SLC25A4": {
      "rank": 53,
      "id": 291,
      "score": 0.3871,
      "status": "SeedGene"
    },
    "ANO5": {
      "rank": 54,
      "id": 203859,
      "score": 0.3808,
      "status": "SeedGene"
    },
    "KCNQ2": {
      "rank": 55,
      "id": 3785,
      "score": 0.3804,
      "status": "SeedGene"
    },
    "SDHA": {
      "rank": 56,
      "id": 6389,
      "score": 0.3766,
      "status": "SeedGene"
    },
    "PMP22": {
      "rank": 57,
      "id": 5376,
      "score": 0.3765,
      "status": "SeedGene"
    },
    "HRAS": {
      "rank": 58,
      "id": 3265,
      "score": 0.3741,
      "status": "SeedGene"
    },
    "DCAF17": {
      "rank": 59,
      "id": 80067,
      "score": 0.3721,
      "status": "SeedGene"
    },
    "ATP6V1A": {
      "rank": 60,
      "id": 523,
      "score": 0.3691,
      "status": "SeedGene"
    },
    "CAMK2A": {
      "rank": 61,
      "id": 815,
      "score": 0.3683,
      "status": "SeedGene"
    },
    "MCOLN1": {
      "rank": 62,
      "id": 57192,
      "score": 0.3634,
      "status": "SeedGene"
    },
    "GNB1": {
      "rank": 63,
      "id": 2782,
      "score": 0.3615,
      "status": "SeedGene"
    },
    "CACNA1B": {
      "rank": 64,
      "id": 774,
      "score": 0.3604,
      "status": "SeedGene"
    },
    "NDUFA9": {
      "rank": 65,
      "id": 4704,
      "score": 0.3577,
      "status": "SeedGene"
    },
    "AKT1": {
      "rank": 66,
      "id": 207,
      "score": 0.357,
      "status": "SeedGene"
    },
    "CAMK2B": {
      "rank": 67,
      "id": 816,
      "score": 0.3566,
      "status": "SeedGene"
    },
    "RAB7A": {
      "rank": 68,
      "id": 7879,
      "score": 0.356,
      "status": "SeedGene"
    },
    "PIGN": {
      "rank": 69,
      "id": 23556,
      "score": 0.3524,
      "status": "SeedGene"
    },
    "EP300": {
      "rank": 70,
      "id": 2033,
      "score": 0.349,
      "status": "SeedGene"
    },
    "FIG4": {
      "rank": 71,
      "id": 9896,
      "score": 0.3475,
      "status": "SeedGene"
    },
    "GRIN1": {
      "rank": 72,
      "id": 2902,
      "score": 0.3441,
      "status": "SeedGene"
    },
    "NEFL": {
      "rank": 73,
      "id": 4747,
      "score": 0.3439,
      "status": "SeedGene"
    },
    "CALM2": {
      "rank": 74,
      "id": 805,
      "score": 0.3437,
      "status": "SeedGene"
    },
    "CALM1": {
      "rank": 75,
      "id": 801,
      "score": 0.3422,
      "status": "SeedGene"
    },
    "SDHB": {
      "rank": 76,
      "id": 6390,
      "score": 0.3397,
      "status": "SeedGene"
    },
    "ATP7A": {
      "rank": 77,
      "id": 538,
      "score": 0.3394,
      "status": "SeedGene"
    },
    "SDHD": {
      "rank": 78,
      "id": 6392,
      "score": 0.3387,
      "status": "SeedGene"
    },
    "SLC1A2": {
      "rank": 79,
      "id": 6506,
      "score": 0.3377,
      "status": "SeedGene"
    },
    "CALM3": {
      "rank": 80,
      "id": 808,
      "score": 0.3353,
      "status": "Predicted"
    },
    "MECP2": {
      "rank": 81,
      "id": 4204,
      "score": 0.3347,
      "status": "SeedGene"
    },
    "POMT1": {
      "rank": 82,
      "id": 10585,
      "score": 0.3347,
      "status": "SeedGene"
    },
    "GNAO1": {
      "rank": 83,
      "id": 2775,
      "score": 0.334,
      "status": "SeedGene"
    },
    "SPTBN4": {
      "rank": 84,
      "id": 57731,
      "score": 0.3338,
      "status": "SeedGene"
    },
    "MED25": {
      "rank": 85,
      "id": 81857,
      "score": 0.3288,
      "status": "SeedGene"
    },
    "DNM1": {
      "rank": 86,
      "id": 1759,
      "score": 0.3275,
      "status": "SeedGene"
    },
    "PIK3CA": {
      "rank": 87,
      "id": 5290,
      "score": 0.3271,
      "status": "SeedGene"
    },
    "POLG": {
      "rank": 88,
      "id": 5428,
      "score": 0.3247,
      "status": "SeedGene"
    },
    "PANK2": {
      "rank": 89,
      "id": 80025,
      "score": 0.3242,
      "status": "SeedGene"
    },
    "PRKACA": {
      "rank": 90,
      "id": 5566,
      "score": 0.3228,
      "status": "Predicted"
    },
    "BMP4": {
      "rank": 91,
      "id": 652,
      "score": 0.3214,
      "status": "SeedGene"
    },
    "RAC1": {
      "rank": 92,
      "id": 5879,
      "score": 0.3205,
      "status": "SeedGene"
    },
    "KIF1A": {
      "rank": 93,
      "id": 547,
      "score": 0.32,
      "status": "SeedGene"
    },
    "TRPV4": {
      "rank": 94,
      "id": 59341,
      "score": 0.3192,
      "status": "SeedGene"
    },
    "GNAS": {
      "rank": 95,
      "id": 2778,
      "score": 0.3186,
      "status": "SeedGene"
    },
    "SBF1": {
      "rank": 96,
      "id": 6305,
      "score": 0.3179,
      "status": "SeedGene"
    },
    "SLC2A10": {
      "rank": 97,
      "id": 81031,
      "score": 0.3169,
      "status": "SeedGene"
    },
    "VCP": {
      "rank": 98,
      "id": 7415,
      "score": 0.3164,
      "status": "SeedGene"
    },
    "GMPPB": {
      "rank": 99,
      "id": 29925,
      "score": 0.3142,
      "status": "SeedGene"
    },
    "SLC9A6": {
      "rank": 100,
      "id": 10479,
      "score": 0.3139,
      "status": "SeedGene"
    }
  }
}