{
  "query": {
    "HP:0001067": {
      "id": "HP:0001067",
      "status": "ok",
      "target": [
        "HP:0001067"
      ]
    }
  },
  "response": {
    "SPRED1": {
      "rank": 1,
      "id": 161742,
      "score": 1.0,
      "status": "SeedGene"
    },
    "KIT": {
      "rank": 2,
      "id": 3815,
      "score": 0.6294,
      "status": "SeedGene"
    },
    "SDHB": {
      "rank": 3,
      "id": 6390,
      "score": 0.5609,
      "status": "SeedGene"
    },
    "SDHC": {
      "rank": 4,
      "id": 6391,
      "score": 0.5609,
      "status": "SeedGene"
    },
    "NF1": {
      "rank": 5,
      "id": 4763,
      "score": 0.5417,
      "status": "SeedGene"
    },
    "PDGFRA": {
      "rank": 6,
      "id": 5156,
      "score": 0.49,
      "status": "SeedGene"
    },
    "SDHA": {
      "rank": 7,
      "id": 6389,
      "score": 0.4255,
      "status": "SeedGene"
    },
    "PDGFB": {
      "rank": 8,
      "id": 5155,
      "score": 0.1617,
      "status": "SeedGene"
    },
    "SUFU": {
      "rank": 9,
      "id": 51684,
      "score": 0.1527,
      "status": "SeedGene"
    },
    "NF2": {
      "rank": 10,
      "id": 4771,
      "score": 0.1498,
      "status": "SeedGene"
    },
    "SMARCB1": {
      "rank": 11,
      "id": 6598,
      "score": 0.1396,
      "status": "SeedGene"
    },
    "LEPR": {
      "rank": 12,
      "id": 3953,
      "score": 0.0483,
      "status": "Predicted"
    },
    "LRP1": {
      "rank": 13,
      "id": 4035,
      "score": 0.0448,
      "status": "Predicted"
    },
    "PDGFRB": {
      "rank": 14,
      "id": 5159,
      "score": 0.0442,
      "status": "Predicted"
    },
    "CD44": {
      "rank": 15,
      "id": 960,
      "score": 0.0437,
      "status": "Predicted"
    },
    "MME": {
      "rank": 16,
      "id": 4311,
      "score": 0.0436,
      "status": "Predicted"
    },
    "ITGB3": {
      "rank": 17,
      "id": 3690,
      "score": 0.0427,
      "status": "Predicted"
    },
    "ERBB2": {
      "rank": 18,
      "id": 2064,
      "score": 0.0424,
      "status": "Predicted"
    },
    "SDHD": {
      "rank": 19,
      "id": 6392,
      "score": 0.0418,
      "status": "Predicted"
    },
    "CD36": {
      "rank": 20,
      "id": 948,
      "score": 0.0415,
      "status": "Predicted"
    },
    "ITGAV": {
      "rank": 21,
      "id": 3685,
      "score": 0.0414,
      "status": "Predicted"
    },
    "CSF2RB": {
      "rank": 22,
      "id": 1439,
      "score": 0.0413,
      "status": "Predicted"
    },
    "FGFR2": {
      "rank": 23,
      "id": 2263,
      "score": 0.0413,
      "status": "Predicted"
    },
    "FGFR3": {
      "rank": 24,
      "id": 2261,
      "score": 0.0411,
      "status": "Predicted"
    },
    "FGFR1": {
      "rank": 25,
      "id": 2260,
      "score": 0.0411,
      "status": "Predicted"
    },
    "ITGB1": {
      "rank": 26,
      "id": 3688,
      "score": 0.0411,
      "status": "Predicted"
    },
    "ANPEP": {
      "rank": 27,
      "id": 290,
      "score": 0.0409,
      "status": "Predicted"
    },
    "FGFR4": {
      "rank": 28,
      "id": 2264,
      "score": 0.0408,
      "status": "Predicted"
    },
    "TEK": {
      "rank": 29,
      "id": 7010,
      "score": 0.0408,
      "status": "Predicted"
    },
    "CSF1R": {
      "rank": 30,
      "id": 1436,
      "score": 0.0406,
      "status": "Predicted"
    },
    "ITGA2B": {
      "rank": 31,
      "id": 3674,
      "score": 0.0405,
      "status": "Predicted"
    },
    "IGF1R": {
      "rank": 32,
      "id": 3480,
      "score": 0.04,
      "status": "Predicted"
    },
    "KDR": {
      "rank": 33,
      "id": 3791,
      "score": 0.0399,
      "status": "Predicted"
    },
    "ITGB2": {
      "rank": 34,
      "id": 3689,
      "score": 0.0395,
      "status": "Predicted"
    },
    "CD19": {
      "rank": 35,
      "id": 930,
      "score": 0.0395,
      "status": "Predicted"
    },
    "FLT3": {
      "rank": 36,
      "id": 2322,
      "score": 0.0394,
      "status": "Predicted"
    },
    "CSF3R": {
      "rank": 37,
      "id": 1441,
      "score": 0.0394,
      "status": "Predicted"
    },
    "CDH1": {
      "rank": 38,
      "id": 999,
      "score": 0.0392,
      "status": "Predicted"
    },
    "ITGA2": {
      "rank": 39,
      "id": 3673,
      "score": 0.0389,
      "status": "Predicted"
    },
    "BMPR1A": {
      "rank": 40,
      "id": 657,
      "score": 0.0389,
      "status": "Predicted"
    },
    "ITGAM": {
      "rank": 41,
      "id": 3684,
      "score": 0.0385,
      "status": "Predicted"
    },
    "LIFR": {
      "rank": 42,
      "id": 3977,
      "score": 0.0385,
      "status": "Predicted"
    },
    "BMPR1B": {
      "rank": 43,
      "id": 658,
      "score": 0.0382,
      "status": "Predicted"
    },
    "SDC1": {
      "rank": 44,
      "id": 6382,
      "score": 0.0381,
      "status": "Predicted"
    },
    "CD28": {
      "rank": 45,
      "id": 940,
      "score": 0.0381,
      "status": "Predicted"
    },
    "ICOS": {
      "rank": 46,
      "id": 29851,
      "score": 0.0381,
      "status": "Predicted"
    },
    "CD86": {
      "rank": 47,
      "id": 942,
      "score": 0.0381,
      "status": "Predicted"
    },
    "CD80": {
      "rank": 48,
      "id": 941,
      "score": 0.0381,
      "status": "Predicted"
    },
    "ITGA3": {
      "rank": 49,
      "id": 3675,
      "score": 0.0381,
      "status": "Predicted"
    },
    "CD14": {
      "rank": 50,
      "id": 929,
      "score": 0.0379,
      "status": "Predicted"
    },
    "CXCR2": {
      "rank": 51,
      "id": 3579,
      "score": 0.0377,
      "status": "Predicted"
    },
    "CXCR5": {
      "rank": 52,
      "id": 643,
      "score": 0.0377,
      "status": "Predicted"
    },
    "CXCR6": {
      "rank": 53,
      "id": 10663,
      "score": 0.0377,
      "status": "Predicted"
    },
    "CXCR1": {
      "rank": 54,
      "id": 3577,
      "score": 0.0377,
      "status": "Predicted"
    },
    "ITGA5": {
      "rank": 55,
      "id": 3678,
      "score": 0.0376,
      "status": "Predicted"
    },
    "BST1": {
      "rank": 56,
      "id": 683,
      "score": 0.0375,
      "status": "Predicted"
    },
    "CD38": {
      "rank": 57,
      "id": 952,
      "score": 0.0373,
      "status": "Predicted"
    },
    "FCGR1A": {
      "rank": 58,
      "id": 2209,
      "score": 0.0371,
      "status": "Predicted"
    },
    "CD4": {
      "rank": 59,
      "id": 920,
      "score": 0.0371,
      "status": "Predicted"
    },
    "VCAM1": {
      "rank": 60,
      "id": 7412,
      "score": 0.0371,
      "status": "Predicted"
    },
    "ICAM1": {
      "rank": 61,
      "id": 3383,
      "score": 0.0371,
      "status": "Predicted"
    },
    "ITGA1": {
      "rank": 62,
      "id": 3672,
      "score": 0.0371,
      "status": "Predicted"
    },
    "TLR9": {
      "rank": 63,
      "id": 54106,
      "score": 0.0367,
      "status": "Predicted"
    },
    "NCAM1": {
      "rank": 64,
      "id": 4684,
      "score": 0.0367,
      "status": "Predicted"
    },
    "ITGAX": {
      "rank": 65,
      "id": 3687,
      "score": 0.0364,
      "status": "Predicted"
    },
    "NRP1": {
      "rank": 66,
      "id": 8829,
      "score": 0.0361,
      "status": "Predicted"
    },
    "IFITM1": {
      "rank": 67,
      "id": 8519,
      "score": 0.0357,
      "status": "Predicted"
    },
    "PRNP": {
      "rank": 68,
      "id": 5621,
      "score": 0.0357,
      "status": "Predicted"
    },
    "BST2": {
      "rank": 69,
      "id": 684,
      "score": 0.0357,
      "status": "Predicted"
    },
    "MUC1": {
      "rank": 70,
      "id": 4582,
      "score": 0.0357,
      "status": "Predicted"
    },
    "CD3E": {
      "rank": 71,
      "id": 916,
      "score": 0.0356,
      "status": "Predicted"
    },
    "ITGA4": {
      "rank": 72,
      "id": 3676,
      "score": 0.0356,
      "status": "Predicted"
    },
    "CD3D": {
      "rank": 73,
      "id": 915,
      "score": 0.0356,
      "status": "Predicted"
    },
    "TLR4": {
      "rank": 74,
      "id": 7099,
      "score": 0.0356,
      "status": "Predicted"
    },
    "TLR2": {
      "rank": 75,
      "id": 7097,
      "score": 0.0356,
      "status": "Predicted"
    },
    "CD3G": {
      "rank": 76,
      "id": 917,
      "score": 0.0356,
      "status": "Predicted"
    },
    "CD55": {
      "rank": 77,
      "id": 1604,
      "score": 0.0356,
      "status": "Predicted"
    },
    "JAG1": {
      "rank": 78,
      "id": 182,
      "score": 0.0356,
      "status": "Predicted"
    },
    "CD1D": {
      "rank": 79,
      "id": 912,
      "score": 0.0352,
      "status": "Predicted"
    },
    "CD1A": {
      "rank": 80,
      "id": 909,
      "score": 0.0352,
      "status": "Predicted"
    },
    "CD1B": {
      "rank": 81,
      "id": 910,
      "score": 0.0352,
      "status": "Predicted"
    },
    "CD1C": {
      "rank": 82,
      "id": 911,
      "score": 0.0352,
      "status": "Predicted"
    },
    "SLC7A5": {
      "rank": 83,
      "id": 8140,
      "score": 0.0352,
      "status": "Predicted"
    },
    "CD81": {
      "rank": 84,
      "id": 975,
      "score": 0.0351,
      "status": "Predicted"
    },
    "IGF2R": {
      "rank": 85,
      "id": 3482,
      "score": 0.035,
      "status": "Predicted"
    },
    "PTPRJ": {
      "rank": 86,
      "id": 5795,
      "score": 0.0348,
      "status": "Predicted"
    },
    "PTPRC": {
      "rank": 87,
      "id": 5788,
      "score": 0.0342,
      "status": "Predicted"
    },
    "CD22": {
      "rank": 88,
      "id": 933,
      "score": 0.0342,
      "status": "Predicted"
    },
    "CD8B": {
      "rank": 89,
      "id": 926,
      "score": 0.0342,
      "status": "Predicted"
    },
    "CD33": {
      "rank": 90,
      "id": 945,
      "score": 0.0342,
      "status": "Predicted"
    },
    "CD8A": {
      "rank": 91,
      "id": 925,
      "score": 0.0342,
      "status": "Predicted"
    },
    "CD34": {
      "rank": 92,
      "id": 947,
      "score": 0.0342,
      "status": "Predicted"
    },
    "F11R": {
      "rank": 93,
      "id": 50848,
      "score": 0.0341,
      "status": "Predicted"
    },
    "CDH5": {
      "rank": 94,
      "id": 1003,
      "score": 0.0339,
      "status": "Predicted"
    },
    "C5AR1": {
      "rank": 95,
      "id": 728,
      "score": 0.0334,
      "status": "Predicted"
    },
    "MST1R": {
      "rank": 96,
      "id": 4486,
      "score": 0.0334,
      "status": "Predicted"
    },
    "PTGDR2": {
      "rank": 97,
      "id": 11251,
      "score": 0.0334,
      "status": "Predicted"
    },
    "KEL": {
      "rank": 98,
      "id": 3792,
      "score": 0.0334,
      "status": "Predicted"
    },
    "NT5E": {
      "rank": 99,
      "id": 4907,
      "score": 0.0332,
      "status": "Predicted"
    },
    "L1CAM": {
      "rank": 100,
      "id": 3897,
      "score": 0.0332,
      "status": "Predicted"
    }
  }
}