{
  "query": {
    "HP:0000365": {
      "id": "HP:0000365",
      "status": "ok",
      "target": [
        "HP:0000365"
      ]
    },
    "HP:0007703": {
      "id": "HP:0007703",
      "status": "ok",
      "target": [
        "HP:0007703"
      ]
    },
    "HP:0000662": {
      "id": "HP:0000662",
      "status": "ok",
      "target": [
        "HP:0000662"
      ]
    },
    "HP:0000510": {
      "id": "HP:0000510",
      "status": "ok",
      "target": [
        "HP:0000510"
      ]
    },
    "HP:0007843": {
      "id": "HP:0007843",
      "status": "ok",
      "target": [
        "HP:0007843"
      ]
    }
  },
  "response": {
    "RPE65": {
      "rank": 1,
      "id": 6121,
      "score": 1.0,
      "status": "SeedGene"
    },
    "AIPL1": {
      "rank": 2,
      "id": 23746,
      "score": 0.9153,
      "status": "SeedGene"
    },
    "ABCA4": {
      "rank": 3,
      "id": 24,
      "score": 0.9152,
      "status": "SeedGene"
    },
    "PDE6G": {
      "rank": 4,
      "id": 5148,
      "score": 0.8268,
      "status": "SeedGene"
    },
    "CLRN1": {
      "rank": 5,
      "id": 7401,
      "score": 0.8123,
      "status": "SeedGene"
    },
    "PRPH2": {
      "rank": 6,
      "id": 5961,
      "score": 0.8016,
      "status": "SeedGene"
    },
    "CRX": {
      "rank": 7,
      "id": 1406,
      "score": 0.7904,
      "status": "SeedGene"
    },
    "LRAT": {
      "rank": 8,
      "id": 9227,
      "score": 0.7816,
      "status": "SeedGene"
    },
    "RHO": {
      "rank": 9,
      "id": 6010,
      "score": 0.7804,
      "status": "SeedGene"
    },
    "PDE6A": {
      "rank": 10,
      "id": 5145,
      "score": 0.7763,
      "status": "SeedGene"
    },
    "C8ORF37": {
      "rank": 11,
      "id": 157657,
      "score": 0.7686,
      "status": "SeedGene"
    },
    "USH2A": {
      "rank": 12,
      "id": 7399,
      "score": 0.7542,
      "status": "SeedGene"
    },
    "IMPDH1": {
      "rank": 13,
      "id": 3614,
      "score": 0.747,
      "status": "SeedGene"
    },
    "CNGB1": {
      "rank": 14,
      "id": 1258,
      "score": 0.7458,
      "status": "SeedGene"
    },
    "RGR": {
      "rank": 15,
      "id": 5995,
      "score": 0.7396,
      "status": "SeedGene"
    },
    "RPGR": {
      "rank": 16,
      "id": 6103,
      "score": 0.7361,
      "status": "SeedGene"
    },
    "ROM1": {
      "rank": 17,
      "id": 6094,
      "score": 0.7311,
      "status": "SeedGene"
    },
    "TTC8": {
      "rank": 18,
      "id": 123016,
      "score": 0.7262,
      "status": "SeedGene"
    },
    "CNGA1": {
      "rank": 19,
      "id": 1259,
      "score": 0.7099,
      "status": "SeedGene"
    },
    "RLBP1": {
      "rank": 20,
      "id": 6017,
      "score": 0.7055,
      "status": "SeedGene"
    },
    "IDH3B": {
      "rank": 21,
      "id": 3420,
      "score": 0.6958,
      "status": "SeedGene"
    },
    "RDH12": {
      "rank": 22,
      "id": 145226,
      "score": 0.6882,
      "status": "SeedGene"
    },
    "SNRNP200": {
      "rank": 23,
      "id": 23020,
      "score": 0.6874,
      "status": "SeedGene"
    },
    "BEST1": {
      "rank": 24,
      "id": 7439,
      "score": 0.6724,
      "status": "SeedGene"
    },
    "SEMA4A": {
      "rank": 25,
      "id": 64218,
      "score": 0.6698,
      "status": "SeedGene"
    },
    "PDE6B": {
      "rank": 26,
      "id": 5158,
      "score": 0.6308,
      "status": "SeedGene"
    },
    "TOPORS": {
      "rank": 27,
      "id": 10210,
      "score": 0.6293,
      "status": "SeedGene"
    },
    "RBP3": {
      "rank": 28,
      "id": 5949,
      "score": 0.6283,
      "status": "SeedGene"
    },
    "EYS": {
      "rank": 29,
      "id": 346007,
      "score": 0.6269,
      "status": "SeedGene"
    },
    "FSCN2": {
      "rank": 30,
      "id": 25794,
      "score": 0.6269,
      "status": "SeedGene"
    },
    "ARL6": {
      "rank": 31,
      "id": 84100,
      "score": 0.6256,
      "status": "SeedGene"
    },
    "PRCD": {
      "rank": 32,
      "id": 768206,
      "score": 0.6244,
      "status": "SeedGene"
    },
    "ZNF513": {
      "rank": 33,
      "id": 130557,
      "score": 0.6236,
      "status": "SeedGene"
    },
    "CERKL": {
      "rank": 34,
      "id": 375298,
      "score": 0.6163,
      "status": "SeedGene"
    },
    "SAG": {
      "rank": 35,
      "id": 6295,
      "score": 0.6026,
      "status": "SeedGene"
    },
    "CRB1": {
      "rank": 36,
      "id": 23418,
      "score": 0.5983,
      "status": "SeedGene"
    },
    "GUCA1B": {
      "rank": 37,
      "id": 2979,
      "score": 0.5982,
      "status": "SeedGene"
    },
    "PROM1": {
      "rank": 38,
      "id": 8842,
      "score": 0.5938,
      "status": "SeedGene"
    },
    "TULP1": {
      "rank": 39,
      "id": 7287,
      "score": 0.5911,
      "status": "SeedGene"
    },
    "NR2E3": {
      "rank": 40,
      "id": 10002,
      "score": 0.5787,
      "status": "SeedGene"
    },
    "CA4": {
      "rank": 41,
      "id": 762,
      "score": 0.5743,
      "status": "SeedGene"
    },
    "MERTK": {
      "rank": 42,
      "id": 10461,
      "score": 0.5547,
      "status": "SeedGene"
    },
    "SPATA7": {
      "rank": 43,
      "id": 55812,
      "score": 0.5517,
      "status": "SeedGene"
    },
    "PRPF8": {
      "rank": 44,
      "id": 10594,
      "score": 0.5412,
      "status": "SeedGene"
    },
    "PHYH": {
      "rank": 45,
      "id": 5264,
      "score": 0.5324,
      "status": "SeedGene"
    },
    "PRPF6": {
      "rank": 46,
      "id": 24148,
      "score": 0.5321,
      "status": "SeedGene"
    },
    "PEX7": {
      "rank": 47,
      "id": 5191,
      "score": 0.5249,
      "status": "SeedGene"
    },
    "DHDDS": {
      "rank": 48,
      "id": 79947,
      "score": 0.5159,
      "status": "SeedGene"
    },
    "MAK": {
      "rank": 49,
      "id": 4117,
      "score": 0.5091,
      "status": "SeedGene"
    },
    "RP2": {
      "rank": 50,
      "id": 6102,
      "score": 0.5081,
      "status": "SeedGene"
    },
    "PRPF31": {
      "rank": 51,
      "id": 26121,
      "score": 0.4964,
      "status": "SeedGene"
    },
    "RP9": {
      "rank": 52,
      "id": 6100,
      "score": 0.494,
      "status": "SeedGene"
    },
    "PRPF3": {
      "rank": 53,
      "id": 9129,
      "score": 0.4923,
      "status": "SeedGene"
    },
    "NRL": {
      "rank": 54,
      "id": 4901,
      "score": 0.4798,
      "status": "SeedGene"
    },
    "RP1": {
      "rank": 55,
      "id": 6101,
      "score": 0.4745,
      "status": "SeedGene"
    },
    "FAM161A": {
      "rank": 56,
      "id": 84140,
      "score": 0.4743,
      "status": "SeedGene"
    },
    "KLHL7": {
      "rank": 57,
      "id": 55975,
      "score": 0.4703,
      "status": "SeedGene"
    },
    "IMPG2": {
      "rank": 58,
      "id": 50939,
      "score": 0.4661,
      "status": "SeedGene"
    },
    "RPGRIP1": {
      "rank": 59,
      "id": 57096,
      "score": 0.4516,
      "status": "SeedGene"
    },
    "GUCY2D": {
      "rank": 60,
      "id": 3000,
      "score": 0.4279,
      "status": "SeedGene"
    },
    "PEX19": {
      "rank": 61,
      "id": 5824,
      "score": 0.4069,
      "status": "SeedGene"
    },
    "OFD1": {
      "rank": 62,
      "id": 8481,
      "score": 0.4022,
      "status": "SeedGene"
    },
    "CDHR1": {
      "rank": 63,
      "id": 92211,
      "score": 0.3987,
      "status": "SeedGene"
    },
    "NEK2": {
      "rank": 64,
      "id": 4751,
      "score": 0.3931,
      "status": "SeedGene"
    },
    "CHM": {
      "rank": 65,
      "id": 1121,
      "score": 0.3821,
      "status": "SeedGene"
    },
    "PEX10": {
      "rank": 66,
      "id": 5192,
      "score": 0.3603,
      "status": "SeedGene"
    },
    "PEX5": {
      "rank": 67,
      "id": 5830,
      "score": 0.3573,
      "status": "SeedGene"
    },
    "PEX3": {
      "rank": 68,
      "id": 8504,
      "score": 0.3564,
      "status": "SeedGene"
    },
    "CEP290": {
      "rank": 69,
      "id": 80184,
      "score": 0.3548,
      "status": "SeedGene"
    },
    "CYP4V2": {
      "rank": 70,
      "id": 285440,
      "score": 0.3459,
      "status": "SeedGene"
    },
    "PEX6": {
      "rank": 71,
      "id": 5190,
      "score": 0.3439,
      "status": "SeedGene"
    },
    "PEX12": {
      "rank": 72,
      "id": 5193,
      "score": 0.3432,
      "status": "SeedGene"
    },
    "PEX2": {
      "rank": 73,
      "id": 5828,
      "score": 0.3387,
      "status": "SeedGene"
    },
    "NMNAT1": {
      "rank": 74,
      "id": 64802,
      "score": 0.3317,
      "status": "SeedGene"
    },
    "PEX1": {
      "rank": 75,
      "id": 5189,
      "score": 0.3292,
      "status": "SeedGene"
    },
    "GUCA1A": {
      "rank": 76,
      "id": 2978,
      "score": 0.3234,
      "status": "SeedGene"
    },
    "PEX14": {
      "rank": 77,
      "id": 5195,
      "score": 0.323,
      "status": "SeedGene"
    },
    "PEX26": {
      "rank": 78,
      "id": 55670,
      "score": 0.3171,
      "status": "SeedGene"
    },
    "PEX16": {
      "rank": 79,
      "id": 9409,
      "score": 0.3152,
      "status": "SeedGene"
    },
    "PEX13": {
      "rank": 80,
      "id": 5194,
      "score": 0.3149,
      "status": "SeedGene"
    },
    "MYO7A": {
      "rank": 81,
      "id": 4647,
      "score": 0.2885,
      "status": "SeedGene"
    },
    "ARL2BP": {
      "rank": 82,
      "id": 23568,
      "score": 0.2873,
      "status": "SeedGene"
    },
    "RDH5": {
      "rank": 83,
      "id": 5959,
      "score": 0.2838,
      "status": "SeedGene"
    },
    "PEX11B": {
      "rank": 84,
      "id": 8799,
      "score": 0.2773,
      "status": "SeedGene"
    },
    "GNAT2": {
      "rank": 85,
      "id": 2780,
      "score": 0.276,
      "status": "SeedGene"
    },
    "OPN1MW": {
      "rank": 86,
      "id": 2652,
      "score": 0.266,
      "status": "SeedGene"
    },
    "OPN1LW": {
      "rank": 87,
      "id": 5956,
      "score": 0.266,
      "status": "SeedGene"
    },
    "IFT172": {
      "rank": 88,
      "id": 26160,
      "score": 0.2651,
      "status": "SeedGene"
    },
    "PDE6C": {
      "rank": 89,
      "id": 5146,
      "score": 0.2607,
      "status": "SeedGene"
    },
    "CNGB3": {
      "rank": 90,
      "id": 54714,
      "score": 0.2601,
      "status": "SeedGene"
    },
    "IQCB1": {
      "rank": 91,
      "id": 9657,
      "score": 0.2466,
      "status": "SeedGene"
    },
    "USH1C": {
      "rank": 92,
      "id": 10083,
      "score": 0.2443,
      "status": "SeedGene"
    },
    "CDH23": {
      "rank": 93,
      "id": 64072,
      "score": 0.2351,
      "status": "SeedGene"
    },
    "PDE6H": {
      "rank": 94,
      "id": 5149,
      "score": 0.2304,
      "status": "SeedGene"
    },
    "CIB2": {
      "rank": 95,
      "id": 10518,
      "score": 0.2233,
      "status": "SeedGene"
    },
    "NPHP4": {
      "rank": 96,
      "id": 261734,
      "score": 0.2225,
      "status": "SeedGene"
    },
    "PCDH15": {
      "rank": 97,
      "id": 65217,
      "score": 0.2201,
      "status": "SeedGene"
    },
    "USH1G": {
      "rank": 98,
      "id": 124590,
      "score": 0.2171,
      "status": "SeedGene"
    },
    "RP1L1": {
      "rank": 99,
      "id": 94137,
      "score": 0.213,
      "status": "SeedGene"
    },
    "SDCCAG8": {
      "rank": 100,
      "id": 10806,
      "score": 0.2104,
      "status": "SeedGene"
    }
  }
}