{
  "query": {
    "HP:0001266": {
      "id": "HP:0001266",
      "status": "ok",
      "target": [
        "HP:0001266"
      ]
    },
    "HP:0001263": {
      "id": "HP:0001263",
      "status": "ok",
      "target": [
        "HP:0001263"
      ]
    },
    "HP:0001321": {
      "id": "HP:0001321",
      "status": "ok",
      "target": [
        "HP:0001321"
      ]
    },
    "HP:0011968": {
      "id": "HP:0011968",
      "status": "ok",
      "target": [
        "HP:0011968"
      ]
    }
  },
  "response": {
    "HPRT1": {
      "rank": 1,
      "id": 3251,
      "score": 1.0,
      "status": "SeedGene"
    },
    "VPS13A": {
      "rank": 2,
      "id": 23230,
      "score": 0.8139,
      "status": "SeedGene"
    },
    "PRRT2": {
      "rank": 3,
      "id": 112476,
      "score": 0.8011,
      "status": "SeedGene"
    },
    "ATM": {
      "rank": 4,
      "id": 472,
      "score": 0.7845,
      "status": "SeedGene"
    },
    "PLP1": {
      "rank": 5,
      "id": 5354,
      "score": 0.7704,
      "status": "SeedGene"
    },
    "SLC2A1": {
      "rank": 6,
      "id": 6513,
      "score": 0.7496,
      "status": "SeedGene"
    },
    "ERCC2": {
      "rank": 7,
      "id": 2068,
      "score": 0.7206,
      "status": "SeedGene"
    },
    "DDC": {
      "rank": 8,
      "id": 1644,
      "score": 0.691,
      "status": "SeedGene"
    },
    "PDHA1": {
      "rank": 9,
      "id": 5160,
      "score": 0.634,
      "status": "SeedGene"
    },
    "FTL": {
      "rank": 10,
      "id": 2512,
      "score": 0.6154,
      "status": "SeedGene"
    },
    "GCDH": {
      "rank": 11,
      "id": 2639,
      "score": 0.5993,
      "status": "SeedGene"
    },
    "DLAT": {
      "rank": 12,
      "id": 1737,
      "score": 0.5915,
      "status": "SeedGene"
    },
    "ST3GAL5": {
      "rank": 13,
      "id": 8869,
      "score": 0.5369,
      "status": "SeedGene"
    },
    "SLC25A19": {
      "rank": 14,
      "id": 60386,
      "score": 0.5267,
      "status": "SeedGene"
    },
    "VPS13B": {
      "rank": 15,
      "id": 157680,
      "score": 0.5229,
      "status": "SeedGene"
    },
    "XPA": {
      "rank": 16,
      "id": 7507,
      "score": 0.4812,
      "status": "SeedGene"
    },
    "ERCC6": {
      "rank": 17,
      "id": 2074,
      "score": 0.4678,
      "status": "SeedGene"
    },
    "ARX": {
      "rank": 18,
      "id": 170302,
      "score": 0.4563,
      "status": "SeedGene"
    },
    "ELN": {
      "rank": 19,
      "id": 2006,
      "score": 0.3956,
      "status": "SeedGene"
    },
    "DCAF17": {
      "rank": 20,
      "id": 80067,
      "score": 0.3917,
      "status": "SeedGene"
    },
    "TERT": {
      "rank": 21,
      "id": 7015,
      "score": 0.3623,
      "status": "SeedGene"
    },
    "NKX2-1": {
      "rank": 22,
      "id": 7080,
      "score": 0.3401,
      "status": "SeedGene"
    },
    "PAFAH1B1": {
      "rank": 23,
      "id": 5048,
      "score": 0.3347,
      "status": "SeedGene"
    },
    "RTEL1": {
      "rank": 24,
      "id": 51750,
      "score": 0.3304,
      "status": "SeedGene"
    },
    "TINF2": {
      "rank": 25,
      "id": 26277,
      "score": 0.3232,
      "status": "SeedGene"
    },
    "DKC1": {
      "rank": 26,
      "id": 1736,
      "score": 0.311,
      "status": "SeedGene"
    },
    "SMARCB1": {
      "rank": 27,
      "id": 6598,
      "score": 0.3051,
      "status": "SeedGene"
    },
    "SMARCE1": {
      "rank": 28,
      "id": 6605,
      "score": 0.2973,
      "status": "SeedGene"
    },
    "ATP7A": {
      "rank": 29,
      "id": 538,
      "score": 0.2963,
      "status": "SeedGene"
    },
    "ASPA": {
      "rank": 30,
      "id": 443,
      "score": 0.2958,
      "status": "SeedGene"
    },
    "ERCC1": {
      "rank": 31,
      "id": 2067,
      "score": 0.2944,
      "status": "SeedGene"
    },
    "SMARCA4": {
      "rank": 32,
      "id": 6597,
      "score": 0.2928,
      "status": "SeedGene"
    },
    "MLXIPL": {
      "rank": 33,
      "id": 51085,
      "score": 0.2919,
      "status": "SeedGene"
    },
    "NUP62": {
      "rank": 34,
      "id": 23636,
      "score": 0.2766,
      "status": "SeedGene"
    },
    "VLDLR": {
      "rank": 35,
      "id": 7436,
      "score": 0.268,
      "status": "SeedGene"
    },
    "BMP4": {
      "rank": 36,
      "id": 652,
      "score": 0.2603,
      "status": "SeedGene"
    },
    "SPR": {
      "rank": 37,
      "id": 6697,
      "score": 0.2598,
      "status": "SeedGene"
    },
    "EP300": {
      "rank": 38,
      "id": 2033,
      "score": 0.2571,
      "status": "SeedGene"
    },
    "PIGN": {
      "rank": 39,
      "id": 23556,
      "score": 0.2563,
      "status": "SeedGene"
    },
    "RAB3GAP1": {
      "rank": 40,
      "id": 22930,
      "score": 0.2511,
      "status": "SeedGene"
    },
    "TSEN54": {
      "rank": 41,
      "id": 283989,
      "score": 0.2486,
      "status": "SeedGene"
    },
    "NDUFA1": {
      "rank": 42,
      "id": 4694,
      "score": 0.2457,
      "status": "SeedGene"
    },
    "RPS6KA3": {
      "rank": 43,
      "id": 6197,
      "score": 0.2454,
      "status": "SeedGene"
    },
    "ARID1A": {
      "rank": 44,
      "id": 8289,
      "score": 0.2428,
      "status": "SeedGene"
    },
    "RAF1": {
      "rank": 45,
      "id": 5894,
      "score": 0.2428,
      "status": "SeedGene"
    },
    "KRAS": {
      "rank": 46,
      "id": 3845,
      "score": 0.2422,
      "status": "SeedGene"
    },
    "GNAS": {
      "rank": 47,
      "id": 2778,
      "score": 0.2409,
      "status": "SeedGene"
    },
    "HSPD1": {
      "rank": 48,
      "id": 3329,
      "score": 0.2401,
      "status": "SeedGene"
    },
    "ARID1B": {
      "rank": 49,
      "id": 57492,
      "score": 0.2376,
      "status": "SeedGene"
    },
    "NDUFA13": {
      "rank": 50,
      "id": 51079,
      "score": 0.2375,
      "status": "SeedGene"
    },
    "CHMP1A": {
      "rank": 51,
      "id": 5119,
      "score": 0.2352,
      "status": "SeedGene"
    },
    "HSD17B10": {
      "rank": 52,
      "id": 3028,
      "score": 0.234,
      "status": "SeedGene"
    },
    "SIX3": {
      "rank": 53,
      "id": 6496,
      "score": 0.2338,
      "status": "SeedGene"
    },
    "NDUFA9": {
      "rank": 54,
      "id": 4704,
      "score": 0.2332,
      "status": "SeedGene"
    },
    "SDHB": {
      "rank": 55,
      "id": 6390,
      "score": 0.2324,
      "status": "SeedGene"
    },
    "OCRL": {
      "rank": 56,
      "id": 4952,
      "score": 0.2322,
      "status": "SeedGene"
    },
    "ATP6V0A2": {
      "rank": 57,
      "id": 23545,
      "score": 0.2318,
      "status": "SeedGene"
    },
    "PIGP": {
      "rank": 58,
      "id": 51227,
      "score": 0.2317,
      "status": "SeedGene"
    },
    "GALE": {
      "rank": 59,
      "id": 2582,
      "score": 0.2278,
      "status": "SeedGene"
    },
    "ASL": {
      "rank": 60,
      "id": 435,
      "score": 0.2276,
      "status": "SeedGene"
    },
    "GAA": {
      "rank": 61,
      "id": 2548,
      "score": 0.2272,
      "status": "SeedGene"
    },
    "AKT1": {
      "rank": 62,
      "id": 207,
      "score": 0.227,
      "status": "SeedGene"
    },
    "RAC1": {
      "rank": 63,
      "id": 5879,
      "score": 0.2255,
      "status": "SeedGene"
    },
    "CREBBP": {
      "rank": 64,
      "id": 1387,
      "score": 0.2245,
      "status": "SeedGene"
    },
    "ATP1A3": {
      "rank": 65,
      "id": 478,
      "score": 0.2217,
      "status": "SeedGene"
    },
    "PSAT1": {
      "rank": 66,
      "id": 29968,
      "score": 0.2215,
      "status": "SeedGene"
    },
    "PIGQ": {
      "rank": 67,
      "id": 9091,
      "score": 0.221,
      "status": "SeedGene"
    },
    "PANK2": {
      "rank": 68,
      "id": 80025,
      "score": 0.2203,
      "status": "SeedGene"
    },
    "SDHC": {
      "rank": 69,
      "id": 6391,
      "score": 0.2199,
      "status": "SeedGene"
    },
    "PTS": {
      "rank": 70,
      "id": 5805,
      "score": 0.2196,
      "status": "SeedGene"
    },
    "CASK": {
      "rank": 71,
      "id": 8573,
      "score": 0.2193,
      "status": "SeedGene"
    },
    "PIK3R5": {
      "rank": 72,
      "id": 23533,
      "score": 0.2187,
      "status": "SeedGene"
    },
    "GALT": {
      "rank": 73,
      "id": 2592,
      "score": 0.2181,
      "status": "SeedGene"
    },
    "RARS2": {
      "rank": 74,
      "id": 57038,
      "score": 0.2145,
      "status": "SeedGene"
    },
    "SLC16A2": {
      "rank": 75,
      "id": 6567,
      "score": 0.2144,
      "status": "SeedGene"
    },
    "SOX2": {
      "rank": 76,
      "id": 6657,
      "score": 0.214,
      "status": "SeedGene"
    },
    "CAV1": {
      "rank": 77,
      "id": 857,
      "score": 0.2135,
      "status": "SeedGene"
    },
    "GPSM2": {
      "rank": 78,
      "id": 29899,
      "score": 0.2135,
      "status": "SeedGene"
    },
    "ITPR1": {
      "rank": 79,
      "id": 3708,
      "score": 0.2133,
      "status": "SeedGene"
    },
    "NRAS": {
      "rank": 80,
      "id": 4893,
      "score": 0.2131,
      "status": "SeedGene"
    },
    "LIMK1": {
      "rank": 81,
      "id": 3984,
      "score": 0.2128,
      "status": "SeedGene"
    },
    "GNAO1": {
      "rank": 82,
      "id": 2775,
      "score": 0.2114,
      "status": "SeedGene"
    },
    "ERCC5": {
      "rank": 83,
      "id": 2073,
      "score": 0.2107,
      "status": "SeedGene"
    },
    "TUBB4A": {
      "rank": 84,
      "id": 10382,
      "score": 0.2103,
      "status": "SeedGene"
    },
    "ATP6V1E1": {
      "rank": 85,
      "id": 529,
      "score": 0.2099,
      "status": "SeedGene"
    },
    "UBB": {
      "rank": 86,
      "id": 7314,
      "score": 0.2097,
      "status": "SeedGene"
    },
    "ATP6V1A": {
      "rank": 87,
      "id": 523,
      "score": 0.2093,
      "status": "SeedGene"
    },
    "BRAF": {
      "rank": 88,
      "id": 673,
      "score": 0.2083,
      "status": "SeedGene"
    },
    "TGFB1": {
      "rank": 89,
      "id": 7040,
      "score": 0.2082,
      "status": "SeedGene"
    },
    "ATP8A2": {
      "rank": 90,
      "id": 51761,
      "score": 0.208,
      "status": "SeedGene"
    },
    "QDPR": {
      "rank": 91,
      "id": 5860,
      "score": 0.2071,
      "status": "SeedGene"
    },
    "RAB18": {
      "rank": 92,
      "id": 22931,
      "score": 0.2069,
      "status": "SeedGene"
    },
    "GCH1": {
      "rank": 93,
      "id": 2643,
      "score": 0.2068,
      "status": "SeedGene"
    },
    "PIK3CA": {
      "rank": 94,
      "id": 5290,
      "score": 0.2065,
      "status": "SeedGene"
    },
    "WDR81": {
      "rank": 95,
      "id": 124997,
      "score": 0.2063,
      "status": "SeedGene"
    },
    "SUOX": {
      "rank": 96,
      "id": 6821,
      "score": 0.2063,
      "status": "SeedGene"
    },
    "ATP1A2": {
      "rank": 97,
      "id": 477,
      "score": 0.2059,
      "status": "SeedGene"
    },
    "SMPD1": {
      "rank": 98,
      "id": 6609,
      "score": 0.205,
      "status": "SeedGene"
    },
    "PTCH1": {
      "rank": 99,
      "id": 5727,
      "score": 0.2048,
      "status": "SeedGene"
    },
    "TP53": {
      "rank": 100,
      "id": 7157,
      "score": 0.2046,
      "status": "SeedGene"
    }
  }
}