{
  "query": {
    "HP:0003473": {
      "id": "HP:0003473",
      "status": "ok",
      "target": [
        "HP:0003473"
      ]
    },
    "HP:0000954": {
      "id": "HP:0000954",
      "status": "ok",
      "target": [
        "HP:0000954"
      ]
    },
    "HP:0000598": {
      "id": "HP:0000598",
      "status": "ok",
      "target": [
        "HP:0000598"
      ]
    },
    "HP:0030148": {
      "id": "HP:0030148",
      "status": "ok",
      "target": [
        "HP:0030148"
      ]
    },
    "HP:0000126": {
      "id": "HP:0000126",
      "status": "ok",
      "target": [
        "HP:0000126"
      ]
    },
    "HP:0001252": {
      "id": "HP:0001252",
      "status": "ok",
      "target": [
        "HP:0001252"
      ]
    },
    "HP:0000579": {
      "id": "HP:0000579",
      "status": "ok",
      "target": [
        "HP:0000579"
      ]
    }
  },
  "response": {
    "TFAP2A": {
      "rank": 1,
      "id": 7020,
      "score": 1.0,
      "status": "SeedGene"
    },
    "FGFR2": {
      "rank": 2,
      "id": 2263,
      "score": 0.5111,
      "status": "SeedGene"
    },
    "FGFR3": {
      "rank": 3,
      "id": 2261,
      "score": 0.4118,
      "status": "SeedGene"
    },
    "TP63": {
      "rank": 4,
      "id": 8626,
      "score": 0.4106,
      "status": "SeedGene"
    },
    "PTDSS1": {
      "rank": 5,
      "id": 9791,
      "score": 0.4074,
      "status": "SeedGene"
    },
    "FREM1": {
      "rank": 6,
      "id": 158326,
      "score": 0.4061,
      "status": "SeedGene"
    },
    "EZH2": {
      "rank": 7,
      "id": 2146,
      "score": 0.4014,
      "status": "SeedGene"
    },
    "SMARCA4": {
      "rank": 8,
      "id": 6597,
      "score": 0.3673,
      "status": "SeedGene"
    },
    "KAT6B": {
      "rank": 9,
      "id": 23522,
      "score": 0.3443,
      "status": "SeedGene"
    },
    "ARID1B": {
      "rank": 10,
      "id": 57492,
      "score": 0.3299,
      "status": "SeedGene"
    },
    "ARID1A": {
      "rank": 11,
      "id": 8289,
      "score": 0.3216,
      "status": "SeedGene"
    },
    "FIG4": {
      "rank": 12,
      "id": 9896,
      "score": 0.3197,
      "status": "SeedGene"
    },
    "SMARCE1": {
      "rank": 13,
      "id": 6605,
      "score": 0.3165,
      "status": "SeedGene"
    },
    "SMARCB1": {
      "rank": 14,
      "id": 6598,
      "score": 0.3123,
      "status": "SeedGene"
    },
    "DHCR7": {
      "rank": 15,
      "id": 1717,
      "score": 0.3074,
      "status": "SeedGene"
    },
    "EP300": {
      "rank": 16,
      "id": 2033,
      "score": 0.3074,
      "status": "SeedGene"
    },
    "FLNA": {
      "rank": 17,
      "id": 2316,
      "score": 0.298,
      "status": "SeedGene"
    },
    "CREBBP": {
      "rank": 18,
      "id": 1387,
      "score": 0.2941,
      "status": "SeedGene"
    },
    "PORCN": {
      "rank": 19,
      "id": 64840,
      "score": 0.2871,
      "status": "SeedGene"
    },
    "NBN": {
      "rank": 20,
      "id": 4683,
      "score": 0.2794,
      "status": "SeedGene"
    },
    "CHD7": {
      "rank": 21,
      "id": 55636,
      "score": 0.2596,
      "status": "SeedGene"
    },
    "PEX19": {
      "rank": 22,
      "id": 5824,
      "score": 0.2529,
      "status": "SeedGene"
    },
    "NSDHL": {
      "rank": 23,
      "id": 50814,
      "score": 0.2459,
      "status": "SeedGene"
    },
    "MKKS": {
      "rank": 24,
      "id": 8195,
      "score": 0.2381,
      "status": "SeedGene"
    },
    "RPS6KA3": {
      "rank": 25,
      "id": 6197,
      "score": 0.2372,
      "status": "SeedGene"
    },
    "SMC3": {
      "rank": 26,
      "id": 9126,
      "score": 0.2353,
      "status": "SeedGene"
    },
    "ROR2": {
      "rank": 27,
      "id": 4920,
      "score": 0.2329,
      "status": "SeedGene"
    },
    "POMT2": {
      "rank": 28,
      "id": 29954,
      "score": 0.2307,
      "status": "SeedGene"
    },
    "POMT1": {
      "rank": 29,
      "id": 10585,
      "score": 0.2307,
      "status": "SeedGene"
    },
    "ATP7A": {
      "rank": 30,
      "id": 538,
      "score": 0.2284,
      "status": "SeedGene"
    },
    "UBR1": {
      "rank": 31,
      "id": 197131,
      "score": 0.228,
      "status": "SeedGene"
    },
    "XDH": {
      "rank": 32,
      "id": 7498,
      "score": 0.2235,
      "status": "SeedGene"
    },
    "PEX10": {
      "rank": 33,
      "id": 5192,
      "score": 0.221,
      "status": "SeedGene"
    },
    "PEX3": {
      "rank": 34,
      "id": 8504,
      "score": 0.2209,
      "status": "SeedGene"
    },
    "TCF4": {
      "rank": 35,
      "id": 6925,
      "score": 0.2191,
      "status": "SeedGene"
    },
    "TWIST1": {
      "rank": 36,
      "id": 7291,
      "score": 0.2183,
      "status": "SeedGene"
    },
    "VCP": {
      "rank": 37,
      "id": 7415,
      "score": 0.2153,
      "status": "SeedGene"
    },
    "PEX6": {
      "rank": 38,
      "id": 5190,
      "score": 0.2147,
      "status": "SeedGene"
    },
    "GNA11": {
      "rank": 39,
      "id": 2767,
      "score": 0.2127,
      "status": "SeedGene"
    },
    "PPARGC1A": {
      "rank": 40,
      "id": 10891,
      "score": 0.2124,
      "status": "SeedGene"
    },
    "LMNA": {
      "rank": 41,
      "id": 4000,
      "score": 0.2113,
      "status": "SeedGene"
    },
    "PEX12": {
      "rank": 42,
      "id": 5193,
      "score": 0.2093,
      "status": "SeedGene"
    },
    "RRM2B": {
      "rank": 43,
      "id": 50484,
      "score": 0.2078,
      "status": "SeedGene"
    },
    "PEX1": {
      "rank": 44,
      "id": 5189,
      "score": 0.2076,
      "status": "SeedGene"
    },
    "AGRN": {
      "rank": 45,
      "id": 375790,
      "score": 0.2057,
      "status": "SeedGene"
    },
    "PEX5": {
      "rank": 46,
      "id": 5830,
      "score": 0.2049,
      "status": "SeedGene"
    },
    "ERBB4": {
      "rank": 47,
      "id": 2066,
      "score": 0.2047,
      "status": "SeedGene"
    },
    "PEX2": {
      "rank": 48,
      "id": 5828,
      "score": 0.2039,
      "status": "SeedGene"
    },
    "FGF10": {
      "rank": 49,
      "id": 2255,
      "score": 0.203,
      "status": "SeedGene"
    },
    "SLC16A2": {
      "rank": 50,
      "id": 6567,
      "score": 0.2027,
      "status": "SeedGene"
    },
    "DPAGT1": {
      "rank": 51,
      "id": 1798,
      "score": 0.2008,
      "status": "SeedGene"
    },
    "BRAF": {
      "rank": 52,
      "id": 673,
      "score": 0.2007,
      "status": "SeedGene"
    },
    "PEX26": {
      "rank": 53,
      "id": 55670,
      "score": 0.1992,
      "status": "SeedGene"
    },
    "DCTN1": {
      "rank": 54,
      "id": 1639,
      "score": 0.199,
      "status": "SeedGene"
    },
    "SALL4": {
      "rank": 55,
      "id": 57167,
      "score": 0.199,
      "status": "SeedGene"
    },
    "NHP2": {
      "rank": 56,
      "id": 55651,
      "score": 0.1985,
      "status": "SeedGene"
    },
    "PEX16": {
      "rank": 57,
      "id": 9409,
      "score": 0.1982,
      "status": "SeedGene"
    },
    "PEX13": {
      "rank": 58,
      "id": 5194,
      "score": 0.1978,
      "status": "SeedGene"
    },
    "CACNA1S": {
      "rank": 59,
      "id": 779,
      "score": 0.1971,
      "status": "SeedGene"
    },
    "KRT14": {
      "rank": 60,
      "id": 3861,
      "score": 0.1961,
      "status": "SeedGene"
    },
    "PEX14": {
      "rank": 61,
      "id": 5195,
      "score": 0.1957,
      "status": "SeedGene"
    },
    "NOP10": {
      "rank": 62,
      "id": 55505,
      "score": 0.1946,
      "status": "SeedGene"
    },
    "KANSL1": {
      "rank": 63,
      "id": 284058,
      "score": 0.1928,
      "status": "SeedGene"
    },
    "KRT5": {
      "rank": 64,
      "id": 3852,
      "score": 0.1922,
      "status": "SeedGene"
    },
    "KAT6A": {
      "rank": 65,
      "id": 7994,
      "score": 0.1917,
      "status": "SeedGene"
    },
    "SNAP25": {
      "rank": 66,
      "id": 6616,
      "score": 0.1911,
      "status": "SeedGene"
    },
    "DAO": {
      "rank": 67,
      "id": 1610,
      "score": 0.1904,
      "status": "SeedGene"
    },
    "PFN1": {
      "rank": 68,
      "id": 5216,
      "score": 0.1903,
      "status": "SeedGene"
    },
    "ITGA7": {
      "rank": 69,
      "id": 3679,
      "score": 0.1895,
      "status": "SeedGene"
    },
    "ALG2": {
      "rank": 70,
      "id": 85365,
      "score": 0.1894,
      "status": "SeedGene"
    },
    "HNRNPA1": {
      "rank": 71,
      "id": 3178,
      "score": 0.1893,
      "status": "SeedGene"
    },
    "MYL2": {
      "rank": 72,
      "id": 4633,
      "score": 0.1885,
      "status": "SeedGene"
    },
    "GMPPB": {
      "rank": 73,
      "id": 29925,
      "score": 0.1876,
      "status": "SeedGene"
    },
    "KRAS": {
      "rank": 74,
      "id": 3845,
      "score": 0.1874,
      "status": "SeedGene"
    },
    "TPM3": {
      "rank": 75,
      "id": 7170,
      "score": 0.1857,
      "status": "SeedGene"
    },
    "ACADM": {
      "rank": 76,
      "id": 34,
      "score": 0.1852,
      "status": "SeedGene"
    },
    "GFPT1": {
      "rank": 77,
      "id": 2673,
      "score": 0.1852,
      "status": "SeedGene"
    },
    "FKRP": {
      "rank": 78,
      "id": 79147,
      "score": 0.1848,
      "status": "SeedGene"
    },
    "FGFR1": {
      "rank": 79,
      "id": 2260,
      "score": 0.1847,
      "status": "SeedGene"
    },
    "DKK1": {
      "rank": 80,
      "id": 22943,
      "score": 0.1841,
      "status": "SeedGene"
    },
    "TCOF1": {
      "rank": 81,
      "id": 6949,
      "score": 0.1832,
      "status": "SeedGene"
    },
    "MAP2K1": {
      "rank": 82,
      "id": 5604,
      "score": 0.1829,
      "status": "SeedGene"
    },
    "TPM2": {
      "rank": 83,
      "id": 7169,
      "score": 0.1824,
      "status": "SeedGene"
    },
    "ORAI1": {
      "rank": 84,
      "id": 84876,
      "score": 0.1819,
      "status": "SeedGene"
    },
    "SOD1": {
      "rank": 85,
      "id": 6647,
      "score": 0.1818,
      "status": "SeedGene"
    },
    "SQSTM1": {
      "rank": 86,
      "id": 8878,
      "score": 0.1804,
      "status": "SeedGene"
    },
    "PLEC": {
      "rank": 87,
      "id": 5339,
      "score": 0.1801,
      "status": "SeedGene"
    },
    "ALG14": {
      "rank": 88,
      "id": 199857,
      "score": 0.1792,
      "status": "SeedGene"
    },
    "STIM1": {
      "rank": 89,
      "id": 6786,
      "score": 0.1788,
      "status": "SeedGene"
    },
    "PEX11B": {
      "rank": 90,
      "id": 8799,
      "score": 0.1784,
      "status": "SeedGene"
    },
    "PON1": {
      "rank": 91,
      "id": 5444,
      "score": 0.1779,
      "status": "SeedGene"
    },
    "PON2": {
      "rank": 92,
      "id": 5445,
      "score": 0.1779,
      "status": "SeedGene"
    },
    "PON3": {
      "rank": 93,
      "id": 5446,
      "score": 0.1779,
      "status": "SeedGene"
    },
    "SLC25A1": {
      "rank": 94,
      "id": 6576,
      "score": 0.1768,
      "status": "SeedGene"
    },
    "SLC18A3": {
      "rank": 95,
      "id": 6572,
      "score": 0.175,
      "status": "SeedGene"
    },
    "HDAC8": {
      "rank": 96,
      "id": 55869,
      "score": 0.1748,
      "status": "SeedGene"
    },
    "SOX9": {
      "rank": 97,
      "id": 6662,
      "score": 0.1745,
      "status": "SeedGene"
    },
    "ACADL": {
      "rank": 98,
      "id": 33,
      "score": 0.1744,
      "status": "SeedGene"
    },
    "FGF9": {
      "rank": 99,
      "id": 2254,
      "score": 0.1741,
      "status": "SeedGene"
    },
    "OFD1": {
      "rank": 100,
      "id": 8481,
      "score": 0.1729,
      "status": "SeedGene"
    }
  }
}