{
  "query": {
    "HP:0001288": {
      "id": "HP:0001288",
      "status": "ok",
      "target": [
        "HP:0001288"
      ]
    },
    "HP:0001347": {
      "id": "HP:0001347",
      "status": "ok",
      "target": [
        "HP:0001347"
      ]
    },
    "HP:0007443": {
      "id": "HP:0007443",
      "status": "ok",
      "target": [
        "HP:0007443"
      ]
    },
    "HP:0001427": {
      "id": "HP:0001427",
      "status": "unknown",
      "target": null
    },
    "HP:0001324": {
      "id": "HP:0001324",
      "status": "ok",
      "target": [
        "HP:0001324"
      ]
    },
    "HP:0001257": {
      "id": "HP:0001257",
      "status": "ok",
      "target": [
        "HP:0001257"
      ]
    }
  },
  "response": {
    "PAX3": {
      "rank": 1,
      "id": 5077,
      "score": 1.0,
      "status": "SeedGene"
    },
    "KIT": {
      "rank": 2,
      "id": 3815,
      "score": 0.5007,
      "status": "SeedGene"
    },
    "SNAI2": {
      "rank": 3,
      "id": 6591,
      "score": 0.3707,
      "status": "SeedGene"
    },
    "L1CAM": {
      "rank": 4,
      "id": 3897,
      "score": 0.203,
      "status": "SeedGene"
    },
    "ARSA": {
      "rank": 5,
      "id": 410,
      "score": 0.1792,
      "status": "SeedGene"
    },
    "MITF": {
      "rank": 6,
      "id": 4286,
      "score": 0.1696,
      "status": "SeedGene"
    },
    "CYP27A1": {
      "rank": 7,
      "id": 1593,
      "score": 0.1493,
      "status": "SeedGene"
    },
    "RAB27A": {
      "rank": 8,
      "id": 5873,
      "score": 0.1485,
      "status": "SeedGene"
    },
    "ALS2": {
      "rank": 9,
      "id": 57679,
      "score": 0.1445,
      "status": "SeedGene"
    },
    "MYO5A": {
      "rank": 10,
      "id": 4644,
      "score": 0.1441,
      "status": "SeedGene"
    },
    "LAMTOR2": {
      "rank": 11,
      "id": 28956,
      "score": 0.1434,
      "status": "SeedGene"
    },
    "TYRP1": {
      "rank": 12,
      "id": 7306,
      "score": 0.1419,
      "status": "SeedGene"
    },
    "IKBKG": {
      "rank": 13,
      "id": 8517,
      "score": 0.136,
      "status": "SeedGene"
    },
    "SPG11": {
      "rank": 14,
      "id": 80208,
      "score": 0.1317,
      "status": "SeedGene"
    },
    "GFAP": {
      "rank": 15,
      "id": 2670,
      "score": 0.1302,
      "status": "SeedGene"
    },
    "SLC16A2": {
      "rank": 16,
      "id": 6567,
      "score": 0.1267,
      "status": "SeedGene"
    },
    "ELN": {
      "rank": 17,
      "id": 2006,
      "score": 0.1262,
      "status": "SeedGene"
    },
    "MCOLN1": {
      "rank": 18,
      "id": 57192,
      "score": 0.1245,
      "status": "SeedGene"
    },
    "PLP1": {
      "rank": 19,
      "id": 5354,
      "score": 0.1238,
      "status": "SeedGene"
    },
    "ACOX1": {
      "rank": 20,
      "id": 51,
      "score": 0.1178,
      "status": "SeedGene"
    },
    "HPRT1": {
      "rank": 21,
      "id": 3251,
      "score": 0.1171,
      "status": "SeedGene"
    },
    "FA2H": {
      "rank": 22,
      "id": 79152,
      "score": 0.117,
      "status": "SeedGene"
    },
    "COX10": {
      "rank": 23,
      "id": 1352,
      "score": 0.1154,
      "status": "SeedGene"
    },
    "GBE1": {
      "rank": 24,
      "id": 2632,
      "score": 0.115,
      "status": "SeedGene"
    },
    "FUS": {
      "rank": 25,
      "id": 2521,
      "score": 0.112,
      "status": "SeedGene"
    },
    "MLPH": {
      "rank": 26,
      "id": 79083,
      "score": 0.1112,
      "status": "SeedGene"
    },
    "TGFB1": {
      "rank": 27,
      "id": 7040,
      "score": 0.1111,
      "status": "SeedGene"
    },
    "SURF1": {
      "rank": 28,
      "id": 6834,
      "score": 0.1095,
      "status": "SeedGene"
    },
    "POMT2": {
      "rank": 29,
      "id": 29954,
      "score": 0.1043,
      "status": "SeedGene"
    },
    "POMT1": {
      "rank": 30,
      "id": 10585,
      "score": 0.1043,
      "status": "SeedGene"
    },
    "GJA1": {
      "rank": 31,
      "id": 2697,
      "score": 0.1032,
      "status": "SeedGene"
    },
    "GALC": {
      "rank": 32,
      "id": 2581,
      "score": 0.103,
      "status": "SeedGene"
    },
    "UBE3A": {
      "rank": 33,
      "id": 7337,
      "score": 0.1024,
      "status": "SeedGene"
    },
    "SLC17A5": {
      "rank": 34,
      "id": 26503,
      "score": 0.1017,
      "status": "SeedGene"
    },
    "GPHN": {
      "rank": 35,
      "id": 10243,
      "score": 0.1013,
      "status": "SeedGene"
    },
    "POMGNT1": {
      "rank": 36,
      "id": 55624,
      "score": 0.101,
      "status": "SeedGene"
    },
    "RAF1": {
      "rank": 37,
      "id": 5894,
      "score": 0.1,
      "status": "SeedGene"
    },
    "EP300": {
      "rank": 38,
      "id": 2033,
      "score": 0.0992,
      "status": "SeedGene"
    },
    "ITPR1": {
      "rank": 39,
      "id": 3708,
      "score": 0.0985,
      "status": "SeedGene"
    },
    "ATM": {
      "rank": 40,
      "id": 472,
      "score": 0.098,
      "status": "SeedGene"
    },
    "RPS6KA3": {
      "rank": 41,
      "id": 6197,
      "score": 0.0978,
      "status": "SeedGene"
    },
    "ABCD1": {
      "rank": 42,
      "id": 215,
      "score": 0.0977,
      "status": "SeedGene"
    },
    "FTL": {
      "rank": 43,
      "id": 2512,
      "score": 0.0975,
      "status": "SeedGene"
    },
    "MECP2": {
      "rank": 44,
      "id": 4204,
      "score": 0.0966,
      "status": "SeedGene"
    },
    "PSMB8": {
      "rank": 45,
      "id": 5696,
      "score": 0.0964,
      "status": "SeedGene"
    },
    "GAA": {
      "rank": 46,
      "id": 2548,
      "score": 0.0944,
      "status": "SeedGene"
    },
    "SLC2A1": {
      "rank": 47,
      "id": 6513,
      "score": 0.0939,
      "status": "SeedGene"
    },
    "KRAS": {
      "rank": 48,
      "id": 3845,
      "score": 0.0938,
      "status": "SeedGene"
    },
    "LIMK1": {
      "rank": 49,
      "id": 3984,
      "score": 0.0934,
      "status": "SeedGene"
    },
    "NDUFS8": {
      "rank": 50,
      "id": 4728,
      "score": 0.0932,
      "status": "SeedGene"
    },
    "SDHA": {
      "rank": 51,
      "id": 6389,
      "score": 0.093,
      "status": "SeedGene"
    },
    "TTR": {
      "rank": 52,
      "id": 7276,
      "score": 0.0925,
      "status": "SeedGene"
    },
    "CREBBP": {
      "rank": 53,
      "id": 1387,
      "score": 0.0921,
      "status": "SeedGene"
    },
    "ARG1": {
      "rank": 54,
      "id": 383,
      "score": 0.0919,
      "status": "SeedGene"
    },
    "HSPG2": {
      "rank": 55,
      "id": 3339,
      "score": 0.0916,
      "status": "SeedGene"
    },
    "GAN": {
      "rank": 56,
      "id": 8139,
      "score": 0.0912,
      "status": "SeedGene"
    },
    "B3GALNT2": {
      "rank": 57,
      "id": 148789,
      "score": 0.0905,
      "status": "SeedGene"
    },
    "ADSL": {
      "rank": 58,
      "id": 158,
      "score": 0.0904,
      "status": "SeedGene"
    },
    "SMPD1": {
      "rank": 59,
      "id": 6609,
      "score": 0.09,
      "status": "SeedGene"
    },
    "NDUFS1": {
      "rank": 60,
      "id": 4719,
      "score": 0.0895,
      "status": "SeedGene"
    },
    "NDUFS3": {
      "rank": 61,
      "id": 4722,
      "score": 0.0893,
      "status": "SeedGene"
    },
    "NDUFA10": {
      "rank": 62,
      "id": 4705,
      "score": 0.0893,
      "status": "SeedGene"
    },
    "NDUFV1": {
      "rank": 63,
      "id": 4723,
      "score": 0.0893,
      "status": "SeedGene"
    },
    "NDUFS7": {
      "rank": 64,
      "id": 374291,
      "score": 0.0893,
      "status": "SeedGene"
    },
    "NDUFS4": {
      "rank": 65,
      "id": 4724,
      "score": 0.0893,
      "status": "SeedGene"
    },
    "AKT1": {
      "rank": 66,
      "id": 207,
      "score": 0.0882,
      "status": "Predicted"
    },
    "SLC6A5": {
      "rank": 67,
      "id": 9152,
      "score": 0.0879,
      "status": "SeedGene"
    },
    "SPAST": {
      "rank": 68,
      "id": 6683,
      "score": 0.0876,
      "status": "SeedGene"
    },
    "PRKCG": {
      "rank": 69,
      "id": 5582,
      "score": 0.0874,
      "status": "SeedGene"
    },
    "NDUFA2": {
      "rank": 70,
      "id": 4695,
      "score": 0.0864,
      "status": "SeedGene"
    },
    "DCTN1": {
      "rank": 71,
      "id": 1639,
      "score": 0.0862,
      "status": "SeedGene"
    },
    "TP53": {
      "rank": 72,
      "id": 7157,
      "score": 0.0861,
      "status": "SeedGene"
    },
    "PAFAH1B1": {
      "rank": 73,
      "id": 5048,
      "score": 0.0858,
      "status": "SeedGene"
    },
    "RARS2": {
      "rank": 74,
      "id": 57038,
      "score": 0.0855,
      "status": "SeedGene"
    },
    "MLXIPL": {
      "rank": 75,
      "id": 51085,
      "score": 0.0855,
      "status": "SeedGene"
    },
    "PDHA1": {
      "rank": 76,
      "id": 5160,
      "score": 0.0853,
      "status": "SeedGene"
    },
    "CALM1": {
      "rank": 77,
      "id": 801,
      "score": 0.0852,
      "status": "Predicted"
    },
    "NRAS": {
      "rank": 78,
      "id": 4893,
      "score": 0.0852,
      "status": "SeedGene"
    },
    "INS": {
      "rank": 79,
      "id": 3630,
      "score": 0.0851,
      "status": "SeedGene"
    },
    "SNCA": {
      "rank": 80,
      "id": 6622,
      "score": 0.085,
      "status": "SeedGene"
    },
    "CALM2": {
      "rank": 81,
      "id": 805,
      "score": 0.0846,
      "status": "Predicted"
    },
    "SACS": {
      "rank": 82,
      "id": 26278,
      "score": 0.0844,
      "status": "SeedGene"
    },
    "SLC29A3": {
      "rank": 83,
      "id": 55315,
      "score": 0.0844,
      "status": "SeedGene"
    },
    "GLRB": {
      "rank": 84,
      "id": 2743,
      "score": 0.0842,
      "status": "SeedGene"
    },
    "RFC2": {
      "rank": 85,
      "id": 5982,
      "score": 0.0841,
      "status": "SeedGene"
    },
    "PRKACA": {
      "rank": 86,
      "id": 5566,
      "score": 0.0841,
      "status": "SeedGene"
    },
    "CALM3": {
      "rank": 87,
      "id": 808,
      "score": 0.0841,
      "status": "Predicted"
    },
    "SPG7": {
      "rank": 88,
      "id": 6687,
      "score": 0.0841,
      "status": "SeedGene"
    },
    "FGFR1": {
      "rank": 89,
      "id": 2260,
      "score": 0.0838,
      "status": "SeedGene"
    },
    "COX15": {
      "rank": 90,
      "id": 1355,
      "score": 0.0837,
      "status": "SeedGene"
    },
    "TRPV4": {
      "rank": 91,
      "id": 59341,
      "score": 0.0835,
      "status": "SeedGene"
    },
    "SIGMAR1": {
      "rank": 92,
      "id": 10280,
      "score": 0.0832,
      "status": "SeedGene"
    },
    "GBA": {
      "rank": 93,
      "id": 2629,
      "score": 0.0831,
      "status": "SeedGene"
    },
    "VCP": {
      "rank": 94,
      "id": 7415,
      "score": 0.0826,
      "status": "SeedGene"
    },
    "FKRP": {
      "rank": 95,
      "id": 79147,
      "score": 0.0821,
      "status": "SeedGene"
    },
    "PDHX": {
      "rank": 96,
      "id": 8050,
      "score": 0.082,
      "status": "SeedGene"
    },
    "AAAS": {
      "rank": 97,
      "id": 8086,
      "score": 0.0819,
      "status": "SeedGene"
    },
    "SCN4A": {
      "rank": 98,
      "id": 6329,
      "score": 0.0809,
      "status": "SeedGene"
    },
    "SLC6A8": {
      "rank": 99,
      "id": 6535,
      "score": 0.0809,
      "status": "SeedGene"
    },
    "SOS1": {
      "rank": 100,
      "id": 6654,
      "score": 0.0807,
      "status": "SeedGene"
    }
  }
}