{
  "query": {
    "HP:0001263": {
      "id": "HP:0001263",
      "status": "ok",
      "target": [
        "HP:0001263"
      ]
    },
    "HP:0011157": {
      "id": "HP:0011157",
      "status": "ok",
      "target": [
        "HP:0011157"
      ]
    },
    "HP:0011968": {
      "id": "HP:0011968",
      "status": "ok",
      "target": [
        "HP:0011968"
      ]
    },
    "HP:0002020": {
      "id": "HP:0002020",
      "status": "ok",
      "target": [
        "HP:0002020"
      ]
    },
    "HP:0004305": {
      "id": "HP:0004305",
      "status": "ok",
      "target": [
        "HP:0004305"
      ]
    },
    "HP:0000787": {
      "id": "HP:0000787",
      "status": "ok",
      "target": [
        "HP:0000787"
      ]
    },
    "HP:0001583": {
      "id": "HP:0001583",
      "status": "ok",
      "target": [
        "HP:0001583"
      ]
    },
    "HP:0001250": {
      "id": "HP:0001250",
      "status": "ok",
      "target": [
        "HP:0001250"
      ]
    },
    "HP:0002179": {
      "id": "HP:0002179",
      "status": "ok",
      "target": [
        "HP:0002179"
      ]
    },
    "HP:0002013": {
      "id": "HP:0002013",
      "status": "ok",
      "target": [
        "HP:0002013"
      ]
    }
  },
  "response": {
    "HPRT1": {
      "rank": 1,
      "id": 3251,
      "score": 1.0,
      "status": "SeedGene"
    },
    "NHLRC1": {
      "rank": 2,
      "id": 378884,
      "score": 0.936,
      "status": "SeedGene"
    },
    "PLP1": {
      "rank": 3,
      "id": 5354,
      "score": 0.9207,
      "status": "SeedGene"
    },
    "EPM2A": {
      "rank": 4,
      "id": 7957,
      "score": 0.8864,
      "status": "SeedGene"
    },
    "SLC16A2": {
      "rank": 5,
      "id": 6567,
      "score": 0.6735,
      "status": "SeedGene"
    },
    "ELN": {
      "rank": 6,
      "id": 2006,
      "score": 0.5755,
      "status": "SeedGene"
    },
    "ASPA": {
      "rank": 7,
      "id": 443,
      "score": 0.5261,
      "status": "SeedGene"
    },
    "MECP2": {
      "rank": 8,
      "id": 4204,
      "score": 0.4789,
      "status": "SeedGene"
    },
    "SLC3A1": {
      "rank": 9,
      "id": 6519,
      "score": 0.451,
      "status": "SeedGene"
    },
    "CRLF1": {
      "rank": 10,
      "id": 9244,
      "score": 0.4404,
      "status": "SeedGene"
    },
    "HGD": {
      "rank": 11,
      "id": 3081,
      "score": 0.4291,
      "status": "SeedGene"
    },
    "GCDH": {
      "rank": 12,
      "id": 2639,
      "score": 0.4169,
      "status": "SeedGene"
    },
    "ADSL": {
      "rank": 13,
      "id": 158,
      "score": 0.4116,
      "status": "SeedGene"
    },
    "DHCR7": {
      "rank": 14,
      "id": 1717,
      "score": 0.4063,
      "status": "SeedGene"
    },
    "APRT": {
      "rank": 15,
      "id": 353,
      "score": 0.3924,
      "status": "SeedGene"
    },
    "PNPO": {
      "rank": 16,
      "id": 55163,
      "score": 0.3667,
      "status": "SeedGene"
    },
    "ACP2": {
      "rank": 17,
      "id": 53,
      "score": 0.3641,
      "status": "SeedGene"
    },
    "LIMK1": {
      "rank": 18,
      "id": 3984,
      "score": 0.3581,
      "status": "SeedGene"
    },
    "NPHP4": {
      "rank": 19,
      "id": 261734,
      "score": 0.3573,
      "status": "SeedGene"
    },
    "MLXIPL": {
      "rank": 20,
      "id": 51085,
      "score": 0.3483,
      "status": "SeedGene"
    },
    "ATRX": {
      "rank": 21,
      "id": 546,
      "score": 0.3472,
      "status": "SeedGene"
    },
    "MPC1": {
      "rank": 22,
      "id": 51660,
      "score": 0.3319,
      "status": "SeedGene"
    },
    "FOXG1": {
      "rank": 23,
      "id": 2290,
      "score": 0.3251,
      "status": "SeedGene"
    },
    "GNA11": {
      "rank": 24,
      "id": 2767,
      "score": 0.315,
      "status": "SeedGene"
    },
    "CDKL5": {
      "rank": 25,
      "id": 6792,
      "score": 0.3142,
      "status": "SeedGene"
    },
    "RFC2": {
      "rank": 26,
      "id": 5982,
      "score": 0.3054,
      "status": "SeedGene"
    },
    "NTNG1": {
      "rank": 27,
      "id": 22854,
      "score": 0.2992,
      "status": "SeedGene"
    },
    "ATP7B": {
      "rank": 28,
      "id": 540,
      "score": 0.2955,
      "status": "SeedGene"
    },
    "GFER": {
      "rank": 29,
      "id": 2671,
      "score": 0.2928,
      "status": "SeedGene"
    },
    "OCRL": {
      "rank": 30,
      "id": 4952,
      "score": 0.2923,
      "status": "SeedGene"
    },
    "GJC2": {
      "rank": 31,
      "id": 57165,
      "score": 0.2884,
      "status": "SeedGene"
    },
    "ASL": {
      "rank": 32,
      "id": 435,
      "score": 0.2843,
      "status": "SeedGene"
    },
    "GBA": {
      "rank": 33,
      "id": 2629,
      "score": 0.2822,
      "status": "SeedGene"
    },
    "CASR": {
      "rank": 34,
      "id": 846,
      "score": 0.274,
      "status": "SeedGene"
    },
    "SHANK3": {
      "rank": 35,
      "id": 85358,
      "score": 0.2733,
      "status": "SeedGene"
    },
    "ARG1": {
      "rank": 36,
      "id": 383,
      "score": 0.2705,
      "status": "SeedGene"
    },
    "PREPL": {
      "rank": 37,
      "id": 9581,
      "score": 0.265,
      "status": "SeedGene"
    },
    "SLC37A4": {
      "rank": 38,
      "id": 2542,
      "score": 0.2643,
      "status": "SeedGene"
    },
    "SMPD1": {
      "rank": 39,
      "id": 6609,
      "score": 0.264,
      "status": "SeedGene"
    },
    "G6PC": {
      "rank": 40,
      "id": 2538,
      "score": 0.2636,
      "status": "SeedGene"
    },
    "DDC": {
      "rank": 41,
      "id": 1644,
      "score": 0.2561,
      "status": "SeedGene"
    },
    "PRPS1": {
      "rank": 42,
      "id": 5631,
      "score": 0.2544,
      "status": "SeedGene"
    },
    "XDH": {
      "rank": 43,
      "id": 7498,
      "score": 0.2512,
      "status": "SeedGene"
    },
    "BAZ1B": {
      "rank": 44,
      "id": 9031,
      "score": 0.2511,
      "status": "SeedGene"
    },
    "EIF4H": {
      "rank": 45,
      "id": 7458,
      "score": 0.2495,
      "status": "SeedGene"
    },
    "CYP27A1": {
      "rank": 46,
      "id": 1593,
      "score": 0.249,
      "status": "SeedGene"
    },
    "SLC6A8": {
      "rank": 47,
      "id": 6535,
      "score": 0.2483,
      "status": "SeedGene"
    },
    "GALT": {
      "rank": 48,
      "id": 2592,
      "score": 0.246,
      "status": "SeedGene"
    },
    "GTF2I": {
      "rank": 49,
      "id": 2969,
      "score": 0.2455,
      "status": "SeedGene"
    },
    "TSEN54": {
      "rank": 50,
      "id": 283989,
      "score": 0.2442,
      "status": "SeedGene"
    },
    "GTF2IRD1": {
      "rank": 51,
      "id": 9569,
      "score": 0.2422,
      "status": "SeedGene"
    },
    "TBL2": {
      "rank": 52,
      "id": 26608,
      "score": 0.2392,
      "status": "SeedGene"
    },
    "GLA": {
      "rank": 53,
      "id": 2717,
      "score": 0.2388,
      "status": "SeedGene"
    },
    "GPHN": {
      "rank": 54,
      "id": 10243,
      "score": 0.2386,
      "status": "SeedGene"
    },
    "LAT2": {
      "rank": 55,
      "id": 7462,
      "score": 0.2343,
      "status": "SeedGene"
    },
    "CLIP2": {
      "rank": 56,
      "id": 7461,
      "score": 0.2301,
      "status": "SeedGene"
    },
    "FKBP6": {
      "rank": 57,
      "id": 8468,
      "score": 0.2288,
      "status": "SeedGene"
    },
    "VDR": {
      "rank": 58,
      "id": 7421,
      "score": 0.2269,
      "status": "SeedGene"
    },
    "TCF4": {
      "rank": 59,
      "id": 6925,
      "score": 0.2249,
      "status": "SeedGene"
    },
    "EP300": {
      "rank": 60,
      "id": 2033,
      "score": 0.2247,
      "status": "SeedGene"
    },
    "GAMT": {
      "rank": 61,
      "id": 2593,
      "score": 0.2245,
      "status": "SeedGene"
    },
    "SLC46A1": {
      "rank": 62,
      "id": 113235,
      "score": 0.223,
      "status": "SeedGene"
    },
    "RET": {
      "rank": 63,
      "id": 5979,
      "score": 0.2227,
      "status": "SeedGene"
    },
    "GALE": {
      "rank": 64,
      "id": 2582,
      "score": 0.2214,
      "status": "SeedGene"
    },
    "GRHPR": {
      "rank": 65,
      "id": 9380,
      "score": 0.221,
      "status": "SeedGene"
    },
    "MOCS1": {
      "rank": 66,
      "id": 4337,
      "score": 0.2204,
      "status": "SeedGene"
    },
    "MOCS2": {
      "rank": 67,
      "id": 4338,
      "score": 0.22,
      "status": "SeedGene"
    },
    "AKT1": {
      "rank": 68,
      "id": 207,
      "score": 0.2155,
      "status": "SeedGene"
    },
    "SLC2A1": {
      "rank": 69,
      "id": 6513,
      "score": 0.2151,
      "status": "SeedGene"
    },
    "SLC7A7": {
      "rank": 70,
      "id": 9056,
      "score": 0.2138,
      "status": "SeedGene"
    },
    "ATP7A": {
      "rank": 71,
      "id": 538,
      "score": 0.212,
      "status": "SeedGene"
    },
    "PCCA": {
      "rank": 72,
      "id": 5095,
      "score": 0.2101,
      "status": "SeedGene"
    },
    "PCCB": {
      "rank": 73,
      "id": 5096,
      "score": 0.2099,
      "status": "SeedGene"
    },
    "ALG11": {
      "rank": 74,
      "id": 440138,
      "score": 0.2098,
      "status": "SeedGene"
    },
    "PHGDH": {
      "rank": 75,
      "id": 26227,
      "score": 0.2092,
      "status": "SeedGene"
    },
    "SLC25A4": {
      "rank": 76,
      "id": 291,
      "score": 0.2086,
      "status": "SeedGene"
    },
    "CREBBP": {
      "rank": 77,
      "id": 1387,
      "score": 0.2074,
      "status": "SeedGene"
    },
    "PSAT1": {
      "rank": 78,
      "id": 29968,
      "score": 0.2062,
      "status": "SeedGene"
    },
    "RELN": {
      "rank": 79,
      "id": 5649,
      "score": 0.2039,
      "status": "SeedGene"
    },
    "HLCS": {
      "rank": 80,
      "id": 3141,
      "score": 0.2031,
      "status": "SeedGene"
    },
    "CLCF1": {
      "rank": 81,
      "id": 23529,
      "score": 0.2025,
      "status": "SeedGene"
    },
    "MVK": {
      "rank": 82,
      "id": 4598,
      "score": 0.1997,
      "status": "SeedGene"
    },
    "PIK3CA": {
      "rank": 83,
      "id": 5290,
      "score": 0.1987,
      "status": "SeedGene"
    },
    "PPOX": {
      "rank": 84,
      "id": 5498,
      "score": 0.1972,
      "status": "SeedGene"
    },
    "CALM1": {
      "rank": 85,
      "id": 801,
      "score": 0.1954,
      "status": "SeedGene"
    },
    "CALM2": {
      "rank": 86,
      "id": 805,
      "score": 0.1942,
      "status": "SeedGene"
    },
    "SLC7A9": {
      "rank": 87,
      "id": 11136,
      "score": 0.1936,
      "status": "SeedGene"
    },
    "BRAF": {
      "rank": 88,
      "id": 673,
      "score": 0.1918,
      "status": "SeedGene"
    },
    "PRKACA": {
      "rank": 89,
      "id": 5566,
      "score": 0.1917,
      "status": "Predicted"
    },
    "PIK3R1": {
      "rank": 90,
      "id": 5295,
      "score": 0.1912,
      "status": "SeedGene"
    },
    "CALM3": {
      "rank": 91,
      "id": 808,
      "score": 0.1912,
      "status": "Predicted"
    },
    "CNTN2": {
      "rank": 92,
      "id": 6900,
      "score": 0.1908,
      "status": "SeedGene"
    },
    "ACADM": {
      "rank": 93,
      "id": 34,
      "score": 0.1892,
      "status": "SeedGene"
    },
    "MCCC1": {
      "rank": 94,
      "id": 56922,
      "score": 0.1888,
      "status": "SeedGene"
    },
    "MCCC2": {
      "rank": 95,
      "id": 64087,
      "score": 0.1886,
      "status": "SeedGene"
    },
    "UBB": {
      "rank": 96,
      "id": 7314,
      "score": 0.1884,
      "status": "SeedGene"
    },
    "GAA": {
      "rank": 97,
      "id": 2548,
      "score": 0.1879,
      "status": "SeedGene"
    },
    "ST3GAL5": {
      "rank": 98,
      "id": 8869,
      "score": 0.1877,
      "status": "SeedGene"
    },
    "GATM": {
      "rank": 99,
      "id": 2628,
      "score": 0.1874,
      "status": "SeedGene"
    },
    "PRRT2": {
      "rank": 100,
      "id": 112476,
      "score": 0.1865,
      "status": "SeedGene"
    }
  }
}