{
  "query": {
    "HP:0001288": {
      "id": "HP:0001288",
      "status": "ok",
      "target": [
        "HP:0001288"
      ]
    },
    "HP:0100021": {
      "id": "HP:0100021",
      "status": "ok",
      "target": [
        "HP:0100021"
      ]
    },
    "HP:0001263": {
      "id": "HP:0001263",
      "status": "ok",
      "target": [
        "HP:0001263"
      ]
    },
    "HP:0002141": {
      "id": "HP:0002141",
      "status": "ok",
      "target": [
        "HP:0002141"
      ]
    },
    "HP:0002136": {
      "id": "HP:0002136",
      "status": "ok",
      "target": [
        "HP:0002136"
      ]
    }
  },
  "response": {
    "IDUA": {
      "rank": 1,
      "id": 3425,
      "score": 1.0,
      "status": "SeedGene"
    },
    "UBE3A": {
      "rank": 2,
      "id": 7337,
      "score": 0.7882,
      "status": "SeedGene"
    },
    "SCN4A": {
      "rank": 3,
      "id": 6329,
      "score": 0.622,
      "status": "SeedGene"
    },
    "ELN": {
      "rank": 4,
      "id": 2006,
      "score": 0.3726,
      "status": "SeedGene"
    },
    "ATP10A": {
      "rank": 5,
      "id": 57194,
      "score": 0.3056,
      "status": "SeedGene"
    },
    "SHANK3": {
      "rank": 6,
      "id": 85358,
      "score": 0.2817,
      "status": "SeedGene"
    },
    "CYFIP1": {
      "rank": 7,
      "id": 23191,
      "score": 0.2678,
      "status": "SeedGene"
    },
    "OCA2": {
      "rank": 8,
      "id": 4948,
      "score": 0.2615,
      "status": "SeedGene"
    },
    "SNRPN": {
      "rank": 9,
      "id": 6638,
      "score": 0.2556,
      "status": "SeedGene"
    },
    "LIMK1": {
      "rank": 10,
      "id": 3984,
      "score": 0.2287,
      "status": "SeedGene"
    },
    "MLXIPL": {
      "rank": 11,
      "id": 51085,
      "score": 0.2283,
      "status": "SeedGene"
    },
    "VLDLR": {
      "rank": 12,
      "id": 7436,
      "score": 0.2194,
      "status": "SeedGene"
    },
    "TBP": {
      "rank": 13,
      "id": 6908,
      "score": 0.2184,
      "status": "SeedGene"
    },
    "SMS": {
      "rank": 14,
      "id": 6611,
      "score": 0.2003,
      "status": "SeedGene"
    },
    "RFC2": {
      "rank": 15,
      "id": 5982,
      "score": 0.1989,
      "status": "SeedGene"
    },
    "ATP8A2": {
      "rank": 16,
      "id": 51761,
      "score": 0.1972,
      "status": "SeedGene"
    },
    "GTF2I": {
      "rank": 17,
      "id": 2969,
      "score": 0.1715,
      "status": "SeedGene"
    },
    "BAZ1B": {
      "rank": 18,
      "id": 9031,
      "score": 0.1712,
      "status": "SeedGene"
    },
    "TBL2": {
      "rank": 19,
      "id": 26608,
      "score": 0.167,
      "status": "SeedGene"
    },
    "CA8": {
      "rank": 20,
      "id": 767,
      "score": 0.166,
      "status": "SeedGene"
    },
    "GTF2IRD1": {
      "rank": 21,
      "id": 9569,
      "score": 0.1657,
      "status": "SeedGene"
    },
    "CEP290": {
      "rank": 22,
      "id": 80184,
      "score": 0.163,
      "status": "SeedGene"
    },
    "CLIP2": {
      "rank": 23,
      "id": 7461,
      "score": 0.1592,
      "status": "SeedGene"
    },
    "WDR81": {
      "rank": 24,
      "id": 124997,
      "score": 0.1543,
      "status": "SeedGene"
    },
    "ATCAY": {
      "rank": 25,
      "id": 85300,
      "score": 0.1537,
      "status": "SeedGene"
    },
    "BBS1": {
      "rank": 26,
      "id": 582,
      "score": 0.1516,
      "status": "SeedGene"
    },
    "EIF4H": {
      "rank": 27,
      "id": 7458,
      "score": 0.1511,
      "status": "SeedGene"
    },
    "KMT2A": {
      "rank": 28,
      "id": 4297,
      "score": 0.1489,
      "status": "SeedGene"
    },
    "LAT2": {
      "rank": 29,
      "id": 7462,
      "score": 0.1448,
      "status": "SeedGene"
    },
    "FKBP6": {
      "rank": 30,
      "id": 8468,
      "score": 0.143,
      "status": "SeedGene"
    },
    "IDH1": {
      "rank": 31,
      "id": 3417,
      "score": 0.1373,
      "status": "SeedGene"
    },
    "TRPV4": {
      "rank": 32,
      "id": 59341,
      "score": 0.1365,
      "status": "SeedGene"
    },
    "ITPR1": {
      "rank": 33,
      "id": 3708,
      "score": 0.1336,
      "status": "SeedGene"
    },
    "TRIM32": {
      "rank": 34,
      "id": 22954,
      "score": 0.1285,
      "status": "SeedGene"
    },
    "IDH2": {
      "rank": 35,
      "id": 3418,
      "score": 0.1258,
      "status": "SeedGene"
    },
    "SDCCAG8": {
      "rank": 36,
      "id": 10806,
      "score": 0.1239,
      "status": "SeedGene"
    },
    "MKS1": {
      "rank": 37,
      "id": 54903,
      "score": 0.1224,
      "status": "SeedGene"
    },
    "CACNA1D": {
      "rank": 38,
      "id": 776,
      "score": 0.1148,
      "status": "SeedGene"
    },
    "HPGD": {
      "rank": 39,
      "id": 3248,
      "score": 0.1138,
      "status": "SeedGene"
    },
    "ITGB3": {
      "rank": 40,
      "id": 3690,
      "score": 0.113,
      "status": "SeedGene"
    },
    "BCL7B": {
      "rank": 41,
      "id": 9275,
      "score": 0.1118,
      "status": "SeedGene"
    },
    "SLCO2A1": {
      "rank": 42,
      "id": 6578,
      "score": 0.1107,
      "status": "SeedGene"
    },
    "ITGA2B": {
      "rank": 43,
      "id": 3674,
      "score": 0.1105,
      "status": "SeedGene"
    },
    "MKKS": {
      "rank": 44,
      "id": 8195,
      "score": 0.1085,
      "status": "SeedGene"
    },
    "TTC8": {
      "rank": 45,
      "id": 123016,
      "score": 0.1084,
      "status": "SeedGene"
    },
    "UROD": {
      "rank": 46,
      "id": 7389,
      "score": 0.1065,
      "status": "SeedGene"
    },
    "BBS10": {
      "rank": 47,
      "id": 79738,
      "score": 0.1064,
      "status": "SeedGene"
    },
    "BBS12": {
      "rank": 48,
      "id": 166379,
      "score": 0.1064,
      "status": "SeedGene"
    },
    "BBS4": {
      "rank": 49,
      "id": 585,
      "score": 0.1063,
      "status": "SeedGene"
    },
    "ARL6": {
      "rank": 50,
      "id": 84100,
      "score": 0.1052,
      "status": "SeedGene"
    },
    "LZTFL1": {
      "rank": 51,
      "id": 54585,
      "score": 0.1044,
      "status": "SeedGene"
    },
    "BBS2": {
      "rank": 52,
      "id": 583,
      "score": 0.1044,
      "status": "SeedGene"
    },
    "BBS9": {
      "rank": 53,
      "id": 27241,
      "score": 0.1022,
      "status": "SeedGene"
    },
    "BBS5": {
      "rank": 54,
      "id": 129880,
      "score": 0.1022,
      "status": "SeedGene"
    },
    "BBS7": {
      "rank": 55,
      "id": 55212,
      "score": 0.1022,
      "status": "SeedGene"
    },
    "RBM10": {
      "rank": 56,
      "id": 8241,
      "score": 0.102,
      "status": "SeedGene"
    },
    "ITGA2": {
      "rank": 57,
      "id": 3673,
      "score": 0.1015,
      "status": "SeedGene"
    },
    "ST3GAL5": {
      "rank": 58,
      "id": 8869,
      "score": 0.0955,
      "status": "SeedGene"
    },
    "YWHAG": {
      "rank": 59,
      "id": 7532,
      "score": 0.0937,
      "status": "SeedGene"
    },
    "INPP5E": {
      "rank": 60,
      "id": 56623,
      "score": 0.0926,
      "status": "SeedGene"
    },
    "DNAJC30": {
      "rank": 61,
      "id": 84277,
      "score": 0.0923,
      "status": "SeedGene"
    },
    "VCP": {
      "rank": 62,
      "id": 7415,
      "score": 0.0908,
      "status": "SeedGene"
    },
    "DNASE1L3": {
      "rank": 63,
      "id": 1776,
      "score": 0.0905,
      "status": "SeedGene"
    },
    "WDPCP": {
      "rank": 64,
      "id": 51057,
      "score": 0.0899,
      "status": "SeedGene"
    },
    "TGFB1": {
      "rank": 65,
      "id": 7040,
      "score": 0.0899,
      "status": "SeedGene"
    },
    "IKBKG": {
      "rank": 66,
      "id": 8517,
      "score": 0.0889,
      "status": "SeedGene"
    },
    "LMNA": {
      "rank": 67,
      "id": 4000,
      "score": 0.0886,
      "status": "SeedGene"
    },
    "MECP2": {
      "rank": 68,
      "id": 4204,
      "score": 0.0886,
      "status": "SeedGene"
    },
    "SPR": {
      "rank": 69,
      "id": 6697,
      "score": 0.0885,
      "status": "SeedGene"
    },
    "GAD1": {
      "rank": 70,
      "id": 2571,
      "score": 0.0885,
      "status": "SeedGene"
    },
    "SLC6A3": {
      "rank": 71,
      "id": 6531,
      "score": 0.0865,
      "status": "SeedGene"
    },
    "TMEM237": {
      "rank": 72,
      "id": 65062,
      "score": 0.0864,
      "status": "SeedGene"
    },
    "EP300": {
      "rank": 73,
      "id": 2033,
      "score": 0.0863,
      "status": "SeedGene"
    },
    "UGT1A1": {
      "rank": 74,
      "id": 54658,
      "score": 0.0849,
      "status": "SeedGene"
    },
    "ATM": {
      "rank": 75,
      "id": 472,
      "score": 0.0849,
      "status": "SeedGene"
    },
    "BBIP1": {
      "rank": 76,
      "id": 92482,
      "score": 0.0844,
      "status": "SeedGene"
    },
    "ARSA": {
      "rank": 77,
      "id": 410,
      "score": 0.0838,
      "status": "SeedGene"
    },
    "DCC": {
      "rank": 78,
      "id": 1630,
      "score": 0.0838,
      "status": "SeedGene"
    },
    "PRKACA": {
      "rank": 79,
      "id": 5566,
      "score": 0.0838,
      "status": "Predicted"
    },
    "ALS2": {
      "rank": 80,
      "id": 57679,
      "score": 0.0834,
      "status": "SeedGene"
    },
    "CD109": {
      "rank": 81,
      "id": 135228,
      "score": 0.083,
      "status": "SeedGene"
    },
    "CREBBP": {
      "rank": 82,
      "id": 1387,
      "score": 0.0828,
      "status": "SeedGene"
    },
    "RRM2B": {
      "rank": 83,
      "id": 50484,
      "score": 0.0826,
      "status": "SeedGene"
    },
    "PIK3R5": {
      "rank": 84,
      "id": 23533,
      "score": 0.0819,
      "status": "SeedGene"
    },
    "ATXN10": {
      "rank": 85,
      "id": 25814,
      "score": 0.0816,
      "status": "SeedGene"
    },
    "RPS6KA3": {
      "rank": 86,
      "id": 6197,
      "score": 0.0816,
      "status": "SeedGene"
    },
    "HSPG2": {
      "rank": 87,
      "id": 3339,
      "score": 0.0808,
      "status": "SeedGene"
    },
    "AP4S1": {
      "rank": 88,
      "id": 11154,
      "score": 0.0803,
      "status": "SeedGene"
    },
    "PIK3CA": {
      "rank": 89,
      "id": 5290,
      "score": 0.0795,
      "status": "SeedGene"
    },
    "AKT1": {
      "rank": 90,
      "id": 207,
      "score": 0.0795,
      "status": "SeedGene"
    },
    "AP4M1": {
      "rank": 91,
      "id": 9179,
      "score": 0.0794,
      "status": "SeedGene"
    },
    "RAI1": {
      "rank": 92,
      "id": 10743,
      "score": 0.0786,
      "status": "SeedGene"
    },
    "KIF7": {
      "rank": 93,
      "id": 374654,
      "score": 0.078,
      "status": "SeedGene"
    },
    "SNCA": {
      "rank": 94,
      "id": 6622,
      "score": 0.0779,
      "status": "SeedGene"
    },
    "TUBB2B": {
      "rank": 95,
      "id": 347733,
      "score": 0.0778,
      "status": "SeedGene"
    },
    "GP1BA": {
      "rank": 96,
      "id": 2811,
      "score": 0.0777,
      "status": "SeedGene"
    },
    "COQ2": {
      "rank": 97,
      "id": 27235,
      "score": 0.0777,
      "status": "SeedGene"
    },
    "PIGL": {
      "rank": 98,
      "id": 9487,
      "score": 0.0777,
      "status": "SeedGene"
    },
    "GP1BB": {
      "rank": 99,
      "id": 2812,
      "score": 0.0775,
      "status": "SeedGene"
    },
    "MED12": {
      "rank": 100,
      "id": 9968,
      "score": 0.0774,
      "status": "SeedGene"
    }
  }
}