{
  "query": {
    "HP:0001263": {
      "id": "HP:0001263",
      "status": "ok",
      "target": [
        "HP:0001263"
      ]
    },
    "HP:0000388": {
      "id": "HP:0000388",
      "status": "ok",
      "target": [
        "HP:0000388"
      ]
    },
    "HP:0001250": {
      "id": "HP:0001250",
      "status": "ok",
      "target": [
        "HP:0001250"
      ]
    },
    "HP:0002013": {
      "id": "HP:0002013",
      "status": "ok",
      "target": [
        "HP:0002013"
      ]
    }
  },
  "response": {
    "DHCR7": {
      "rank": 1,
      "id": 1717,
      "score": 1.0,
      "status": "SeedGene"
    },
    "ARG1": {
      "rank": 2,
      "id": 383,
      "score": 0.9029,
      "status": "SeedGene"
    },
    "ASL": {
      "rank": 3,
      "id": 435,
      "score": 0.8055,
      "status": "SeedGene"
    },
    "FGFR3": {
      "rank": 4,
      "id": 2261,
      "score": 0.7705,
      "status": "SeedGene"
    },
    "PIK3R1": {
      "rank": 5,
      "id": 5295,
      "score": 0.7224,
      "status": "SeedGene"
    },
    "WAS": {
      "rank": 6,
      "id": 7454,
      "score": 0.7152,
      "status": "SeedGene"
    },
    "ELN": {
      "rank": 7,
      "id": 2006,
      "score": 0.7132,
      "status": "SeedGene"
    },
    "HPRT1": {
      "rank": 8,
      "id": 3251,
      "score": 0.6928,
      "status": "SeedGene"
    },
    "GLA": {
      "rank": 9,
      "id": 2717,
      "score": 0.684,
      "status": "SeedGene"
    },
    "ATRX": {
      "rank": 10,
      "id": 546,
      "score": 0.6681,
      "status": "SeedGene"
    },
    "RAI1": {
      "rank": 11,
      "id": 10743,
      "score": 0.6577,
      "status": "SeedGene"
    },
    "RET": {
      "rank": 12,
      "id": 5979,
      "score": 0.6561,
      "status": "SeedGene"
    },
    "SMPD1": {
      "rank": 13,
      "id": 6609,
      "score": 0.6303,
      "status": "SeedGene"
    },
    "PPOX": {
      "rank": 14,
      "id": 5498,
      "score": 0.6278,
      "status": "SeedGene"
    },
    "MVK": {
      "rank": 15,
      "id": 4598,
      "score": 0.6127,
      "status": "SeedGene"
    },
    "FGFR2": {
      "rank": 16,
      "id": 2263,
      "score": 0.61,
      "status": "SeedGene"
    },
    "SLC7A7": {
      "rank": 17,
      "id": 9056,
      "score": 0.6038,
      "status": "SeedGene"
    },
    "EDNRB": {
      "rank": 18,
      "id": 1910,
      "score": 0.5912,
      "status": "SeedGene"
    },
    "GDNF": {
      "rank": 19,
      "id": 2668,
      "score": 0.572,
      "status": "SeedGene"
    },
    "CYBB": {
      "rank": 20,
      "id": 1536,
      "score": 0.5639,
      "status": "SeedGene"
    },
    "NRTN": {
      "rank": 21,
      "id": 4902,
      "score": 0.5625,
      "status": "SeedGene"
    },
    "CYBA": {
      "rank": 22,
      "id": 1535,
      "score": 0.5614,
      "status": "SeedGene"
    },
    "EDN3": {
      "rank": 23,
      "id": 1908,
      "score": 0.555,
      "status": "SeedGene"
    },
    "NCF2": {
      "rank": 24,
      "id": 4688,
      "score": 0.5497,
      "status": "SeedGene"
    },
    "PCCA": {
      "rank": 25,
      "id": 5095,
      "score": 0.5489,
      "status": "SeedGene"
    },
    "PCCB": {
      "rank": 26,
      "id": 5096,
      "score": 0.5484,
      "status": "SeedGene"
    },
    "ACADM": {
      "rank": 27,
      "id": 34,
      "score": 0.548,
      "status": "SeedGene"
    },
    "HLCS": {
      "rank": 28,
      "id": 3141,
      "score": 0.5477,
      "status": "SeedGene"
    },
    "NCF1": {
      "rank": 29,
      "id": 653361,
      "score": 0.5333,
      "status": "SeedGene"
    },
    "GALC": {
      "rank": 30,
      "id": 2581,
      "score": 0.5327,
      "status": "SeedGene"
    },
    "NCF4": {
      "rank": 31,
      "id": 4689,
      "score": 0.5318,
      "status": "SeedGene"
    },
    "NSD1": {
      "rank": 32,
      "id": 64324,
      "score": 0.5226,
      "status": "SeedGene"
    },
    "HMBS": {
      "rank": 33,
      "id": 3145,
      "score": 0.522,
      "status": "SeedGene"
    },
    "RUNX2": {
      "rank": 34,
      "id": 860,
      "score": 0.5137,
      "status": "SeedGene"
    },
    "SLC6A8": {
      "rank": 35,
      "id": 6535,
      "score": 0.5122,
      "status": "SeedGene"
    },
    "SHANK3": {
      "rank": 36,
      "id": 85358,
      "score": 0.5067,
      "status": "SeedGene"
    },
    "BLNK": {
      "rank": 37,
      "id": 29760,
      "score": 0.5062,
      "status": "SeedGene"
    },
    "HLA-DQB1": {
      "rank": 38,
      "id": 3119,
      "score": 0.5032,
      "status": "SeedGene"
    },
    "HLA-DQA1": {
      "rank": 39,
      "id": 3117,
      "score": 0.5029,
      "status": "SeedGene"
    },
    "GAMT": {
      "rank": 40,
      "id": 2593,
      "score": 0.5012,
      "status": "SeedGene"
    },
    "IVD": {
      "rank": 41,
      "id": 3712,
      "score": 0.4976,
      "status": "SeedGene"
    },
    "LIMK1": {
      "rank": 42,
      "id": 3984,
      "score": 0.496,
      "status": "SeedGene"
    },
    "GALE": {
      "rank": 43,
      "id": 2582,
      "score": 0.4939,
      "status": "SeedGene"
    },
    "WIPF1": {
      "rank": 44,
      "id": 7456,
      "score": 0.493,
      "status": "SeedGene"
    },
    "ECE1": {
      "rank": 45,
      "id": 1889,
      "score": 0.4925,
      "status": "SeedGene"
    },
    "MLXIPL": {
      "rank": 46,
      "id": 51085,
      "score": 0.4915,
      "status": "SeedGene"
    },
    "CD79A": {
      "rank": 47,
      "id": 973,
      "score": 0.4848,
      "status": "SeedGene"
    },
    "SAR1B": {
      "rank": 48,
      "id": 51128,
      "score": 0.474,
      "status": "SeedGene"
    },
    "TCF3": {
      "rank": 49,
      "id": 6929,
      "score": 0.4739,
      "status": "SeedGene"
    },
    "CD79B": {
      "rank": 50,
      "id": 974,
      "score": 0.4721,
      "status": "SeedGene"
    },
    "ZEB2": {
      "rank": 51,
      "id": 9839,
      "score": 0.4672,
      "status": "SeedGene"
    },
    "CD19": {
      "rank": 52,
      "id": 930,
      "score": 0.4571,
      "status": "SeedGene"
    },
    "PIK3CA": {
      "rank": 53,
      "id": 5290,
      "score": 0.4543,
      "status": "SeedGene"
    },
    "GALT": {
      "rank": 54,
      "id": 2592,
      "score": 0.4511,
      "status": "SeedGene"
    },
    "COMT": {
      "rank": 55,
      "id": 1312,
      "score": 0.451,
      "status": "SeedGene"
    },
    "ST3GAL5": {
      "rank": 56,
      "id": 8869,
      "score": 0.4429,
      "status": "SeedGene"
    },
    "EP300": {
      "rank": 57,
      "id": 2033,
      "score": 0.4393,
      "status": "SeedGene"
    },
    "ICOS": {
      "rank": 58,
      "id": 29851,
      "score": 0.4342,
      "status": "SeedGene"
    },
    "GATM": {
      "rank": 59,
      "id": 2628,
      "score": 0.4293,
      "status": "SeedGene"
    },
    "AKT1": {
      "rank": 60,
      "id": 207,
      "score": 0.4252,
      "status": "SeedGene"
    },
    "IGLL1": {
      "rank": 61,
      "id": 3543,
      "score": 0.4238,
      "status": "SeedGene"
    },
    "TP53": {
      "rank": 62,
      "id": 7157,
      "score": 0.4233,
      "status": "SeedGene"
    },
    "POLG": {
      "rank": 63,
      "id": 5428,
      "score": 0.4171,
      "status": "SeedGene"
    },
    "SLC35C1": {
      "rank": 64,
      "id": 55343,
      "score": 0.4088,
      "status": "SeedGene"
    },
    "CDH1": {
      "rank": 65,
      "id": 999,
      "score": 0.4079,
      "status": "SeedGene"
    },
    "ROR2": {
      "rank": 66,
      "id": 4920,
      "score": 0.4077,
      "status": "SeedGene"
    },
    "OCRL": {
      "rank": 67,
      "id": 4952,
      "score": 0.4066,
      "status": "SeedGene"
    },
    "KDM6A": {
      "rank": 68,
      "id": 7403,
      "score": 0.4063,
      "status": "SeedGene"
    },
    "PTEN": {
      "rank": 69,
      "id": 5728,
      "score": 0.4024,
      "status": "SeedGene"
    },
    "AAAS": {
      "rank": 70,
      "id": 8086,
      "score": 0.399,
      "status": "SeedGene"
    },
    "CREBBP": {
      "rank": 71,
      "id": 1387,
      "score": 0.3988,
      "status": "SeedGene"
    },
    "PRKCD": {
      "rank": 72,
      "id": 5580,
      "score": 0.3981,
      "status": "SeedGene"
    },
    "SLC22A5": {
      "rank": 73,
      "id": 6584,
      "score": 0.3901,
      "status": "SeedGene"
    },
    "PDHA1": {
      "rank": 74,
      "id": 5160,
      "score": 0.3893,
      "status": "SeedGene"
    },
    "NDUFS1": {
      "rank": 75,
      "id": 4719,
      "score": 0.3879,
      "status": "SeedGene"
    },
    "NDUFS8": {
      "rank": 76,
      "id": 4728,
      "score": 0.3877,
      "status": "SeedGene"
    },
    "NDUFS7": {
      "rank": 77,
      "id": 374291,
      "score": 0.3874,
      "status": "SeedGene"
    },
    "NDUFS4": {
      "rank": 78,
      "id": 4724,
      "score": 0.3874,
      "status": "SeedGene"
    },
    "NDUFS3": {
      "rank": 79,
      "id": 4722,
      "score": 0.3874,
      "status": "SeedGene"
    },
    "NDUFV1": {
      "rank": 80,
      "id": 4723,
      "score": 0.3874,
      "status": "SeedGene"
    },
    "PNP": {
      "rank": 81,
      "id": 4860,
      "score": 0.3871,
      "status": "SeedGene"
    },
    "CALM1": {
      "rank": 82,
      "id": 801,
      "score": 0.3822,
      "status": "SeedGene"
    },
    "RFC2": {
      "rank": 83,
      "id": 5982,
      "score": 0.3819,
      "status": "SeedGene"
    },
    "RAC1": {
      "rank": 84,
      "id": 5879,
      "score": 0.3818,
      "status": "SeedGene"
    },
    "DLD": {
      "rank": 85,
      "id": 1738,
      "score": 0.3818,
      "status": "SeedGene"
    },
    "LPL": {
      "rank": 86,
      "id": 4023,
      "score": 0.3806,
      "status": "SeedGene"
    },
    "ALMS1": {
      "rank": 87,
      "id": 7840,
      "score": 0.3802,
      "status": "SeedGene"
    },
    "PIK3R2": {
      "rank": 88,
      "id": 5296,
      "score": 0.3796,
      "status": "SeedGene"
    },
    "CALM2": {
      "rank": 89,
      "id": 805,
      "score": 0.3761,
      "status": "SeedGene"
    },
    "ACP2": {
      "rank": 90,
      "id": 53,
      "score": 0.3752,
      "status": "SeedGene"
    },
    "NFKB2": {
      "rank": 91,
      "id": 4791,
      "score": 0.3748,
      "status": "SeedGene"
    },
    "NBN": {
      "rank": 92,
      "id": 4683,
      "score": 0.3747,
      "status": "SeedGene"
    },
    "PSMD12": {
      "rank": 93,
      "id": 5718,
      "score": 0.3741,
      "status": "SeedGene"
    },
    "UBB": {
      "rank": 94,
      "id": 7314,
      "score": 0.3739,
      "status": "SeedGene"
    },
    "EHMT1": {
      "rank": 95,
      "id": 79813,
      "score": 0.3725,
      "status": "SeedGene"
    },
    "IGHM": {
      "rank": 96,
      "id": 3507,
      "score": 0.3723,
      "status": "SeedGene"
    },
    "NFKB1": {
      "rank": 97,
      "id": 4790,
      "score": 0.3686,
      "status": "SeedGene"
    },
    "SLC2A1": {
      "rank": 98,
      "id": 6513,
      "score": 0.3659,
      "status": "SeedGene"
    },
    "GP1BB": {
      "rank": 99,
      "id": 2812,
      "score": 0.3651,
      "status": "SeedGene"
    },
    "INS": {
      "rank": 100,
      "id": 3630,
      "score": 0.3636,
      "status": "SeedGene"
    }
  }
}