{
  "query": {
    "HP:0002721": {
      "id": "HP:0002721",
      "status": "ok",
      "target": [
        "HP:0002721"
      ]
    },
    "HP:0005352": {
      "id": "HP:0005352",
      "status": "ok",
      "target": [
        "HP:0005352"
      ]
    }
  },
  "response": {
    "FRAS1": {
      "rank": 1,
      "id": 80144,
      "score": 1.0,
      "status": "SeedGene"
    },
    "ATM": {
      "rank": 2,
      "id": 472,
      "score": 0.865,
      "status": "SeedGene"
    },
    "GRIP1": {
      "rank": 3,
      "id": 23426,
      "score": 0.8458,
      "status": "SeedGene"
    },
    "RAG1": {
      "rank": 4,
      "id": 5896,
      "score": 0.8409,
      "status": "SeedGene"
    },
    "IL2RG": {
      "rank": 5,
      "id": 3561,
      "score": 0.7568,
      "status": "SeedGene"
    },
    "FREM2": {
      "rank": 6,
      "id": 341640,
      "score": 0.702,
      "status": "SeedGene"
    },
    "ADA": {
      "rank": 7,
      "id": 100,
      "score": 0.5902,
      "status": "SeedGene"
    },
    "LIG4": {
      "rank": 8,
      "id": 3981,
      "score": 0.5626,
      "status": "SeedGene"
    },
    "IL7R": {
      "rank": 9,
      "id": 3575,
      "score": 0.56,
      "status": "SeedGene"
    },
    "RMRP": {
      "rank": 10,
      "id": 6023,
      "score": 0.5161,
      "status": "SeedGene"
    },
    "RAG2": {
      "rank": 11,
      "id": 5897,
      "score": 0.5054,
      "status": "SeedGene"
    },
    "DCLRE1C": {
      "rank": 12,
      "id": 64421,
      "score": 0.4931,
      "status": "SeedGene"
    },
    "NHEJ1": {
      "rank": 13,
      "id": 79840,
      "score": 0.485,
      "status": "SeedGene"
    },
    "EPG5": {
      "rank": 14,
      "id": 57724,
      "score": 0.472,
      "status": "SeedGene"
    },
    "CHD7": {
      "rank": 15,
      "id": 55636,
      "score": 0.4102,
      "status": "SeedGene"
    },
    "TERT": {
      "rank": 16,
      "id": 7015,
      "score": 0.3716,
      "status": "SeedGene"
    },
    "DKC1": {
      "rank": 17,
      "id": 1736,
      "score": 0.3622,
      "status": "SeedGene"
    },
    "NHP2": {
      "rank": 18,
      "id": 55651,
      "score": 0.3479,
      "status": "SeedGene"
    },
    "TINF2": {
      "rank": 19,
      "id": 26277,
      "score": 0.3433,
      "status": "SeedGene"
    },
    "LETM1": {
      "rank": 20,
      "id": 3954,
      "score": 0.3271,
      "status": "SeedGene"
    },
    "NELFA": {
      "rank": 21,
      "id": 7469,
      "score": 0.3264,
      "status": "SeedGene"
    },
    "RTEL1": {
      "rank": 22,
      "id": 51750,
      "score": 0.3145,
      "status": "SeedGene"
    },
    "WRAP53": {
      "rank": 23,
      "id": 55135,
      "score": 0.3073,
      "status": "SeedGene"
    },
    "NOP10": {
      "rank": 24,
      "id": 55505,
      "score": 0.3027,
      "status": "SeedGene"
    },
    "FOXN1": {
      "rank": 25,
      "id": 8456,
      "score": 0.2979,
      "status": "SeedGene"
    },
    "DNMT3B": {
      "rank": 26,
      "id": 1789,
      "score": 0.2754,
      "status": "SeedGene"
    },
    "PRPS1": {
      "rank": 27,
      "id": 5631,
      "score": 0.2722,
      "status": "SeedGene"
    },
    "TERC": {
      "rank": 28,
      "id": 7012,
      "score": 0.26,
      "status": "SeedGene"
    },
    "USB1": {
      "rank": 29,
      "id": 79650,
      "score": 0.2522,
      "status": "SeedGene"
    },
    "CTC1": {
      "rank": 30,
      "id": 80169,
      "score": 0.2522,
      "status": "SeedGene"
    },
    "ZBTB24": {
      "rank": 31,
      "id": 9841,
      "score": 0.2522,
      "status": "SeedGene"
    },
    "XIAP": {
      "rank": 32,
      "id": 331,
      "score": 0.1902,
      "status": "SeedGene"
    },
    "AKT1": {
      "rank": 33,
      "id": 207,
      "score": 0.1876,
      "status": "SeedGene"
    },
    "SH2D1A": {
      "rank": 34,
      "id": 4068,
      "score": 0.1861,
      "status": "SeedGene"
    },
    "PIK3CA": {
      "rank": 35,
      "id": 5290,
      "score": 0.1739,
      "status": "SeedGene"
    },
    "PTEN": {
      "rank": 36,
      "id": 5728,
      "score": 0.1577,
      "status": "SeedGene"
    },
    "PIK3R1": {
      "rank": 37,
      "id": 5295,
      "score": 0.1443,
      "status": "SeedGene"
    },
    "CD3D": {
      "rank": 38,
      "id": 915,
      "score": 0.1422,
      "status": "SeedGene"
    },
    "IL2RA": {
      "rank": 39,
      "id": 3559,
      "score": 0.142,
      "status": "SeedGene"
    },
    "CD3E": {
      "rank": 40,
      "id": 916,
      "score": 0.1408,
      "status": "SeedGene"
    },
    "NFKB1": {
      "rank": 41,
      "id": 4790,
      "score": 0.1384,
      "status": "SeedGene"
    },
    "LCK": {
      "rank": 42,
      "id": 3932,
      "score": 0.1376,
      "status": "SeedGene"
    },
    "MAPK1": {
      "rank": 43,
      "id": 5594,
      "score": 0.1371,
      "status": "SeedGene"
    },
    "IKBKG": {
      "rank": 44,
      "id": 8517,
      "score": 0.1369,
      "status": "SeedGene"
    },
    "TGFB1": {
      "rank": 45,
      "id": 7040,
      "score": 0.135,
      "status": "SeedGene"
    },
    "LAMTOR2": {
      "rank": 46,
      "id": 28956,
      "score": 0.1337,
      "status": "SeedGene"
    },
    "IL12B": {
      "rank": 47,
      "id": 3593,
      "score": 0.1332,
      "status": "SeedGene"
    },
    "CD19": {
      "rank": 48,
      "id": 930,
      "score": 0.1325,
      "status": "SeedGene"
    },
    "MYC": {
      "rank": 49,
      "id": 4609,
      "score": 0.1319,
      "status": "SeedGene"
    },
    "JAK3": {
      "rank": 50,
      "id": 3718,
      "score": 0.1301,
      "status": "SeedGene"
    },
    "PIK3CD": {
      "rank": 51,
      "id": 5293,
      "score": 0.1296,
      "status": "SeedGene"
    },
    "CD40": {
      "rank": 52,
      "id": 958,
      "score": 0.1289,
      "status": "SeedGene"
    },
    "IKBKB": {
      "rank": 53,
      "id": 3551,
      "score": 0.1286,
      "status": "SeedGene"
    },
    "FOS": {
      "rank": 54,
      "id": 2353,
      "score": 0.1281,
      "status": "SeedGene"
    },
    "ICOS": {
      "rank": 55,
      "id": 29851,
      "score": 0.1279,
      "status": "SeedGene"
    },
    "CD3G": {
      "rank": 56,
      "id": 917,
      "score": 0.1276,
      "status": "SeedGene"
    },
    "STAT1": {
      "rank": 57,
      "id": 6772,
      "score": 0.1273,
      "status": "SeedGene"
    },
    "PTPRC": {
      "rank": 58,
      "id": 5788,
      "score": 0.127,
      "status": "SeedGene"
    },
    "CD247": {
      "rank": 59,
      "id": 919,
      "score": 0.1269,
      "status": "SeedGene"
    },
    "BLNK": {
      "rank": 60,
      "id": 29760,
      "score": 0.1249,
      "status": "SeedGene"
    },
    "BTK": {
      "rank": 61,
      "id": 695,
      "score": 0.1236,
      "status": "SeedGene"
    },
    "CD40LG": {
      "rank": 62,
      "id": 959,
      "score": 0.1223,
      "status": "SeedGene"
    },
    "TNFRSF13C": {
      "rank": 63,
      "id": 115650,
      "score": 0.1214,
      "status": "SeedGene"
    },
    "CD28": {
      "rank": 64,
      "id": 940,
      "score": 0.1181,
      "status": "SeedGene"
    },
    "POLE": {
      "rank": 65,
      "id": 5426,
      "score": 0.117,
      "status": "SeedGene"
    },
    "ACTB": {
      "rank": 66,
      "id": 60,
      "score": 0.1165,
      "status": "SeedGene"
    },
    "IL2RB": {
      "rank": 67,
      "id": 3560,
      "score": 0.1162,
      "status": "SeedGene"
    },
    "CDC42": {
      "rank": 68,
      "id": 998,
      "score": 0.1161,
      "status": "SeedGene"
    },
    "CYBB": {
      "rank": 69,
      "id": 1536,
      "score": 0.1161,
      "status": "SeedGene"
    },
    "CRKL": {
      "rank": 70,
      "id": 1399,
      "score": 0.1129,
      "status": "SeedGene"
    },
    "NFKB2": {
      "rank": 71,
      "id": 4791,
      "score": 0.1115,
      "status": "SeedGene"
    },
    "PRKDC": {
      "rank": 72,
      "id": 5591,
      "score": 0.1115,
      "status": "SeedGene"
    },
    "PRKCD": {
      "rank": 73,
      "id": 5580,
      "score": 0.1113,
      "status": "SeedGene"
    },
    "SDHD": {
      "rank": 74,
      "id": 6392,
      "score": 0.1113,
      "status": "SeedGene"
    },
    "SDHC": {
      "rank": 75,
      "id": 6391,
      "score": 0.1113,
      "status": "SeedGene"
    },
    "SDHB": {
      "rank": 76,
      "id": 6390,
      "score": 0.1113,
      "status": "SeedGene"
    },
    "MYD88": {
      "rank": 77,
      "id": 4615,
      "score": 0.111,
      "status": "SeedGene"
    },
    "IGLL1": {
      "rank": 78,
      "id": 3543,
      "score": 0.1103,
      "status": "SeedGene"
    },
    "LAT": {
      "rank": 79,
      "id": 27040,
      "score": 0.1101,
      "status": "SeedGene"
    },
    "IL21": {
      "rank": 80,
      "id": 59067,
      "score": 0.1094,
      "status": "SeedGene"
    },
    "FCGR3A": {
      "rank": 81,
      "id": 2214,
      "score": 0.1092,
      "status": "SeedGene"
    },
    "IL21R": {
      "rank": 82,
      "id": 50615,
      "score": 0.1089,
      "status": "SeedGene"
    },
    "RNF168": {
      "rank": 83,
      "id": 165918,
      "score": 0.1085,
      "status": "SeedGene"
    },
    "TNFRSF13B": {
      "rank": 84,
      "id": 23495,
      "score": 0.1081,
      "status": "SeedGene"
    },
    "NCF2": {
      "rank": 85,
      "id": 4688,
      "score": 0.108,
      "status": "SeedGene"
    },
    "CYBA": {
      "rank": 86,
      "id": 1535,
      "score": 0.1069,
      "status": "SeedGene"
    },
    "RBCK1": {
      "rank": 87,
      "id": 10616,
      "score": 0.1069,
      "status": "SeedGene"
    },
    "ORAI1": {
      "rank": 88,
      "id": 84876,
      "score": 0.1065,
      "status": "SeedGene"
    },
    "CD79A": {
      "rank": 89,
      "id": 973,
      "score": 0.1059,
      "status": "SeedGene"
    },
    "NCF1": {
      "rank": 90,
      "id": 653361,
      "score": 0.1055,
      "status": "SeedGene"
    },
    "IRAK4": {
      "rank": 91,
      "id": 51135,
      "score": 0.1055,
      "status": "SeedGene"
    },
    "CD81": {
      "rank": 92,
      "id": 975,
      "score": 0.1043,
      "status": "SeedGene"
    },
    "BUB1B": {
      "rank": 93,
      "id": 701,
      "score": 0.1043,
      "status": "SeedGene"
    },
    "CTLA4": {
      "rank": 94,
      "id": 1493,
      "score": 0.1041,
      "status": "SeedGene"
    },
    "XRCC4": {
      "rank": 95,
      "id": 7518,
      "score": 0.1039,
      "status": "SeedGene"
    },
    "BCL10": {
      "rank": 96,
      "id": 8915,
      "score": 0.1036,
      "status": "SeedGene"
    },
    "TYK2": {
      "rank": 97,
      "id": 7297,
      "score": 0.1033,
      "status": "SeedGene"
    },
    "IL6": {
      "rank": 98,
      "id": 3569,
      "score": 0.1032,
      "status": "Predicted"
    },
    "IFNGR1": {
      "rank": 99,
      "id": 3459,
      "score": 0.1025,
      "status": "SeedGene"
    },
    "IFNGR2": {
      "rank": 100,
      "id": 3460,
      "score": 0.1023,
      "status": "SeedGene"
    }
  }
}