{
  "query": {
    "HP:0001251": {
      "id": "HP:0001251",
      "status": "ok",
      "target": [
        "HP:0001251"
      ]
    },
    "HP:0000717": {
      "id": "HP:0000717",
      "status": "ok",
      "target": [
        "HP:0000717"
      ]
    },
    "HP:0100021": {
      "id": "HP:0100021",
      "status": "ok",
      "target": [
        "HP:0100021"
      ]
    },
    "HP:0001263": {
      "id": "HP:0001263",
      "status": "ok",
      "target": [
        "HP:0001263"
      ]
    },
    "HP:0002376": {
      "id": "HP:0002376",
      "status": "ok",
      "target": [
        "HP:0002376"
      ]
    },
    "HP:0001298": {
      "id": "HP:0001298",
      "status": "ok",
      "target": [
        "HP:0001298"
      ]
    },
    "HP:0001252": {
      "id": "HP:0001252",
      "status": "ok",
      "target": [
        "HP:0001252"
      ]
    },
    "HP:0001257": {
      "id": "HP:0001257",
      "status": "ok",
      "target": [
        "HP:0001257"
      ]
    }
  },
  "response": {
    "IDUA": {
      "rank": 1,
      "id": 3425,
      "score": 1.0,
      "status": "SeedGene"
    },
    "SCN4A": {
      "rank": 2,
      "id": 6329,
      "score": 0.5785,
      "status": "SeedGene"
    },
    "ARSA": {
      "rank": 3,
      "id": 410,
      "score": 0.3153,
      "status": "SeedGene"
    },
    "CYP27A1": {
      "rank": 4,
      "id": 1593,
      "score": 0.2959,
      "status": "SeedGene"
    },
    "PLA2G6": {
      "rank": 5,
      "id": 8398,
      "score": 0.2919,
      "status": "SeedGene"
    },
    "SHANK3": {
      "rank": 6,
      "id": 85358,
      "score": 0.2896,
      "status": "SeedGene"
    },
    "SUMF1": {
      "rank": 7,
      "id": 285362,
      "score": 0.282,
      "status": "SeedGene"
    },
    "ELN": {
      "rank": 8,
      "id": 2006,
      "score": 0.2804,
      "status": "SeedGene"
    },
    "MECP2": {
      "rank": 9,
      "id": 4204,
      "score": 0.2791,
      "status": "SeedGene"
    },
    "PEX7": {
      "rank": 10,
      "id": 5191,
      "score": 0.2783,
      "status": "SeedGene"
    },
    "DHCR7": {
      "rank": 11,
      "id": 1717,
      "score": 0.2773,
      "status": "SeedGene"
    },
    "GALC": {
      "rank": 12,
      "id": 2581,
      "score": 0.2742,
      "status": "SeedGene"
    },
    "PHYH": {
      "rank": 13,
      "id": 5264,
      "score": 0.2658,
      "status": "SeedGene"
    },
    "GNAQ": {
      "rank": 14,
      "id": 2776,
      "score": 0.2643,
      "status": "SeedGene"
    },
    "ACOX1": {
      "rank": 15,
      "id": 51,
      "score": 0.2604,
      "status": "SeedGene"
    },
    "ATP7A": {
      "rank": 16,
      "id": 538,
      "score": 0.2573,
      "status": "SeedGene"
    },
    "PEX19": {
      "rank": 17,
      "id": 5824,
      "score": 0.2534,
      "status": "SeedGene"
    },
    "ALDH5A1": {
      "rank": 18,
      "id": 7915,
      "score": 0.2437,
      "status": "SeedGene"
    },
    "GAMT": {
      "rank": 19,
      "id": 2593,
      "score": 0.2295,
      "status": "SeedGene"
    },
    "PEX3": {
      "rank": 20,
      "id": 8504,
      "score": 0.2208,
      "status": "SeedGene"
    },
    "PTEN": {
      "rank": 21,
      "id": 5728,
      "score": 0.2171,
      "status": "SeedGene"
    },
    "PLP1": {
      "rank": 22,
      "id": 5354,
      "score": 0.2138,
      "status": "SeedGene"
    },
    "PEX10": {
      "rank": 23,
      "id": 5192,
      "score": 0.2113,
      "status": "SeedGene"
    },
    "PEX6": {
      "rank": 24,
      "id": 5190,
      "score": 0.2111,
      "status": "SeedGene"
    },
    "SLC6A8": {
      "rank": 25,
      "id": 6535,
      "score": 0.208,
      "status": "SeedGene"
    },
    "PEX5": {
      "rank": 26,
      "id": 5830,
      "score": 0.204,
      "status": "SeedGene"
    },
    "NOTCH3": {
      "rank": 27,
      "id": 4854,
      "score": 0.2035,
      "status": "SeedGene"
    },
    "LIMK1": {
      "rank": 28,
      "id": 3984,
      "score": 0.2029,
      "status": "SeedGene"
    },
    "PEX1": {
      "rank": 29,
      "id": 5189,
      "score": 0.2024,
      "status": "SeedGene"
    },
    "GATM": {
      "rank": 30,
      "id": 2628,
      "score": 0.2009,
      "status": "SeedGene"
    },
    "PEX12": {
      "rank": 31,
      "id": 5193,
      "score": 0.1999,
      "status": "SeedGene"
    },
    "PIK3CA": {
      "rank": 32,
      "id": 5290,
      "score": 0.1985,
      "status": "SeedGene"
    },
    "CHD7": {
      "rank": 33,
      "id": 55636,
      "score": 0.1981,
      "status": "SeedGene"
    },
    "IDH1": {
      "rank": 34,
      "id": 3417,
      "score": 0.1973,
      "status": "SeedGene"
    },
    "PEX2": {
      "rank": 35,
      "id": 5828,
      "score": 0.1951,
      "status": "SeedGene"
    },
    "ADSL": {
      "rank": 36,
      "id": 158,
      "score": 0.193,
      "status": "SeedGene"
    },
    "PEX14": {
      "rank": 37,
      "id": 5195,
      "score": 0.1929,
      "status": "SeedGene"
    },
    "EHMT1": {
      "rank": 38,
      "id": 79813,
      "score": 0.1925,
      "status": "SeedGene"
    },
    "NDUFS1": {
      "rank": 39,
      "id": 4719,
      "score": 0.1924,
      "status": "SeedGene"
    },
    "NDUFS4": {
      "rank": 40,
      "id": 4724,
      "score": 0.1919,
      "status": "SeedGene"
    },
    "NDUFV1": {
      "rank": 41,
      "id": 4723,
      "score": 0.1919,
      "status": "SeedGene"
    },
    "NDUFS7": {
      "rank": 42,
      "id": 374291,
      "score": 0.1919,
      "status": "SeedGene"
    },
    "HTT": {
      "rank": 43,
      "id": 3064,
      "score": 0.1919,
      "status": "SeedGene"
    },
    "PEX26": {
      "rank": 44,
      "id": 55670,
      "score": 0.191,
      "status": "SeedGene"
    },
    "PEX16": {
      "rank": 45,
      "id": 9409,
      "score": 0.1909,
      "status": "SeedGene"
    },
    "PEX13": {
      "rank": 46,
      "id": 5194,
      "score": 0.1894,
      "status": "SeedGene"
    },
    "AKT1": {
      "rank": 47,
      "id": 207,
      "score": 0.1894,
      "status": "SeedGene"
    },
    "GCDH": {
      "rank": 48,
      "id": 2639,
      "score": 0.1886,
      "status": "SeedGene"
    },
    "COX10": {
      "rank": 49,
      "id": 1352,
      "score": 0.1886,
      "status": "SeedGene"
    },
    "VPS13A": {
      "rank": 50,
      "id": 23230,
      "score": 0.186,
      "status": "SeedGene"
    },
    "PEX11B": {
      "rank": 51,
      "id": 8799,
      "score": 0.1856,
      "status": "SeedGene"
    },
    "SLC29A3": {
      "rank": 52,
      "id": 55315,
      "score": 0.1835,
      "status": "SeedGene"
    },
    "SURF1": {
      "rank": 53,
      "id": 6834,
      "score": 0.1832,
      "status": "SeedGene"
    },
    "PAH": {
      "rank": 54,
      "id": 5053,
      "score": 0.1819,
      "status": "SeedGene"
    },
    "RFC2": {
      "rank": 55,
      "id": 5982,
      "score": 0.1816,
      "status": "SeedGene"
    },
    "IDH2": {
      "rank": 56,
      "id": 3418,
      "score": 0.1799,
      "status": "SeedGene"
    },
    "NDUFS8": {
      "rank": 57,
      "id": 4728,
      "score": 0.1764,
      "status": "SeedGene"
    },
    "CLTC": {
      "rank": 58,
      "id": 1213,
      "score": 0.1764,
      "status": "SeedGene"
    },
    "NDUFS3": {
      "rank": 59,
      "id": 4722,
      "score": 0.1764,
      "status": "SeedGene"
    },
    "EP300": {
      "rank": 60,
      "id": 2033,
      "score": 0.1752,
      "status": "SeedGene"
    },
    "SLC2A1": {
      "rank": 61,
      "id": 6513,
      "score": 0.1746,
      "status": "SeedGene"
    },
    "CACNA1A": {
      "rank": 62,
      "id": 773,
      "score": 0.1721,
      "status": "SeedGene"
    },
    "SMAD4": {
      "rank": 63,
      "id": 4089,
      "score": 0.1707,
      "status": "SeedGene"
    },
    "SDHA": {
      "rank": 64,
      "id": 6389,
      "score": 0.169,
      "status": "SeedGene"
    },
    "MLXIPL": {
      "rank": 65,
      "id": 51085,
      "score": 0.1683,
      "status": "SeedGene"
    },
    "CACNA1D": {
      "rank": 66,
      "id": 776,
      "score": 0.1681,
      "status": "SeedGene"
    },
    "AAAS": {
      "rank": 67,
      "id": 8086,
      "score": 0.1664,
      "status": "SeedGene"
    },
    "PDHA1": {
      "rank": 68,
      "id": 5160,
      "score": 0.1653,
      "status": "SeedGene"
    },
    "COQ2": {
      "rank": 69,
      "id": 27235,
      "score": 0.1641,
      "status": "SeedGene"
    },
    "COX15": {
      "rank": 70,
      "id": 1355,
      "score": 0.1633,
      "status": "SeedGene"
    },
    "PLCB1": {
      "rank": 71,
      "id": 23236,
      "score": 0.1631,
      "status": "SeedGene"
    },
    "CREBBP": {
      "rank": 72,
      "id": 1387,
      "score": 0.1621,
      "status": "SeedGene"
    },
    "SLC17A5": {
      "rank": 73,
      "id": 26503,
      "score": 0.1619,
      "status": "SeedGene"
    },
    "GBA": {
      "rank": 74,
      "id": 2629,
      "score": 0.1614,
      "status": "SeedGene"
    },
    "PCCA": {
      "rank": 75,
      "id": 5095,
      "score": 0.1612,
      "status": "SeedGene"
    },
    "PCCB": {
      "rank": 76,
      "id": 5096,
      "score": 0.1611,
      "status": "SeedGene"
    },
    "ATP6V1A": {
      "rank": 77,
      "id": 523,
      "score": 0.1594,
      "status": "SeedGene"
    },
    "NDUFA2": {
      "rank": 78,
      "id": 4695,
      "score": 0.1593,
      "status": "SeedGene"
    },
    "NDUFA10": {
      "rank": 79,
      "id": 4705,
      "score": 0.1593,
      "status": "SeedGene"
    },
    "TSC2": {
      "rank": 80,
      "id": 7249,
      "score": 0.1584,
      "status": "SeedGene"
    },
    "DLD": {
      "rank": 81,
      "id": 1738,
      "score": 0.1579,
      "status": "SeedGene"
    },
    "PAFAH1B1": {
      "rank": 82,
      "id": 5048,
      "score": 0.1562,
      "status": "SeedGene"
    },
    "ANKRD11": {
      "rank": 83,
      "id": 29123,
      "score": 0.1529,
      "status": "SeedGene"
    },
    "ST3GAL5": {
      "rank": 84,
      "id": 8869,
      "score": 0.1522,
      "status": "SeedGene"
    },
    "SLC19A3": {
      "rank": 85,
      "id": 80704,
      "score": 0.1509,
      "status": "SeedGene"
    },
    "NDUFS2": {
      "rank": 86,
      "id": 4720,
      "score": 0.1495,
      "status": "SeedGene"
    },
    "NDUFV2": {
      "rank": 87,
      "id": 4729,
      "score": 0.1495,
      "status": "SeedGene"
    },
    "RANBP2": {
      "rank": 88,
      "id": 5903,
      "score": 0.1491,
      "status": "SeedGene"
    },
    "GNB1": {
      "rank": 89,
      "id": 2782,
      "score": 0.1484,
      "status": "SeedGene"
    },
    "INPP5E": {
      "rank": 90,
      "id": 56623,
      "score": 0.1473,
      "status": "SeedGene"
    },
    "SDHD": {
      "rank": 91,
      "id": 6392,
      "score": 0.147,
      "status": "SeedGene"
    },
    "COX6B1": {
      "rank": 92,
      "id": 1340,
      "score": 0.1463,
      "status": "SeedGene"
    },
    "SLC16A2": {
      "rank": 93,
      "id": 6567,
      "score": 0.1463,
      "status": "SeedGene"
    },
    "CALM2": {
      "rank": 94,
      "id": 805,
      "score": 0.1461,
      "status": "Predicted"
    },
    "CALM1": {
      "rank": 95,
      "id": 801,
      "score": 0.1457,
      "status": "Predicted"
    },
    "DPYD": {
      "rank": 96,
      "id": 1806,
      "score": 0.1456,
      "status": "SeedGene"
    },
    "CALM3": {
      "rank": 97,
      "id": 808,
      "score": 0.1452,
      "status": "Predicted"
    },
    "PRKACA": {
      "rank": 98,
      "id": 5566,
      "score": 0.1447,
      "status": "Predicted"
    },
    "TSC1": {
      "rank": 99,
      "id": 7248,
      "score": 0.1443,
      "status": "SeedGene"
    },
    "BAZ1B": {
      "rank": 100,
      "id": 9031,
      "score": 0.1442,
      "status": "SeedGene"
    }
  }
}