{
  "query": {
    "HP:0001519": {
      "id": "HP:0001519",
      "status": "ok",
      "target": [
        "HP:0001519"
      ]
    },
    "HP:0011342": {
      "id": "HP:0011342",
      "status": "ok",
      "target": [
        "HP:0011342"
      ]
    },
    "HP:0002194": {
      "id": "HP:0002194",
      "status": "ok",
      "target": [
        "HP:0002194"
      ]
    }
  },
  "response": {
    "FBN1": {
      "rank": 1,
      "id": 2200,
      "score": 1.0,
      "status": "SeedGene"
    },
    "TGFBR1": {
      "rank": 2,
      "id": 7046,
      "score": 0.9638,
      "status": "SeedGene"
    },
    "TGFBR2": {
      "rank": 3,
      "id": 7048,
      "score": 0.9633,
      "status": "SeedGene"
    },
    "COL2A1": {
      "rank": 4,
      "id": 1280,
      "score": 0.9099,
      "status": "SeedGene"
    },
    "SCARF2": {
      "rank": 5,
      "id": 91179,
      "score": 0.7855,
      "status": "SeedGene"
    },
    "PTEN": {
      "rank": 6,
      "id": 5728,
      "score": 0.7758,
      "status": "SeedGene"
    },
    "RBBP8": {
      "rank": 7,
      "id": 5932,
      "score": 0.6703,
      "status": "SeedGene"
    },
    "ATR": {
      "rank": 8,
      "id": 545,
      "score": 0.6066,
      "status": "SeedGene"
    },
    "LRP5": {
      "rank": 9,
      "id": 4041,
      "score": 0.5991,
      "status": "SeedGene"
    },
    "RNF168": {
      "rank": 10,
      "id": 165918,
      "score": 0.594,
      "status": "SeedGene"
    },
    "COG1": {
      "rank": 11,
      "id": 9382,
      "score": 0.5919,
      "status": "SeedGene"
    },
    "CENPJ": {
      "rank": 12,
      "id": 55835,
      "score": 0.5846,
      "status": "SeedGene"
    },
    "ATRIP": {
      "rank": 13,
      "id": 84126,
      "score": 0.5783,
      "status": "SeedGene"
    },
    "CEP152": {
      "rank": 14,
      "id": 22995,
      "score": 0.5655,
      "status": "SeedGene"
    },
    "NONO": {
      "rank": 15,
      "id": 4841,
      "score": 0.5643,
      "status": "SeedGene"
    },
    "ACTB": {
      "rank": 16,
      "id": 60,
      "score": 0.5437,
      "status": "SeedGene"
    },
    "PLOD1": {
      "rank": 17,
      "id": 5351,
      "score": 0.5434,
      "status": "SeedGene"
    },
    "CENPE": {
      "rank": 18,
      "id": 1062,
      "score": 0.5152,
      "status": "SeedGene"
    },
    "KCNJ11": {
      "rank": 19,
      "id": 3767,
      "score": 0.5004,
      "status": "SeedGene"
    },
    "GALE": {
      "rank": 20,
      "id": 2582,
      "score": 0.5001,
      "status": "SeedGene"
    },
    "PLK4": {
      "rank": 21,
      "id": 10733,
      "score": 0.5,
      "status": "SeedGene"
    },
    "ALB": {
      "rank": 22,
      "id": 213,
      "score": 0.4991,
      "status": "SeedGene"
    },
    "ABCC8": {
      "rank": 23,
      "id": 6833,
      "score": 0.4984,
      "status": "SeedGene"
    },
    "DLAT": {
      "rank": 24,
      "id": 1737,
      "score": 0.4902,
      "status": "SeedGene"
    },
    "GJA1": {
      "rank": 25,
      "id": 2697,
      "score": 0.4825,
      "status": "SeedGene"
    },
    "TRAIP": {
      "rank": 26,
      "id": 10293,
      "score": 0.4819,
      "status": "SeedGene"
    },
    "B4GALT7": {
      "rank": 27,
      "id": 11285,
      "score": 0.4803,
      "status": "SeedGene"
    },
    "CDC6": {
      "rank": 28,
      "id": 990,
      "score": 0.48,
      "status": "SeedGene"
    },
    "ASPA": {
      "rank": 29,
      "id": 443,
      "score": 0.4783,
      "status": "SeedGene"
    },
    "ACAD8": {
      "rank": 30,
      "id": 27034,
      "score": 0.4781,
      "status": "SeedGene"
    },
    "PCNT": {
      "rank": 31,
      "id": 5116,
      "score": 0.4736,
      "status": "SeedGene"
    },
    "TRNK": {
      "rank": 32,
      "id": 8923190,
      "score": 0.4503,
      "status": "SeedGene"
    },
    "TBX4": {
      "rank": 33,
      "id": 9496,
      "score": 0.4503,
      "status": "SeedGene"
    },
    "NSMCE3": {
      "rank": 34,
      "id": 56160,
      "score": 0.448,
      "status": "SeedGene"
    },
    "ADNP": {
      "rank": 35,
      "id": 23394,
      "score": 0.448,
      "status": "SeedGene"
    },
    "ZNF469": {
      "rank": 36,
      "id": 84627,
      "score": 0.4211,
      "status": "SeedGene"
    },
    "HOXA1": {
      "rank": 37,
      "id": 3198,
      "score": 0.3844,
      "status": "SeedGene"
    },
    "SMAD3": {
      "rank": 38,
      "id": 4088,
      "score": 0.3798,
      "status": "SeedGene"
    },
    "MED12": {
      "rank": 39,
      "id": 9968,
      "score": 0.3764,
      "status": "SeedGene"
    },
    "CNTNAP2": {
      "rank": 40,
      "id": 26047,
      "score": 0.3678,
      "status": "SeedGene"
    },
    "ATP6V1A": {
      "rank": 41,
      "id": 523,
      "score": 0.3021,
      "status": "SeedGene"
    },
    "PRDM5": {
      "rank": 42,
      "id": 11107,
      "score": 0.3014,
      "status": "SeedGene"
    },
    "TGFB1": {
      "rank": 43,
      "id": 7040,
      "score": 0.2944,
      "status": "SeedGene"
    },
    "AKT1": {
      "rank": 44,
      "id": 207,
      "score": 0.2695,
      "status": "SeedGene"
    },
    "TGFB2": {
      "rank": 45,
      "id": 7042,
      "score": 0.2494,
      "status": "SeedGene"
    },
    "PPP2R1A": {
      "rank": 46,
      "id": 5518,
      "score": 0.241,
      "status": "SeedGene"
    },
    "EP300": {
      "rank": 47,
      "id": 2033,
      "score": 0.2398,
      "status": "SeedGene"
    },
    "COL11A2": {
      "rank": 48,
      "id": 1302,
      "score": 0.2356,
      "status": "SeedGene"
    },
    "PPP2CA": {
      "rank": 49,
      "id": 5515,
      "score": 0.2352,
      "status": "SeedGene"
    },
    "ASXL3": {
      "rank": 50,
      "id": 80816,
      "score": 0.2312,
      "status": "SeedGene"
    },
    "COL1A2": {
      "rank": 51,
      "id": 1278,
      "score": 0.2117,
      "status": "SeedGene"
    },
    "COL1A1": {
      "rank": 52,
      "id": 1277,
      "score": 0.2049,
      "status": "SeedGene"
    },
    "ADCY5": {
      "rank": 53,
      "id": 111,
      "score": 0.2024,
      "status": "SeedGene"
    },
    "NELFA": {
      "rank": 54,
      "id": 7469,
      "score": 0.2007,
      "status": "SeedGene"
    },
    "ATP6V1E1": {
      "rank": 55,
      "id": 529,
      "score": 0.1962,
      "status": "SeedGene"
    },
    "DNM2": {
      "rank": 56,
      "id": 1785,
      "score": 0.1959,
      "status": "SeedGene"
    },
    "ITPR1": {
      "rank": 57,
      "id": 3708,
      "score": 0.1956,
      "status": "SeedGene"
    },
    "LETM1": {
      "rank": 58,
      "id": 3954,
      "score": 0.1946,
      "status": "SeedGene"
    },
    "CAMK2A": {
      "rank": 59,
      "id": 815,
      "score": 0.1887,
      "status": "SeedGene"
    },
    "DYNC1H1": {
      "rank": 60,
      "id": 1778,
      "score": 0.1876,
      "status": "SeedGene"
    },
    "DYNC1I2": {
      "rank": 61,
      "id": 1781,
      "score": 0.1867,
      "status": "SeedGene"
    },
    "PAK1": {
      "rank": 62,
      "id": 5058,
      "score": 0.1859,
      "status": "SeedGene"
    },
    "AGRN": {
      "rank": 63,
      "id": 375790,
      "score": 0.1845,
      "status": "SeedGene"
    },
    "FGF3": {
      "rank": 64,
      "id": 2248,
      "score": 0.1818,
      "status": "SeedGene"
    },
    "GLS": {
      "rank": 65,
      "id": 2744,
      "score": 0.1801,
      "status": "SeedGene"
    },
    "RET": {
      "rank": 66,
      "id": 5979,
      "score": 0.1782,
      "status": "SeedGene"
    },
    "TRRAP": {
      "rank": 67,
      "id": 8295,
      "score": 0.1744,
      "status": "SeedGene"
    },
    "SMC1A": {
      "rank": 68,
      "id": 8243,
      "score": 0.1729,
      "status": "SeedGene"
    },
    "NPHP1": {
      "rank": 69,
      "id": 4867,
      "score": 0.1697,
      "status": "SeedGene"
    },
    "HERC2": {
      "rank": 70,
      "id": 8924,
      "score": 0.1681,
      "status": "SeedGene"
    },
    "CDK6": {
      "rank": 71,
      "id": 1021,
      "score": 0.1665,
      "status": "SeedGene"
    },
    "KLC2": {
      "rank": 72,
      "id": 64837,
      "score": 0.1664,
      "status": "SeedGene"
    },
    "PAK3": {
      "rank": 73,
      "id": 5063,
      "score": 0.1662,
      "status": "SeedGene"
    },
    "BMP1": {
      "rank": 74,
      "id": 649,
      "score": 0.1662,
      "status": "SeedGene"
    },
    "DSE": {
      "rank": 75,
      "id": 29940,
      "score": 0.1659,
      "status": "SeedGene"
    },
    "FBN2": {
      "rank": 76,
      "id": 2201,
      "score": 0.1643,
      "status": "SeedGene"
    },
    "STAG2": {
      "rank": 77,
      "id": 10735,
      "score": 0.1639,
      "status": "SeedGene"
    },
    "COL13A1": {
      "rank": 78,
      "id": 1305,
      "score": 0.1624,
      "status": "SeedGene"
    },
    "RAB11B": {
      "rank": 79,
      "id": 9230,
      "score": 0.1581,
      "status": "SeedGene"
    },
    "TK2": {
      "rank": 80,
      "id": 7084,
      "score": 0.1576,
      "status": "SeedGene"
    },
    "FKBP14": {
      "rank": 81,
      "id": 55033,
      "score": 0.1553,
      "status": "SeedGene"
    },
    "CBS": {
      "rank": 82,
      "id": 875,
      "score": 0.1547,
      "status": "SeedGene"
    },
    "SMS": {
      "rank": 83,
      "id": 6611,
      "score": 0.1544,
      "status": "SeedGene"
    },
    "POMT2": {
      "rank": 84,
      "id": 29954,
      "score": 0.154,
      "status": "SeedGene"
    },
    "AHI1": {
      "rank": 85,
      "id": 54806,
      "score": 0.154,
      "status": "SeedGene"
    },
    "PIGC": {
      "rank": 86,
      "id": 5279,
      "score": 0.1537,
      "status": "SeedGene"
    },
    "TAF1": {
      "rank": 87,
      "id": 6872,
      "score": 0.153,
      "status": "SeedGene"
    },
    "FBXL3": {
      "rank": 88,
      "id": 26224,
      "score": 0.1529,
      "status": "SeedGene"
    },
    "LOX": {
      "rank": 89,
      "id": 4015,
      "score": 0.1521,
      "status": "SeedGene"
    },
    "MTMR14": {
      "rank": 90,
      "id": 64419,
      "score": 0.1506,
      "status": "SeedGene"
    },
    "UBE2A": {
      "rank": 91,
      "id": 7319,
      "score": 0.1501,
      "status": "SeedGene"
    },
    "HPGD": {
      "rank": 92,
      "id": 3248,
      "score": 0.1494,
      "status": "SeedGene"
    },
    "CDK13": {
      "rank": 93,
      "id": 8621,
      "score": 0.149,
      "status": "SeedGene"
    },
    "NDUFA12": {
      "rank": 94,
      "id": 55967,
      "score": 0.1488,
      "status": "SeedGene"
    },
    "NDUFA1": {
      "rank": 95,
      "id": 4694,
      "score": 0.1488,
      "status": "SeedGene"
    },
    "ZDHHC9": {
      "rank": 96,
      "id": 51114,
      "score": 0.1474,
      "status": "SeedGene"
    },
    "KIF14": {
      "rank": 97,
      "id": 9928,
      "score": 0.1473,
      "status": "SeedGene"
    },
    "SLC6A3": {
      "rank": 98,
      "id": 6531,
      "score": 0.147,
      "status": "SeedGene"
    },
    "SLC25A1": {
      "rank": 99,
      "id": 6576,
      "score": 0.1467,
      "status": "SeedGene"
    },
    "SYT1": {
      "rank": 100,
      "id": 6857,
      "score": 0.1465,
      "status": "SeedGene"
    }
  }
}