{
  "query": {
    "HP:0001263": {
      "id": "HP:0001263",
      "status": "ok",
      "target": [
        "HP:0001263"
      ]
    },
    "HP:0001999": {
      "id": "HP:0001999",
      "status": "ok",
      "target": [
        "HP:0001999"
      ]
    },
    "HP:0011157": {
      "id": "HP:0011157",
      "status": "ok",
      "target": [
        "HP:0011157"
      ]
    },
    "HP:0000365": {
      "id": "HP:0000365",
      "status": "ok",
      "target": [
        "HP:0000365"
      ]
    },
    "HP:0001302": {
      "id": "HP:0001302",
      "status": "ok",
      "target": [
        "HP:0001302"
      ]
    },
    "HP:0001250": {
      "id": "HP:0001250",
      "status": "ok",
      "target": [
        "HP:0001250"
      ]
    }
  },
  "response": {
    "NHLRC1": {
      "rank": 1,
      "id": 378884,
      "score": 1.0,
      "status": "SeedGene"
    },
    "EPM2A": {
      "rank": 2,
      "id": 7957,
      "score": 0.9454,
      "status": "SeedGene"
    },
    "NSDHL": {
      "rank": 3,
      "id": 50814,
      "score": 0.4042,
      "status": "SeedGene"
    },
    "PAFAH1B1": {
      "rank": 4,
      "id": 5048,
      "score": 0.3713,
      "status": "SeedGene"
    },
    "FIG4": {
      "rank": 5,
      "id": 9896,
      "score": 0.2795,
      "status": "SeedGene"
    },
    "ATP6V0A2": {
      "rank": 6,
      "id": 23545,
      "score": 0.2749,
      "status": "SeedGene"
    },
    "SNAP29": {
      "rank": 7,
      "id": 9342,
      "score": 0.259,
      "status": "SeedGene"
    },
    "ARHGAP31": {
      "rank": 8,
      "id": 57514,
      "score": 0.2577,
      "status": "SeedGene"
    },
    "VLDLR": {
      "rank": 9,
      "id": 7436,
      "score": 0.2463,
      "status": "SeedGene"
    },
    "FGFR3": {
      "rank": 10,
      "id": 2261,
      "score": 0.2443,
      "status": "SeedGene"
    },
    "RBPJ": {
      "rank": 11,
      "id": 3516,
      "score": 0.2351,
      "status": "SeedGene"
    },
    "ACTB": {
      "rank": 12,
      "id": 60,
      "score": 0.2208,
      "status": "SeedGene"
    },
    "RELN": {
      "rank": 13,
      "id": 5649,
      "score": 0.2138,
      "status": "SeedGene"
    },
    "KCNA1": {
      "rank": 14,
      "id": 3736,
      "score": 0.2056,
      "status": "SeedGene"
    },
    "PIK3CA": {
      "rank": 15,
      "id": 5290,
      "score": 0.2013,
      "status": "SeedGene"
    },
    "BRAF": {
      "rank": 16,
      "id": 673,
      "score": 0.2004,
      "status": "SeedGene"
    },
    "ATP8A2": {
      "rank": 17,
      "id": 51761,
      "score": 0.1882,
      "status": "SeedGene"
    },
    "PTEN": {
      "rank": 18,
      "id": 5728,
      "score": 0.1867,
      "status": "SeedGene"
    },
    "KRAS": {
      "rank": 19,
      "id": 3845,
      "score": 0.1845,
      "status": "SeedGene"
    },
    "DOCK6": {
      "rank": 20,
      "id": 57572,
      "score": 0.1821,
      "status": "SeedGene"
    },
    "ACTG1": {
      "rank": 21,
      "id": 71,
      "score": 0.1813,
      "status": "SeedGene"
    },
    "PIK3R2": {
      "rank": 22,
      "id": 5296,
      "score": 0.179,
      "status": "SeedGene"
    },
    "RAF1": {
      "rank": 23,
      "id": 5894,
      "score": 0.177,
      "status": "SeedGene"
    },
    "FGFR2": {
      "rank": 24,
      "id": 2263,
      "score": 0.177,
      "status": "SeedGene"
    },
    "LGI1": {
      "rank": 25,
      "id": 9211,
      "score": 0.1703,
      "status": "SeedGene"
    },
    "NUP107": {
      "rank": 26,
      "id": 57122,
      "score": 0.1699,
      "status": "SeedGene"
    },
    "NUP133": {
      "rank": 27,
      "id": 55746,
      "score": 0.1679,
      "status": "SeedGene"
    },
    "CNTN2": {
      "rank": 28,
      "id": 6900,
      "score": 0.1651,
      "status": "SeedGene"
    },
    "ATR": {
      "rank": 29,
      "id": 545,
      "score": 0.1649,
      "status": "SeedGene"
    },
    "PRRT2": {
      "rank": 30,
      "id": 112476,
      "score": 0.1635,
      "status": "SeedGene"
    },
    "CSNK2A1": {
      "rank": 31,
      "id": 1457,
      "score": 0.1628,
      "status": "SeedGene"
    },
    "AKT1": {
      "rank": 32,
      "id": 207,
      "score": 0.1598,
      "status": "SeedGene"
    },
    "EP300": {
      "rank": 33,
      "id": 2033,
      "score": 0.1554,
      "status": "SeedGene"
    },
    "MICAL1": {
      "rank": 34,
      "id": 64780,
      "score": 0.1548,
      "status": "SeedGene"
    },
    "IDUA": {
      "rank": 35,
      "id": 3425,
      "score": 0.1543,
      "status": "SeedGene"
    },
    "SMARCA4": {
      "rank": 36,
      "id": 6597,
      "score": 0.1533,
      "status": "SeedGene"
    },
    "PEX10": {
      "rank": 37,
      "id": 5192,
      "score": 0.1531,
      "status": "SeedGene"
    },
    "CA8": {
      "rank": 38,
      "id": 767,
      "score": 0.1504,
      "status": "SeedGene"
    },
    "MAP2K1": {
      "rank": 39,
      "id": 5604,
      "score": 0.15,
      "status": "SeedGene"
    },
    "WDR81": {
      "rank": 40,
      "id": 124997,
      "score": 0.1487,
      "status": "SeedGene"
    },
    "ATP6V1E1": {
      "rank": 41,
      "id": 529,
      "score": 0.1468,
      "status": "SeedGene"
    },
    "ATP6V1A": {
      "rank": 42,
      "id": 523,
      "score": 0.1464,
      "status": "SeedGene"
    },
    "AAAS": {
      "rank": 43,
      "id": 8086,
      "score": 0.1461,
      "status": "SeedGene"
    },
    "RPS6KA3": {
      "rank": 44,
      "id": 6197,
      "score": 0.1456,
      "status": "SeedGene"
    },
    "PIK3R1": {
      "rank": 45,
      "id": 5295,
      "score": 0.1448,
      "status": "SeedGene"
    },
    "EOGT": {
      "rank": 46,
      "id": 285203,
      "score": 0.1436,
      "status": "SeedGene"
    },
    "COL4A1": {
      "rank": 47,
      "id": 1282,
      "score": 0.1428,
      "status": "SeedGene"
    },
    "CREBBP": {
      "rank": 48,
      "id": 1387,
      "score": 0.1421,
      "status": "SeedGene"
    },
    "DYNC1H1": {
      "rank": 49,
      "id": 1778,
      "score": 0.1421,
      "status": "SeedGene"
    },
    "CENPJ": {
      "rank": 50,
      "id": 55835,
      "score": 0.1421,
      "status": "SeedGene"
    },
    "OFD1": {
      "rank": 51,
      "id": 8481,
      "score": 0.1413,
      "status": "SeedGene"
    },
    "RAI1": {
      "rank": 52,
      "id": 10743,
      "score": 0.1412,
      "status": "SeedGene"
    },
    "PTPN11": {
      "rank": 53,
      "id": 5781,
      "score": 0.1408,
      "status": "SeedGene"
    },
    "AGL": {
      "rank": 54,
      "id": 178,
      "score": 0.1408,
      "status": "Predicted"
    },
    "PRKACA": {
      "rank": 55,
      "id": 5566,
      "score": 0.14,
      "status": "SeedGene"
    },
    "PDHA1": {
      "rank": 56,
      "id": 5160,
      "score": 0.1388,
      "status": "SeedGene"
    },
    "MAP2K2": {
      "rank": 57,
      "id": 5605,
      "score": 0.1365,
      "status": "SeedGene"
    },
    "TUBA1A": {
      "rank": 58,
      "id": 7846,
      "score": 0.1359,
      "status": "SeedGene"
    },
    "UBB": {
      "rank": 59,
      "id": 7314,
      "score": 0.1359,
      "status": "SeedGene"
    },
    "CALM1": {
      "rank": 60,
      "id": 801,
      "score": 0.1356,
      "status": "SeedGene"
    },
    "NRAS": {
      "rank": 61,
      "id": 4893,
      "score": 0.1353,
      "status": "SeedGene"
    },
    "CALM2": {
      "rank": 62,
      "id": 805,
      "score": 0.1339,
      "status": "SeedGene"
    },
    "LRP2": {
      "rank": 63,
      "id": 4036,
      "score": 0.1339,
      "status": "SeedGene"
    },
    "POMT1": {
      "rank": 64,
      "id": 10585,
      "score": 0.1335,
      "status": "SeedGene"
    },
    "POMT2": {
      "rank": 65,
      "id": 29954,
      "score": 0.1335,
      "status": "SeedGene"
    },
    "MVK": {
      "rank": 66,
      "id": 4598,
      "score": 0.1326,
      "status": "SeedGene"
    },
    "EZH2": {
      "rank": 67,
      "id": 2146,
      "score": 0.1314,
      "status": "SeedGene"
    },
    "DHCR24": {
      "rank": 68,
      "id": 1718,
      "score": 0.1307,
      "status": "SeedGene"
    },
    "NFKB1": {
      "rank": 69,
      "id": 4790,
      "score": 0.1305,
      "status": "Predicted"
    },
    "UBA52": {
      "rank": 70,
      "id": 7311,
      "score": 0.1303,
      "status": "Predicted"
    },
    "PRPS1": {
      "rank": 71,
      "id": 5631,
      "score": 0.1302,
      "status": "SeedGene"
    },
    "RPS27A": {
      "rank": 72,
      "id": 6233,
      "score": 0.1302,
      "status": "Predicted"
    },
    "FKTN": {
      "rank": 73,
      "id": 2218,
      "score": 0.1302,
      "status": "SeedGene"
    },
    "CALM3": {
      "rank": 74,
      "id": 808,
      "score": 0.1297,
      "status": "Predicted"
    },
    "PPP2R1A": {
      "rank": 75,
      "id": 5518,
      "score": 0.1287,
      "status": "SeedGene"
    },
    "UBC": {
      "rank": 76,
      "id": 7316,
      "score": 0.1283,
      "status": "Predicted"
    },
    "OCRL": {
      "rank": 77,
      "id": 4952,
      "score": 0.1279,
      "status": "SeedGene"
    },
    "SMAD4": {
      "rank": 78,
      "id": 4089,
      "score": 0.1275,
      "status": "SeedGene"
    },
    "SEH1L": {
      "rank": 79,
      "id": 81929,
      "score": 0.1271,
      "status": "Predicted"
    },
    "PSAT1": {
      "rank": 80,
      "id": 29968,
      "score": 0.1269,
      "status": "SeedGene"
    },
    "ARID1B": {
      "rank": 81,
      "id": 57492,
      "score": 0.1268,
      "status": "SeedGene"
    },
    "MAPK1": {
      "rank": 82,
      "id": 5594,
      "score": 0.1266,
      "status": "SeedGene"
    },
    "GNB1": {
      "rank": 83,
      "id": 2782,
      "score": 0.1264,
      "status": "SeedGene"
    },
    "INPP5E": {
      "rank": 84,
      "id": 56623,
      "score": 0.1262,
      "status": "SeedGene"
    },
    "TGFB1": {
      "rank": 85,
      "id": 7040,
      "score": 0.1249,
      "status": "SeedGene"
    },
    "SOS1": {
      "rank": 86,
      "id": 6654,
      "score": 0.1248,
      "status": "SeedGene"
    },
    "TP53": {
      "rank": 87,
      "id": 7157,
      "score": 0.1248,
      "status": "SeedGene"
    },
    "CEP152": {
      "rank": 88,
      "id": 22995,
      "score": 0.1248,
      "status": "SeedGene"
    },
    "TBL1XR1": {
      "rank": 89,
      "id": 79718,
      "score": 0.1245,
      "status": "SeedGene"
    },
    "INS": {
      "rank": 90,
      "id": 3630,
      "score": 0.124,
      "status": "SeedGene"
    },
    "NUP37": {
      "rank": 91,
      "id": 79023,
      "score": 0.1239,
      "status": "Predicted"
    },
    "NUP43": {
      "rank": 92,
      "id": 348995,
      "score": 0.1239,
      "status": "Predicted"
    },
    "PRKCA": {
      "rank": 93,
      "id": 5578,
      "score": 0.1227,
      "status": "Predicted"
    },
    "NF1": {
      "rank": 94,
      "id": 4763,
      "score": 0.1222,
      "status": "SeedGene"
    },
    "PEX7": {
      "rank": 95,
      "id": 5191,
      "score": 0.122,
      "status": "SeedGene"
    },
    "GNB3": {
      "rank": 96,
      "id": 2784,
      "score": 0.122,
      "status": "Predicted"
    },
    "CDK6": {
      "rank": 97,
      "id": 1021,
      "score": 0.1219,
      "status": "SeedGene"
    },
    "PPP2CA": {
      "rank": 98,
      "id": 5515,
      "score": 0.1218,
      "status": "SeedGene"
    },
    "PSMD12": {
      "rank": 99,
      "id": 5718,
      "score": 0.1216,
      "status": "SeedGene"
    },
    "GNB2": {
      "rank": 100,
      "id": 2783,
      "score": 0.1215,
      "status": "Predicted"
    }
  }
}