{
  "query": {
    "HP:0001263": {
      "id": "HP:0001263",
      "status": "ok",
      "target": [
        "HP:0001263"
      ]
    },
    "HP:0001999": {
      "id": "HP:0001999",
      "status": "ok",
      "target": [
        "HP:0001999"
      ]
    },
    "HP:0011968": {
      "id": "HP:0011968",
      "status": "ok",
      "target": [
        "HP:0011968"
      ]
    },
    "HP:0000126": {
      "id": "HP:0000126",
      "status": "ok",
      "target": [
        "HP:0000126"
      ]
    },
    "HP:0001276": {
      "id": "HP:0001276",
      "status": "ok",
      "target": [
        "HP:0001276"
      ]
    },
    "HP:0000347": {
      "id": "HP:0000347",
      "status": "ok",
      "target": [
        "HP:0000347"
      ]
    }
  },
  "response": {
    "SMARCA4": {
      "rank": 1,
      "id": 6597,
      "score": 1.0,
      "status": "SeedGene"
    },
    "DHCR7": {
      "rank": 2,
      "id": 1717,
      "score": 0.9336,
      "status": "SeedGene"
    },
    "ARID1B": {
      "rank": 3,
      "id": 57492,
      "score": 0.9122,
      "status": "SeedGene"
    },
    "ARID1A": {
      "rank": 4,
      "id": 8289,
      "score": 0.8978,
      "status": "SeedGene"
    },
    "SMARCE1": {
      "rank": 5,
      "id": 6605,
      "score": 0.884,
      "status": "SeedGene"
    },
    "SMARCB1": {
      "rank": 6,
      "id": 6598,
      "score": 0.8706,
      "status": "SeedGene"
    },
    "ATP7A": {
      "rank": 7,
      "id": 538,
      "score": 0.8688,
      "status": "SeedGene"
    },
    "FLNA": {
      "rank": 8,
      "id": 2316,
      "score": 0.8596,
      "status": "SeedGene"
    },
    "KAT6B": {
      "rank": 9,
      "id": 23522,
      "score": 0.8388,
      "status": "SeedGene"
    },
    "NBN": {
      "rank": 10,
      "id": 4683,
      "score": 0.7611,
      "status": "SeedGene"
    },
    "PORCN": {
      "rank": 11,
      "id": 64840,
      "score": 0.7049,
      "status": "SeedGene"
    },
    "FGFR2": {
      "rank": 12,
      "id": 2263,
      "score": 0.6973,
      "status": "SeedGene"
    },
    "CHD7": {
      "rank": 13,
      "id": 55636,
      "score": 0.6804,
      "status": "SeedGene"
    },
    "KRAS": {
      "rank": 14,
      "id": 3845,
      "score": 0.6543,
      "status": "SeedGene"
    },
    "BRAF": {
      "rank": 15,
      "id": 673,
      "score": 0.6527,
      "status": "SeedGene"
    },
    "NSDHL": {
      "rank": 16,
      "id": 50814,
      "score": 0.6435,
      "status": "SeedGene"
    },
    "KANSL1": {
      "rank": 17,
      "id": 284058,
      "score": 0.5683,
      "status": "SeedGene"
    },
    "RPS6KA3": {
      "rank": 18,
      "id": 6197,
      "score": 0.5611,
      "status": "SeedGene"
    },
    "MKKS": {
      "rank": 19,
      "id": 8195,
      "score": 0.5588,
      "status": "SeedGene"
    },
    "ELN": {
      "rank": 20,
      "id": 2006,
      "score": 0.5465,
      "status": "SeedGene"
    },
    "RAF1": {
      "rank": 21,
      "id": 5894,
      "score": 0.5359,
      "status": "SeedGene"
    },
    "ROR2": {
      "rank": 22,
      "id": 4920,
      "score": 0.5237,
      "status": "SeedGene"
    },
    "FGFR1": {
      "rank": 23,
      "id": 2260,
      "score": 0.5138,
      "status": "SeedGene"
    },
    "EZH2": {
      "rank": 24,
      "id": 2146,
      "score": 0.5109,
      "status": "SeedGene"
    },
    "XDH": {
      "rank": 25,
      "id": 7498,
      "score": 0.4993,
      "status": "SeedGene"
    },
    "ACTB": {
      "rank": 26,
      "id": 60,
      "score": 0.4903,
      "status": "SeedGene"
    },
    "EP300": {
      "rank": 27,
      "id": 2033,
      "score": 0.4682,
      "status": "SeedGene"
    },
    "HSPG2": {
      "rank": 28,
      "id": 3339,
      "score": 0.4578,
      "status": "SeedGene"
    },
    "SALL4": {
      "rank": 29,
      "id": 57167,
      "score": 0.453,
      "status": "SeedGene"
    },
    "MAP2K1": {
      "rank": 30,
      "id": 5604,
      "score": 0.451,
      "status": "SeedGene"
    },
    "PIK3CA": {
      "rank": 31,
      "id": 5290,
      "score": 0.4489,
      "status": "SeedGene"
    },
    "NRAS": {
      "rank": 32,
      "id": 4893,
      "score": 0.4473,
      "status": "SeedGene"
    },
    "SEMA3E": {
      "rank": 33,
      "id": 9723,
      "score": 0.4434,
      "status": "SeedGene"
    },
    "SOX9": {
      "rank": 34,
      "id": 6662,
      "score": 0.4429,
      "status": "SeedGene"
    },
    "CREBBP": {
      "rank": 35,
      "id": 1387,
      "score": 0.4402,
      "status": "SeedGene"
    },
    "SOS1": {
      "rank": 36,
      "id": 6654,
      "score": 0.4346,
      "status": "SeedGene"
    },
    "PTPN11": {
      "rank": 37,
      "id": 5781,
      "score": 0.4298,
      "status": "SeedGene"
    },
    "CHST14": {
      "rank": 38,
      "id": 113189,
      "score": 0.4296,
      "status": "SeedGene"
    },
    "MAP2K2": {
      "rank": 39,
      "id": 5605,
      "score": 0.4202,
      "status": "SeedGene"
    },
    "PEX19": {
      "rank": 40,
      "id": 5824,
      "score": 0.4114,
      "status": "SeedGene"
    },
    "ASPA": {
      "rank": 41,
      "id": 443,
      "score": 0.4029,
      "status": "SeedGene"
    },
    "SLC16A2": {
      "rank": 42,
      "id": 6567,
      "score": 0.4029,
      "status": "SeedGene"
    },
    "LIMK1": {
      "rank": 43,
      "id": 3984,
      "score": 0.398,
      "status": "SeedGene"
    },
    "AKT1": {
      "rank": 44,
      "id": 207,
      "score": 0.3967,
      "status": "SeedGene"
    },
    "ACTG1": {
      "rank": 45,
      "id": 71,
      "score": 0.396,
      "status": "SeedGene"
    },
    "HDAC8": {
      "rank": 46,
      "id": 55869,
      "score": 0.3915,
      "status": "SeedGene"
    },
    "FGFR3": {
      "rank": 47,
      "id": 2261,
      "score": 0.3792,
      "status": "SeedGene"
    },
    "GNB1": {
      "rank": 48,
      "id": 2782,
      "score": 0.3682,
      "status": "SeedGene"
    },
    "SHH": {
      "rank": 49,
      "id": 6469,
      "score": 0.3673,
      "status": "SeedGene"
    },
    "UBR1": {
      "rank": 50,
      "id": 197131,
      "score": 0.3619,
      "status": "SeedGene"
    },
    "TP53": {
      "rank": 51,
      "id": 7157,
      "score": 0.3612,
      "status": "SeedGene"
    },
    "PEX1": {
      "rank": 52,
      "id": 5189,
      "score": 0.3596,
      "status": "SeedGene"
    },
    "CTNNB1": {
      "rank": 53,
      "id": 1499,
      "score": 0.3586,
      "status": "SeedGene"
    },
    "PEX3": {
      "rank": 54,
      "id": 8504,
      "score": 0.3578,
      "status": "SeedGene"
    },
    "PEX6": {
      "rank": 55,
      "id": 5190,
      "score": 0.3577,
      "status": "SeedGene"
    },
    "PEX10": {
      "rank": 56,
      "id": 5192,
      "score": 0.3577,
      "status": "SeedGene"
    },
    "ATRX": {
      "rank": 57,
      "id": 546,
      "score": 0.3531,
      "status": "SeedGene"
    },
    "PTEN": {
      "rank": 58,
      "id": 5728,
      "score": 0.3526,
      "status": "SeedGene"
    },
    "HRAS": {
      "rank": 59,
      "id": 3265,
      "score": 0.3526,
      "status": "SeedGene"
    },
    "DSE": {
      "rank": 60,
      "id": 29940,
      "score": 0.3517,
      "status": "SeedGene"
    },
    "RAB23": {
      "rank": 61,
      "id": 51715,
      "score": 0.3505,
      "status": "SeedGene"
    },
    "OCRL": {
      "rank": 62,
      "id": 4952,
      "score": 0.3474,
      "status": "SeedGene"
    },
    "POLR1C": {
      "rank": 63,
      "id": 9533,
      "score": 0.3465,
      "status": "SeedGene"
    },
    "HPSE2": {
      "rank": 64,
      "id": 60495,
      "score": 0.3464,
      "status": "SeedGene"
    },
    "BLM": {
      "rank": 65,
      "id": 641,
      "score": 0.3418,
      "status": "SeedGene"
    },
    "MLXIPL": {
      "rank": 66,
      "id": 51085,
      "score": 0.3413,
      "status": "SeedGene"
    },
    "TGFB1": {
      "rank": 67,
      "id": 7040,
      "score": 0.3406,
      "status": "SeedGene"
    },
    "UBB": {
      "rank": 68,
      "id": 7314,
      "score": 0.3393,
      "status": "SeedGene"
    },
    "SMC1A": {
      "rank": 69,
      "id": 8243,
      "score": 0.3393,
      "status": "SeedGene"
    },
    "PRKACA": {
      "rank": 70,
      "id": 5566,
      "score": 0.3393,
      "status": "SeedGene"
    },
    "PEX12": {
      "rank": 71,
      "id": 5193,
      "score": 0.3388,
      "status": "SeedGene"
    },
    "POLR1D": {
      "rank": 72,
      "id": 51082,
      "score": 0.3373,
      "status": "SeedGene"
    },
    "PEX5": {
      "rank": 73,
      "id": 5830,
      "score": 0.3367,
      "status": "SeedGene"
    },
    "APC": {
      "rank": 74,
      "id": 324,
      "score": 0.3343,
      "status": "SeedGene"
    },
    "LMNA": {
      "rank": 75,
      "id": 4000,
      "score": 0.334,
      "status": "SeedGene"
    },
    "OFD1": {
      "rank": 76,
      "id": 8481,
      "score": 0.3328,
      "status": "SeedGene"
    },
    "ERCC2": {
      "rank": 77,
      "id": 2068,
      "score": 0.3326,
      "status": "SeedGene"
    },
    "RFC2": {
      "rank": 78,
      "id": 5982,
      "score": 0.3316,
      "status": "SeedGene"
    },
    "PEX2": {
      "rank": 79,
      "id": 5828,
      "score": 0.3301,
      "status": "SeedGene"
    },
    "SLC25A19": {
      "rank": 80,
      "id": 60386,
      "score": 0.3292,
      "status": "SeedGene"
    },
    "NF1": {
      "rank": 81,
      "id": 4763,
      "score": 0.3266,
      "status": "SeedGene"
    },
    "RAP1A": {
      "rank": 82,
      "id": 5906,
      "score": 0.3243,
      "status": "SeedGene"
    },
    "PEX26": {
      "rank": 83,
      "id": 55670,
      "score": 0.3218,
      "status": "SeedGene"
    },
    "PEX13": {
      "rank": 84,
      "id": 5194,
      "score": 0.3213,
      "status": "SeedGene"
    },
    "PTCH1": {
      "rank": 85,
      "id": 5727,
      "score": 0.3204,
      "status": "SeedGene"
    },
    "PEX16": {
      "rank": 86,
      "id": 9409,
      "score": 0.3198,
      "status": "SeedGene"
    },
    "SMC3": {
      "rank": 87,
      "id": 9126,
      "score": 0.3196,
      "status": "SeedGene"
    },
    "RPS27A": {
      "rank": 88,
      "id": 6233,
      "score": 0.3189,
      "status": "Predicted"
    },
    "PIK3R1": {
      "rank": 89,
      "id": 5295,
      "score": 0.3189,
      "status": "SeedGene"
    },
    "PEX14": {
      "rank": 90,
      "id": 5195,
      "score": 0.3185,
      "status": "SeedGene"
    },
    "GLI3": {
      "rank": 91,
      "id": 2737,
      "score": 0.318,
      "status": "SeedGene"
    },
    "UBA52": {
      "rank": 92,
      "id": 7311,
      "score": 0.3176,
      "status": "Predicted"
    },
    "ATP6V0A2": {
      "rank": 93,
      "id": 23545,
      "score": 0.3174,
      "status": "SeedGene"
    },
    "MYC": {
      "rank": 94,
      "id": 4609,
      "score": 0.3171,
      "status": "SeedGene"
    },
    "IDUA": {
      "rank": 95,
      "id": 3425,
      "score": 0.3154,
      "status": "SeedGene"
    },
    "KDM6A": {
      "rank": 96,
      "id": 7403,
      "score": 0.3149,
      "status": "SeedGene"
    },
    "TBX1": {
      "rank": 97,
      "id": 6899,
      "score": 0.3149,
      "status": "SeedGene"
    },
    "CALM2": {
      "rank": 98,
      "id": 805,
      "score": 0.3146,
      "status": "Predicted"
    },
    "CALM1": {
      "rank": 99,
      "id": 801,
      "score": 0.3136,
      "status": "Predicted"
    },
    "RAI1": {
      "rank": 100,
      "id": 10743,
      "score": 0.3131,
      "status": "SeedGene"
    }
  }
}