{
  "query": {
    "HP:0012209": {
      "id": "HP:0012209",
      "status": "ok",
      "target": [
        "HP:0012209"
      ]
    },
    "HP:0001642": {
      "id": "HP:0001642",
      "status": "ok",
      "target": [
        "HP:0001642"
      ]
    }
  },
  "response": {
    "KRAS": {
      "rank": 1,
      "id": 3845,
      "score": 1.0,
      "status": "SeedGene"
    },
    "PTPN11": {
      "rank": 2,
      "id": 5781,
      "score": 0.9753,
      "status": "SeedGene"
    },
    "NRAS": {
      "rank": 3,
      "id": 4893,
      "score": 0.8672,
      "status": "SeedGene"
    },
    "CBL": {
      "rank": 4,
      "id": 867,
      "score": 0.7335,
      "status": "SeedGene"
    },
    "NF1": {
      "rank": 5,
      "id": 4763,
      "score": 0.7295,
      "status": "SeedGene"
    },
    "ELN": {
      "rank": 6,
      "id": 2006,
      "score": 0.42,
      "status": "SeedGene"
    },
    "BRAF": {
      "rank": 7,
      "id": 673,
      "score": 0.2988,
      "status": "SeedGene"
    },
    "RAF1": {
      "rank": 8,
      "id": 5894,
      "score": 0.2891,
      "status": "SeedGene"
    },
    "ARHGAP26": {
      "rank": 9,
      "id": 23092,
      "score": 0.2555,
      "status": "SeedGene"
    },
    "SOS1": {
      "rank": 10,
      "id": 6654,
      "score": 0.2499,
      "status": "SeedGene"
    },
    "LIMK1": {
      "rank": 11,
      "id": 3984,
      "score": 0.2234,
      "status": "SeedGene"
    },
    "MLXIPL": {
      "rank": 12,
      "id": 51085,
      "score": 0.209,
      "status": "SeedGene"
    },
    "MAP2K1": {
      "rank": 13,
      "id": 5604,
      "score": 0.1952,
      "status": "SeedGene"
    },
    "LAT2": {
      "rank": 14,
      "id": 7462,
      "score": 0.1685,
      "status": "SeedGene"
    },
    "RFC2": {
      "rank": 15,
      "id": 5982,
      "score": 0.1655,
      "status": "SeedGene"
    },
    "GTF2I": {
      "rank": 16,
      "id": 2969,
      "score": 0.1553,
      "status": "SeedGene"
    },
    "GTF2IRD1": {
      "rank": 17,
      "id": 9569,
      "score": 0.1503,
      "status": "SeedGene"
    },
    "HRAS": {
      "rank": 18,
      "id": 3265,
      "score": 0.1493,
      "status": "SeedGene"
    },
    "CHD7": {
      "rank": 19,
      "id": 55636,
      "score": 0.1459,
      "status": "SeedGene"
    },
    "EIF4H": {
      "rank": 20,
      "id": 7458,
      "score": 0.1437,
      "status": "SeedGene"
    },
    "FKBP6": {
      "rank": 21,
      "id": 8468,
      "score": 0.143,
      "status": "SeedGene"
    },
    "BAZ1B": {
      "rank": 22,
      "id": 9031,
      "score": 0.1419,
      "status": "SeedGene"
    },
    "TBL2": {
      "rank": 23,
      "id": 26608,
      "score": 0.139,
      "status": "SeedGene"
    },
    "CLIP2": {
      "rank": 24,
      "id": 7461,
      "score": 0.139,
      "status": "SeedGene"
    },
    "GPC3": {
      "rank": 25,
      "id": 2719,
      "score": 0.1362,
      "status": "SeedGene"
    },
    "ZEB2": {
      "rank": 26,
      "id": 9839,
      "score": 0.1278,
      "status": "SeedGene"
    },
    "GPC4": {
      "rank": 27,
      "id": 2239,
      "score": 0.1202,
      "status": "SeedGene"
    },
    "BCL7B": {
      "rank": 28,
      "id": 9275,
      "score": 0.1172,
      "status": "SeedGene"
    },
    "SEMA3E": {
      "rank": 29,
      "id": 9723,
      "score": 0.1133,
      "status": "SeedGene"
    },
    "RIT1": {
      "rank": 30,
      "id": 6016,
      "score": 0.1125,
      "status": "SeedGene"
    },
    "ARHGAP31": {
      "rank": 31,
      "id": 57514,
      "score": 0.1119,
      "status": "SeedGene"
    },
    "KANSL1": {
      "rank": 32,
      "id": 284058,
      "score": 0.1009,
      "status": "SeedGene"
    },
    "RBPJ": {
      "rank": 33,
      "id": 3516,
      "score": 0.0964,
      "status": "SeedGene"
    },
    "SHOC2": {
      "rank": 34,
      "id": 8036,
      "score": 0.0959,
      "status": "SeedGene"
    },
    "DNAJC30": {
      "rank": 35,
      "id": 84277,
      "score": 0.0937,
      "status": "SeedGene"
    },
    "RAB23": {
      "rank": 36,
      "id": 51715,
      "score": 0.08,
      "status": "SeedGene"
    },
    "DOCK6": {
      "rank": 37,
      "id": 57572,
      "score": 0.0778,
      "status": "SeedGene"
    },
    "RASGRP2": {
      "rank": 38,
      "id": 10235,
      "score": 0.0773,
      "status": "Predicted"
    },
    "MAP2K2": {
      "rank": 39,
      "id": 5605,
      "score": 0.0761,
      "status": "SeedGene"
    },
    "SOS2": {
      "rank": 40,
      "id": 6655,
      "score": 0.072,
      "status": "SeedGene"
    },
    "CDC42": {
      "rank": 41,
      "id": 998,
      "score": 0.0707,
      "status": "SeedGene"
    },
    "MAP3K7": {
      "rank": 42,
      "id": 6885,
      "score": 0.0701,
      "status": "SeedGene"
    },
    "SMAD3": {
      "rank": 43,
      "id": 4088,
      "score": 0.0699,
      "status": "SeedGene"
    },
    "CDH1": {
      "rank": 44,
      "id": 999,
      "score": 0.0698,
      "status": "Predicted"
    },
    "PPP1CB": {
      "rank": 45,
      "id": 5500,
      "score": 0.0672,
      "status": "SeedGene"
    },
    "PTEN": {
      "rank": 46,
      "id": 5728,
      "score": 0.0652,
      "status": "Predicted"
    },
    "MRAS": {
      "rank": 47,
      "id": 22808,
      "score": 0.0651,
      "status": "SeedGene"
    },
    "TAB2": {
      "rank": 48,
      "id": 23118,
      "score": 0.0649,
      "status": "SeedGene"
    },
    "PTPN6": {
      "rank": 49,
      "id": 5777,
      "score": 0.0646,
      "status": "Predicted"
    },
    "NOTCH1": {
      "rank": 50,
      "id": 4851,
      "score": 0.0645,
      "status": "SeedGene"
    },
    "TRAF6": {
      "rank": 51,
      "id": 7189,
      "score": 0.0632,
      "status": "Predicted"
    },
    "WNT4": {
      "rank": 52,
      "id": 54361,
      "score": 0.0628,
      "status": "SeedGene"
    },
    "TRAF2": {
      "rank": 53,
      "id": 7186,
      "score": 0.0626,
      "status": "Predicted"
    },
    "KAT6B": {
      "rank": 54,
      "id": 23522,
      "score": 0.0625,
      "status": "SeedGene"
    },
    "PTPN1": {
      "rank": 55,
      "id": 5770,
      "score": 0.0619,
      "status": "Predicted"
    },
    "RBX1": {
      "rank": 56,
      "id": 9978,
      "score": 0.061,
      "status": "Predicted"
    },
    "TRAF7": {
      "rank": 57,
      "id": 84231,
      "score": 0.0608,
      "status": "SeedGene"
    },
    "NOTCH2": {
      "rank": 58,
      "id": 4853,
      "score": 0.0603,
      "status": "SeedGene"
    },
    "PSMD12": {
      "rank": 59,
      "id": 5718,
      "score": 0.06,
      "status": "SeedGene"
    },
    "PIK3CA": {
      "rank": 60,
      "id": 5290,
      "score": 0.059,
      "status": "Predicted"
    },
    "NFKB1": {
      "rank": 61,
      "id": 4790,
      "score": 0.059,
      "status": "Predicted"
    },
    "G6PC3": {
      "rank": 62,
      "id": 92579,
      "score": 0.0577,
      "status": "SeedGene"
    },
    "BMP2": {
      "rank": 63,
      "id": 650,
      "score": 0.0571,
      "status": "SeedGene"
    },
    "BRAP": {
      "rank": 64,
      "id": 8315,
      "score": 0.0571,
      "status": "Predicted"
    },
    "SDC2": {
      "rank": 65,
      "id": 6383,
      "score": 0.057,
      "status": "Predicted"
    },
    "BRCA1": {
      "rank": 66,
      "id": 672,
      "score": 0.056,
      "status": "Predicted"
    },
    "AKT1": {
      "rank": 67,
      "id": 207,
      "score": 0.0551,
      "status": "Predicted"
    },
    "RNF135": {
      "rank": 68,
      "id": 84282,
      "score": 0.0546,
      "status": "SeedGene"
    },
    "ERBB2": {
      "rank": 69,
      "id": 2064,
      "score": 0.0546,
      "status": "Predicted"
    },
    "MAPK3": {
      "rank": 70,
      "id": 5595,
      "score": 0.0542,
      "status": "Predicted"
    },
    "CALM1": {
      "rank": 71,
      "id": 801,
      "score": 0.0541,
      "status": "Predicted"
    },
    "CBLB": {
      "rank": 72,
      "id": 868,
      "score": 0.0541,
      "status": "Predicted"
    },
    "PRKCA": {
      "rank": 73,
      "id": 5578,
      "score": 0.054,
      "status": "Predicted"
    },
    "MAPK1": {
      "rank": 74,
      "id": 5594,
      "score": 0.0537,
      "status": "Predicted"
    },
    "PTPN2": {
      "rank": 75,
      "id": 5771,
      "score": 0.0533,
      "status": "Predicted"
    },
    "EP300": {
      "rank": 76,
      "id": 2033,
      "score": 0.0531,
      "status": "Predicted"
    },
    "PIK3R2": {
      "rank": 77,
      "id": 5296,
      "score": 0.0526,
      "status": "Predicted"
    },
    "GATA4": {
      "rank": 78,
      "id": 2626,
      "score": 0.0523,
      "status": "SeedGene"
    },
    "PLCG1": {
      "rank": 79,
      "id": 5335,
      "score": 0.0522,
      "status": "Predicted"
    },
    "TP53": {
      "rank": 80,
      "id": 7157,
      "score": 0.0522,
      "status": "Predicted"
    },
    "ZIC3": {
      "rank": 81,
      "id": 7547,
      "score": 0.0521,
      "status": "SeedGene"
    },
    "PIK3R1": {
      "rank": 82,
      "id": 5295,
      "score": 0.0517,
      "status": "Predicted"
    },
    "RAG1": {
      "rank": 83,
      "id": 5896,
      "score": 0.0517,
      "status": "Predicted"
    },
    "PIK3CG": {
      "rank": 84,
      "id": 5294,
      "score": 0.0516,
      "status": "Predicted"
    },
    "AKT2": {
      "rank": 85,
      "id": 208,
      "score": 0.0516,
      "status": "Predicted"
    },
    "INSR": {
      "rank": 86,
      "id": 3643,
      "score": 0.0516,
      "status": "Predicted"
    },
    "MEGF8": {
      "rank": 87,
      "id": 1954,
      "score": 0.0515,
      "status": "SeedGene"
    },
    "EOGT": {
      "rank": 88,
      "id": 285203,
      "score": 0.0515,
      "status": "SeedGene"
    },
    "AKT3": {
      "rank": 89,
      "id": 10000,
      "score": 0.0515,
      "status": "Predicted"
    },
    "MAPK8": {
      "rank": 90,
      "id": 5599,
      "score": 0.0514,
      "status": "Predicted"
    },
    "JUN": {
      "rank": 91,
      "id": 3725,
      "score": 0.0513,
      "status": "Predicted"
    },
    "PTPN5": {
      "rank": 92,
      "id": 84867,
      "score": 0.0513,
      "status": "Predicted"
    },
    "RHOA": {
      "rank": 93,
      "id": 387,
      "score": 0.0511,
      "status": "Predicted"
    },
    "CREBBP": {
      "rank": 94,
      "id": 1387,
      "score": 0.051,
      "status": "Predicted"
    },
    "TGFB1": {
      "rank": 95,
      "id": 7040,
      "score": 0.051,
      "status": "Predicted"
    },
    "FGF2": {
      "rank": 96,
      "id": 2247,
      "score": 0.0509,
      "status": "Predicted"
    },
    "GSK3B": {
      "rank": 97,
      "id": 2932,
      "score": 0.0506,
      "status": "Predicted"
    },
    "PRKCB": {
      "rank": 98,
      "id": 5579,
      "score": 0.0505,
      "status": "Predicted"
    },
    "RAC1": {
      "rank": 99,
      "id": 5879,
      "score": 0.0503,
      "status": "Predicted"
    },
    "CBLC": {
      "rank": 100,
      "id": 23624,
      "score": 0.0503,
      "status": "Predicted"
    }
  }
}