{
  "query": {
    "HP:0009049": {
      "id": "HP:0009049",
      "status": "ok",
      "target": [
        "HP:0009049"
      ]
    },
    "HP:0005109": {
      "id": "HP:0005109",
      "status": "ok",
      "target": [
        "HP:0005109"
      ]
    },
    "HP:0001284": {
      "id": "HP:0001284",
      "status": "ok",
      "target": [
        "HP:0001284"
      ]
    },
    "HP:0100021": {
      "id": "HP:0100021",
      "status": "ok",
      "target": [
        "HP:0100021"
      ]
    },
    "HP:0001371": {
      "id": "HP:0001371",
      "status": "ok",
      "target": [
        "HP:0001371"
      ]
    },
    "HP:0011096": {
      "id": "HP:0011096",
      "status": "ok",
      "target": [
        "HP:0011096"
      ]
    },
    "HP:0002380": {
      "id": "HP:0002380",
      "status": "ok",
      "target": [
        "HP:0002380"
      ]
    },
    "HP:0001324": {
      "id": "HP:0001324",
      "status": "ok",
      "target": [
        "HP:0001324"
      ]
    },
    "HP:0009830": {
      "id": "HP:0009830",
      "status": "ok",
      "target": [
        "HP:0009830"
      ]
    },
    "HP:0002650": {
      "id": "HP:0002650",
      "status": "ok",
      "target": [
        "HP:0002650"
      ]
    },
    "HP:0002179": {
      "id": "HP:0002179",
      "status": "ok",
      "target": [
        "HP:0002179"
      ]
    }
  },
  "response": {
    "IDUA": {
      "rank": 1,
      "id": 3425,
      "score": 1.0,
      "status": "SeedGene"
    },
    "HGD": {
      "rank": 2,
      "id": 3081,
      "score": 0.7011,
      "status": "SeedGene"
    },
    "SCN4A": {
      "rank": 3,
      "id": 6329,
      "score": 0.6772,
      "status": "SeedGene"
    },
    "TRPV4": {
      "rank": 4,
      "id": 59341,
      "score": 0.6312,
      "status": "SeedGene"
    },
    "PRPS1": {
      "rank": 5,
      "id": 5631,
      "score": 0.5412,
      "status": "SeedGene"
    },
    "SH3TC2": {
      "rank": 6,
      "id": 79628,
      "score": 0.5359,
      "status": "SeedGene"
    },
    "GLA": {
      "rank": 7,
      "id": 2717,
      "score": 0.5066,
      "status": "SeedGene"
    },
    "LMNA": {
      "rank": 8,
      "id": 4000,
      "score": 0.5026,
      "status": "SeedGene"
    },
    "FGD4": {
      "rank": 9,
      "id": 121512,
      "score": 0.4985,
      "status": "SeedGene"
    },
    "HRAS": {
      "rank": 10,
      "id": 3265,
      "score": 0.495,
      "status": "SeedGene"
    },
    "EGR2": {
      "rank": 11,
      "id": 1959,
      "score": 0.4917,
      "status": "SeedGene"
    },
    "SBF2": {
      "rank": 12,
      "id": 81846,
      "score": 0.4606,
      "status": "SeedGene"
    },
    "GCDH": {
      "rank": 13,
      "id": 2639,
      "score": 0.4545,
      "status": "SeedGene"
    },
    "HPRT1": {
      "rank": 14,
      "id": 3251,
      "score": 0.4444,
      "status": "SeedGene"
    },
    "NDRG1": {
      "rank": 15,
      "id": 10397,
      "score": 0.4415,
      "status": "SeedGene"
    },
    "PRX": {
      "rank": 16,
      "id": 57716,
      "score": 0.4323,
      "status": "SeedGene"
    },
    "ARSA": {
      "rank": 17,
      "id": 410,
      "score": 0.4219,
      "status": "SeedGene"
    },
    "HINT1": {
      "rank": 18,
      "id": 3094,
      "score": 0.4058,
      "status": "SeedGene"
    },
    "KRAS": {
      "rank": 19,
      "id": 3845,
      "score": 0.4043,
      "status": "SeedGene"
    },
    "GALC": {
      "rank": 20,
      "id": 2581,
      "score": 0.3733,
      "status": "SeedGene"
    },
    "CRLF1": {
      "rank": 21,
      "id": 9244,
      "score": 0.3706,
      "status": "SeedGene"
    },
    "MPZ": {
      "rank": 22,
      "id": 4359,
      "score": 0.3659,
      "status": "SeedGene"
    },
    "GDAP1": {
      "rank": 23,
      "id": 54332,
      "score": 0.3606,
      "status": "SeedGene"
    },
    "CTDP1": {
      "rank": 24,
      "id": 9150,
      "score": 0.3553,
      "status": "SeedGene"
    },
    "DES": {
      "rank": 25,
      "id": 1674,
      "score": 0.3478,
      "status": "SeedGene"
    },
    "ATXN3": {
      "rank": 26,
      "id": 4287,
      "score": 0.3351,
      "status": "SeedGene"
    },
    "TTN": {
      "rank": 27,
      "id": 7273,
      "score": 0.3138,
      "status": "SeedGene"
    },
    "PMP22": {
      "rank": 28,
      "id": 5376,
      "score": 0.3124,
      "status": "SeedGene"
    },
    "ABCA1": {
      "rank": 29,
      "id": 19,
      "score": 0.3013,
      "status": "SeedGene"
    },
    "SUMF1": {
      "rank": 30,
      "id": 285362,
      "score": 0.2992,
      "status": "SeedGene"
    },
    "ASPA": {
      "rank": 31,
      "id": 443,
      "score": 0.2838,
      "status": "SeedGene"
    },
    "MTMR2": {
      "rank": 32,
      "id": 8898,
      "score": 0.2815,
      "status": "SeedGene"
    },
    "SBF1": {
      "rank": 33,
      "id": 6305,
      "score": 0.2812,
      "status": "SeedGene"
    },
    "ADSL": {
      "rank": 34,
      "id": 158,
      "score": 0.2699,
      "status": "SeedGene"
    },
    "FIG4": {
      "rank": 35,
      "id": 9896,
      "score": 0.2653,
      "status": "SeedGene"
    },
    "ALS2": {
      "rank": 36,
      "id": 57679,
      "score": 0.2639,
      "status": "SeedGene"
    },
    "TSEN54": {
      "rank": 37,
      "id": 283989,
      "score": 0.2558,
      "status": "SeedGene"
    },
    "WASHC5": {
      "rank": 38,
      "id": 9897,
      "score": 0.2541,
      "status": "SeedGene"
    },
    "ATXN2": {
      "rank": 39,
      "id": 6311,
      "score": 0.2493,
      "status": "SeedGene"
    },
    "MTTP": {
      "rank": 40,
      "id": 4547,
      "score": 0.2475,
      "status": "SeedGene"
    },
    "EXOSC3": {
      "rank": 41,
      "id": 51010,
      "score": 0.2374,
      "status": "SeedGene"
    },
    "VRK1": {
      "rank": 42,
      "id": 7443,
      "score": 0.2355,
      "status": "SeedGene"
    },
    "ACP2": {
      "rank": 43,
      "id": 53,
      "score": 0.2344,
      "status": "SeedGene"
    },
    "GAN": {
      "rank": 44,
      "id": 8139,
      "score": 0.2318,
      "status": "SeedGene"
    },
    "OCRL": {
      "rank": 45,
      "id": 4952,
      "score": 0.2238,
      "status": "SeedGene"
    },
    "VPS13A": {
      "rank": 46,
      "id": 23230,
      "score": 0.2234,
      "status": "SeedGene"
    },
    "PSAP": {
      "rank": 47,
      "id": 5660,
      "score": 0.2186,
      "status": "SeedGene"
    },
    "TFG": {
      "rank": 48,
      "id": 10342,
      "score": 0.2165,
      "status": "SeedGene"
    },
    "NEFL": {
      "rank": 49,
      "id": 4747,
      "score": 0.2106,
      "status": "SeedGene"
    },
    "RAI1": {
      "rank": 50,
      "id": 10743,
      "score": 0.2105,
      "status": "SeedGene"
    },
    "POMT1": {
      "rank": 51,
      "id": 10585,
      "score": 0.2083,
      "status": "SeedGene"
    },
    "DNM2": {
      "rank": 52,
      "id": 1785,
      "score": 0.2072,
      "status": "SeedGene"
    },
    "COL6A2": {
      "rank": 53,
      "id": 1292,
      "score": 0.2039,
      "status": "SeedGene"
    },
    "MTM1": {
      "rank": 54,
      "id": 4534,
      "score": 0.2015,
      "status": "SeedGene"
    },
    "GBA": {
      "rank": 55,
      "id": 2629,
      "score": 0.2002,
      "status": "SeedGene"
    },
    "IDH1": {
      "rank": 56,
      "id": 3417,
      "score": 0.2,
      "status": "SeedGene"
    },
    "PRKCG": {
      "rank": 57,
      "id": 5582,
      "score": 0.1981,
      "status": "SeedGene"
    },
    "VCP": {
      "rank": 58,
      "id": 7415,
      "score": 0.1951,
      "status": "SeedGene"
    },
    "FKTN": {
      "rank": 59,
      "id": 2218,
      "score": 0.1911,
      "status": "SeedGene"
    },
    "AKT1": {
      "rank": 60,
      "id": 207,
      "score": 0.1883,
      "status": "SeedGene"
    },
    "SPTLC1": {
      "rank": 61,
      "id": 10558,
      "score": 0.1863,
      "status": "SeedGene"
    },
    "PEX7": {
      "rank": 62,
      "id": 5191,
      "score": 0.1853,
      "status": "SeedGene"
    },
    "CLCF1": {
      "rank": 63,
      "id": 23529,
      "score": 0.1844,
      "status": "SeedGene"
    },
    "MOCS2": {
      "rank": 64,
      "id": 4338,
      "score": 0.1844,
      "status": "SeedGene"
    },
    "MOCS1": {
      "rank": 65,
      "id": 4337,
      "score": 0.1844,
      "status": "SeedGene"
    },
    "TP53": {
      "rank": 66,
      "id": 7157,
      "score": 0.182,
      "status": "SeedGene"
    },
    "PSMB8": {
      "rank": 67,
      "id": 5696,
      "score": 0.1806,
      "status": "SeedGene"
    },
    "GAA": {
      "rank": 68,
      "id": 2548,
      "score": 0.1803,
      "status": "SeedGene"
    },
    "PHYH": {
      "rank": 69,
      "id": 5264,
      "score": 0.18,
      "status": "SeedGene"
    },
    "FKRP": {
      "rank": 70,
      "id": 79147,
      "score": 0.1796,
      "status": "SeedGene"
    },
    "INS": {
      "rank": 71,
      "id": 3630,
      "score": 0.1763,
      "status": "SeedGene"
    },
    "RARS2": {
      "rank": 72,
      "id": 57038,
      "score": 0.1761,
      "status": "SeedGene"
    },
    "ATXN1": {
      "rank": 73,
      "id": 6310,
      "score": 0.1748,
      "status": "SeedGene"
    },
    "OPA1": {
      "rank": 74,
      "id": 4976,
      "score": 0.1744,
      "status": "SeedGene"
    },
    "BICD2": {
      "rank": 75,
      "id": 23299,
      "score": 0.1739,
      "status": "SeedGene"
    },
    "SETX": {
      "rank": 76,
      "id": 23064,
      "score": 0.1738,
      "status": "SeedGene"
    },
    "HSPB1": {
      "rank": 77,
      "id": 3315,
      "score": 0.1717,
      "status": "SeedGene"
    },
    "HEXB": {
      "rank": 78,
      "id": 3074,
      "score": 0.1705,
      "status": "SeedGene"
    },
    "IDH2": {
      "rank": 79,
      "id": 3418,
      "score": 0.1694,
      "status": "SeedGene"
    },
    "ACO2": {
      "rank": 80,
      "id": 50,
      "score": 0.1687,
      "status": "SeedGene"
    },
    "ASAH1": {
      "rank": 81,
      "id": 427,
      "score": 0.165,
      "status": "SeedGene"
    },
    "ITGB3": {
      "rank": 82,
      "id": 3690,
      "score": 0.1646,
      "status": "SeedGene"
    },
    "GPHN": {
      "rank": 83,
      "id": 10243,
      "score": 0.1637,
      "status": "SeedGene"
    },
    "CALM1": {
      "rank": 84,
      "id": 801,
      "score": 0.1633,
      "status": "Predicted"
    },
    "GNA11": {
      "rank": 85,
      "id": 2767,
      "score": 0.1623,
      "status": "SeedGene"
    },
    "ITGA2B": {
      "rank": 86,
      "id": 3674,
      "score": 0.1622,
      "status": "SeedGene"
    },
    "CACNA1D": {
      "rank": 87,
      "id": 776,
      "score": 0.1621,
      "status": "SeedGene"
    },
    "RAF1": {
      "rank": 88,
      "id": 5894,
      "score": 0.1613,
      "status": "SeedGene"
    },
    "GCK": {
      "rank": 89,
      "id": 2645,
      "score": 0.16,
      "status": "SeedGene"
    },
    "GBE1": {
      "rank": 90,
      "id": 2632,
      "score": 0.159,
      "status": "SeedGene"
    },
    "JAK2": {
      "rank": 91,
      "id": 3717,
      "score": 0.1586,
      "status": "SeedGene"
    },
    "PTEN": {
      "rank": 92,
      "id": 5728,
      "score": 0.1585,
      "status": "SeedGene"
    },
    "PIK3CA": {
      "rank": 93,
      "id": 5290,
      "score": 0.1584,
      "status": "SeedGene"
    },
    "PRKAR1A": {
      "rank": 94,
      "id": 5573,
      "score": 0.1583,
      "status": "SeedGene"
    },
    "CALM2": {
      "rank": 95,
      "id": 805,
      "score": 0.1583,
      "status": "Predicted"
    },
    "CALM3": {
      "rank": 96,
      "id": 808,
      "score": 0.1577,
      "status": "Predicted"
    },
    "SYNE1": {
      "rank": 97,
      "id": 23345,
      "score": 0.1565,
      "status": "SeedGene"
    },
    "PRKACA": {
      "rank": 98,
      "id": 5566,
      "score": 0.1561,
      "status": "SeedGene"
    },
    "SLC52A2": {
      "rank": 99,
      "id": 79581,
      "score": 0.1543,
      "status": "SeedGene"
    },
    "EP300": {
      "rank": 100,
      "id": 2033,
      "score": 0.1542,
      "status": "SeedGene"
    }
  }
}