{
  "query": {
    "HP:0001999": {
      "id": "HP:0001999",
      "status": "ok",
      "target": [
        "HP:0001999"
      ]
    },
    "HP:0000316": {
      "id": "HP:0000316",
      "status": "ok",
      "target": [
        "HP:0000316"
      ]
    },
    "HP:0002885": {
      "id": "HP:0002885",
      "status": "ok",
      "target": [
        "HP:0002885"
      ]
    },
    "HP:0008551": {
      "id": "HP:0008551",
      "status": "ok",
      "target": [
        "HP:0008551"
      ]
    }
  },
  "response": {
    "MLH1": {
      "rank": 1,
      "id": 4292,
      "score": 1.0,
      "status": "SeedGene"
    },
    "CHD7": {
      "rank": 2,
      "id": 55636,
      "score": 0.9467,
      "status": "SeedGene"
    },
    "PTCH1": {
      "rank": 3,
      "id": 5727,
      "score": 0.9164,
      "status": "SeedGene"
    },
    "MSH2": {
      "rank": 4,
      "id": 4436,
      "score": 0.9087,
      "status": "SeedGene"
    },
    "MSH6": {
      "rank": 5,
      "id": 2956,
      "score": 0.8963,
      "status": "SeedGene"
    },
    "PMS2": {
      "rank": 6,
      "id": 5395,
      "score": 0.8646,
      "status": "SeedGene"
    },
    "APC": {
      "rank": 7,
      "id": 324,
      "score": 0.8336,
      "status": "SeedGene"
    },
    "SUFU": {
      "rank": 8,
      "id": 51684,
      "score": 0.8156,
      "status": "SeedGene"
    },
    "FGFR2": {
      "rank": 9,
      "id": 2263,
      "score": 0.6944,
      "status": "SeedGene"
    },
    "ATRX": {
      "rank": 10,
      "id": 546,
      "score": 0.5666,
      "status": "SeedGene"
    },
    "GLI3": {
      "rank": 11,
      "id": 2737,
      "score": 0.5557,
      "status": "SeedGene"
    },
    "SEMA3E": {
      "rank": 12,
      "id": 9723,
      "score": 0.535,
      "status": "SeedGene"
    },
    "TWIST1": {
      "rank": 13,
      "id": 7291,
      "score": 0.5327,
      "status": "SeedGene"
    },
    "FGFR3": {
      "rank": 14,
      "id": 2261,
      "score": 0.5147,
      "status": "SeedGene"
    },
    "NBN": {
      "rank": 15,
      "id": 4683,
      "score": 0.5002,
      "status": "SeedGene"
    },
    "BRCA2": {
      "rank": 16,
      "id": 675,
      "score": 0.4719,
      "status": "SeedGene"
    },
    "CTNNB1": {
      "rank": 17,
      "id": 1499,
      "score": 0.4401,
      "status": "SeedGene"
    },
    "MED12": {
      "rank": 18,
      "id": 9968,
      "score": 0.433,
      "status": "SeedGene"
    },
    "PTCH2": {
      "rank": 19,
      "id": 8643,
      "score": 0.3826,
      "status": "SeedGene"
    },
    "SMAD4": {
      "rank": 20,
      "id": 4089,
      "score": 0.3805,
      "status": "SeedGene"
    },
    "BRAF": {
      "rank": 21,
      "id": 673,
      "score": 0.3645,
      "status": "SeedGene"
    },
    "PALB2": {
      "rank": 22,
      "id": 79728,
      "score": 0.3413,
      "status": "SeedGene"
    },
    "SMARCB1": {
      "rank": 23,
      "id": 6598,
      "score": 0.3143,
      "status": "SeedGene"
    },
    "KRAS": {
      "rank": 24,
      "id": 3845,
      "score": 0.3117,
      "status": "SeedGene"
    },
    "RAF1": {
      "rank": 25,
      "id": 5894,
      "score": 0.3003,
      "status": "SeedGene"
    },
    "SALL1": {
      "rank": 26,
      "id": 6299,
      "score": 0.293,
      "status": "SeedGene"
    },
    "PIK3CA": {
      "rank": 27,
      "id": 5290,
      "score": 0.2887,
      "status": "SeedGene"
    },
    "RPS6KA3": {
      "rank": 28,
      "id": 6197,
      "score": 0.2569,
      "status": "SeedGene"
    },
    "ORC1": {
      "rank": 29,
      "id": 4998,
      "score": 0.2546,
      "status": "SeedGene"
    },
    "FGFR1": {
      "rank": 30,
      "id": 2260,
      "score": 0.2536,
      "status": "SeedGene"
    },
    "CDC6": {
      "rank": 31,
      "id": 990,
      "score": 0.2516,
      "status": "SeedGene"
    },
    "ORC4": {
      "rank": 32,
      "id": 5000,
      "score": 0.2495,
      "status": "SeedGene"
    },
    "ORC6": {
      "rank": 33,
      "id": 23594,
      "score": 0.2491,
      "status": "SeedGene"
    },
    "TCF4": {
      "rank": 34,
      "id": 6925,
      "score": 0.2481,
      "status": "SeedGene"
    },
    "MAP2K1": {
      "rank": 35,
      "id": 5604,
      "score": 0.2421,
      "status": "SeedGene"
    },
    "CDT1": {
      "rank": 36,
      "id": 81620,
      "score": 0.2405,
      "status": "SeedGene"
    },
    "PTPN11": {
      "rank": 37,
      "id": 5781,
      "score": 0.2357,
      "status": "SeedGene"
    },
    "KEAP1": {
      "rank": 38,
      "id": 9817,
      "score": 0.2304,
      "status": "SeedGene"
    },
    "DICER1": {
      "rank": 39,
      "id": 23405,
      "score": 0.2279,
      "status": "SeedGene"
    },
    "KCTD1": {
      "rank": 40,
      "id": 284252,
      "score": 0.2241,
      "status": "SeedGene"
    },
    "MAP2K2": {
      "rank": 41,
      "id": 5605,
      "score": 0.223,
      "status": "SeedGene"
    },
    "NRAS": {
      "rank": 42,
      "id": 4893,
      "score": 0.2209,
      "status": "SeedGene"
    },
    "SOS1": {
      "rank": 43,
      "id": 6654,
      "score": 0.2131,
      "status": "SeedGene"
    },
    "EZH2": {
      "rank": 44,
      "id": 2146,
      "score": 0.2086,
      "status": "SeedGene"
    },
    "ACTB": {
      "rank": 45,
      "id": 60,
      "score": 0.2045,
      "status": "SeedGene"
    },
    "TBX15": {
      "rank": 46,
      "id": 6913,
      "score": 0.2029,
      "status": "SeedGene"
    },
    "AKT1": {
      "rank": 47,
      "id": 207,
      "score": 0.2017,
      "status": "SeedGene"
    },
    "TNFRSF10A": {
      "rank": 48,
      "id": 8797,
      "score": 0.1984,
      "status": "Predicted"
    },
    "EP300": {
      "rank": 49,
      "id": 2033,
      "score": 0.1961,
      "status": "SeedGene"
    },
    "BLM": {
      "rank": 50,
      "id": 641,
      "score": 0.1915,
      "status": "SeedGene"
    },
    "FLNA": {
      "rank": 51,
      "id": 2316,
      "score": 0.19,
      "status": "SeedGene"
    },
    "CREBBP": {
      "rank": 52,
      "id": 1387,
      "score": 0.1896,
      "status": "SeedGene"
    },
    "MYC": {
      "rank": 53,
      "id": 4609,
      "score": 0.1849,
      "status": "Predicted"
    },
    "RUNX2": {
      "rank": 54,
      "id": 860,
      "score": 0.1843,
      "status": "SeedGene"
    },
    "TFAP2A": {
      "rank": 55,
      "id": 7020,
      "score": 0.1836,
      "status": "SeedGene"
    },
    "NF1": {
      "rank": 56,
      "id": 4763,
      "score": 0.1831,
      "status": "SeedGene"
    },
    "PSMD12": {
      "rank": 57,
      "id": 5718,
      "score": 0.1766,
      "status": "SeedGene"
    },
    "OFD1": {
      "rank": 58,
      "id": 8481,
      "score": 0.1761,
      "status": "SeedGene"
    },
    "BMP2": {
      "rank": 59,
      "id": 650,
      "score": 0.176,
      "status": "SeedGene"
    },
    "NOTCH2": {
      "rank": 60,
      "id": 4853,
      "score": 0.1747,
      "status": "SeedGene"
    },
    "TP53": {
      "rank": 61,
      "id": 7157,
      "score": 0.1705,
      "status": "Predicted"
    },
    "SMARCA4": {
      "rank": 62,
      "id": 6597,
      "score": 0.1688,
      "status": "SeedGene"
    },
    "FGF3": {
      "rank": 63,
      "id": 2248,
      "score": 0.1676,
      "status": "SeedGene"
    },
    "MLH3": {
      "rank": 64,
      "id": 27030,
      "score": 0.1669,
      "status": "SeedGene"
    },
    "FANCB": {
      "rank": 65,
      "id": 2187,
      "score": 0.1665,
      "status": "SeedGene"
    },
    "KIF7": {
      "rank": 66,
      "id": 374654,
      "score": 0.1653,
      "status": "SeedGene"
    },
    "ACTG1": {
      "rank": 67,
      "id": 71,
      "score": 0.1643,
      "status": "SeedGene"
    },
    "PTEN": {
      "rank": 68,
      "id": 5728,
      "score": 0.1641,
      "status": "SeedGene"
    },
    "ERBB2": {
      "rank": 69,
      "id": 2064,
      "score": 0.1639,
      "status": "Predicted"
    },
    "GBA": {
      "rank": 70,
      "id": 2629,
      "score": 0.1631,
      "status": "SeedGene"
    },
    "POLR1C": {
      "rank": 71,
      "id": 9533,
      "score": 0.1628,
      "status": "SeedGene"
    },
    "POLR1D": {
      "rank": 72,
      "id": 51082,
      "score": 0.1622,
      "status": "SeedGene"
    },
    "ATR": {
      "rank": 73,
      "id": 545,
      "score": 0.1612,
      "status": "SeedGene"
    },
    "CENPJ": {
      "rank": 74,
      "id": 55835,
      "score": 0.1599,
      "status": "SeedGene"
    },
    "HRAS": {
      "rank": 75,
      "id": 3265,
      "score": 0.1584,
      "status": "SeedGene"
    },
    "PAK1": {
      "rank": 76,
      "id": 5058,
      "score": 0.1579,
      "status": "SeedGene"
    },
    "GPC3": {
      "rank": 77,
      "id": 2719,
      "score": 0.1578,
      "status": "SeedGene"
    },
    "SMAD3": {
      "rank": 78,
      "id": 4088,
      "score": 0.1575,
      "status": "SeedGene"
    },
    "MMP2": {
      "rank": 79,
      "id": 4313,
      "score": 0.1569,
      "status": "SeedGene"
    },
    "TGFB1": {
      "rank": 80,
      "id": 7040,
      "score": 0.1566,
      "status": "SeedGene"
    },
    "FBN1": {
      "rank": 81,
      "id": 2200,
      "score": 0.1557,
      "status": "SeedGene"
    },
    "WNT3": {
      "rank": 82,
      "id": 7473,
      "score": 0.1548,
      "status": "SeedGene"
    },
    "PIK3R1": {
      "rank": 83,
      "id": 5295,
      "score": 0.1547,
      "status": "SeedGene"
    },
    "CDH1": {
      "rank": 84,
      "id": 999,
      "score": 0.1547,
      "status": "SeedGene"
    },
    "AKT3": {
      "rank": 85,
      "id": 10000,
      "score": 0.1545,
      "status": "SeedGene"
    },
    "PRKACA": {
      "rank": 86,
      "id": 5566,
      "score": 0.1543,
      "status": "SeedGene"
    },
    "NFKBIA": {
      "rank": 87,
      "id": 4792,
      "score": 0.1538,
      "status": "SeedGene"
    },
    "IKBKG": {
      "rank": 88,
      "id": 8517,
      "score": 0.1526,
      "status": "SeedGene"
    },
    "MAPK1": {
      "rank": 89,
      "id": 5594,
      "score": 0.1521,
      "status": "SeedGene"
    },
    "AKT2": {
      "rank": 90,
      "id": 208,
      "score": 0.1515,
      "status": "Predicted"
    },
    "MDM2": {
      "rank": 91,
      "id": 4193,
      "score": 0.151,
      "status": "Predicted"
    },
    "TSHR": {
      "rank": 92,
      "id": 7253,
      "score": 0.1499,
      "status": "SeedGene"
    },
    "ATP6V0A2": {
      "rank": 93,
      "id": 23545,
      "score": 0.1492,
      "status": "SeedGene"
    },
    "TWIST2": {
      "rank": 94,
      "id": 117581,
      "score": 0.1492,
      "status": "SeedGene"
    },
    "AGA": {
      "rank": 95,
      "id": 175,
      "score": 0.1491,
      "status": "SeedGene"
    },
    "PRKCA": {
      "rank": 96,
      "id": 5578,
      "score": 0.1479,
      "status": "Predicted"
    },
    "YWHAE": {
      "rank": 97,
      "id": 7531,
      "score": 0.1478,
      "status": "SeedGene"
    },
    "EXO1": {
      "rank": 98,
      "id": 9156,
      "score": 0.1477,
      "status": "Predicted"
    },
    "PAX8": {
      "rank": 99,
      "id": 7849,
      "score": 0.1475,
      "status": "SeedGene"
    },
    "SMAD2": {
      "rank": 100,
      "id": 4087,
      "score": 0.1473,
      "status": "Predicted"
    }
  }
}