{
  "query": {
    "HP:0009049": {
      "id": "HP:0009049",
      "status": "ok",
      "target": [
        "HP:0009049"
      ]
    },
    "HP:0001251": {
      "id": "HP:0001251",
      "status": "ok",
      "target": [
        "HP:0001251"
      ]
    },
    "HP:0002196": {
      "id": "HP:0002196",
      "status": "ok",
      "target": [
        "HP:0002196"
      ]
    },
    "HP:0009830": {
      "id": "HP:0009830",
      "status": "ok",
      "target": [
        "HP:0009830"
      ]
    },
    "HP:0000639": {
      "id": "HP:0000639",
      "status": "ok",
      "target": [
        "HP:0000639"
      ]
    },
    "HP:0001257": {
      "id": "HP:0001257",
      "status": "ok",
      "target": [
        "HP:0001257"
      ]
    }
  },
  "response": {
    "GNPTAB": {
      "rank": 1,
      "id": 79158,
      "score": 1.0,
      "status": "SeedGene"
    },
    "COL2A1": {
      "rank": 2,
      "id": 1280,
      "score": 0.8506,
      "status": "SeedGene"
    },
    "TRPV4": {
      "rank": 3,
      "id": 59341,
      "score": 0.7401,
      "status": "SeedGene"
    },
    "DES": {
      "rank": 4,
      "id": 1674,
      "score": 0.4792,
      "status": "SeedGene"
    },
    "LMNA": {
      "rank": 5,
      "id": 4000,
      "score": 0.445,
      "status": "SeedGene"
    },
    "WASHC5": {
      "rank": 6,
      "id": 9897,
      "score": 0.4054,
      "status": "SeedGene"
    },
    "TTN": {
      "rank": 7,
      "id": 7273,
      "score": 0.4022,
      "status": "SeedGene"
    },
    "HINT1": {
      "rank": 8,
      "id": 3094,
      "score": 0.3906,
      "status": "SeedGene"
    },
    "ARSB": {
      "rank": 9,
      "id": 411,
      "score": 0.3678,
      "status": "SeedGene"
    },
    "GLB1": {
      "rank": 10,
      "id": 2720,
      "score": 0.338,
      "status": "SeedGene"
    },
    "GALNS": {
      "rank": 11,
      "id": 2588,
      "score": 0.2969,
      "status": "SeedGene"
    },
    "EXT2": {
      "rank": 12,
      "id": 2132,
      "score": 0.296,
      "status": "SeedGene"
    },
    "EXT1": {
      "rank": 13,
      "id": 2131,
      "score": 0.2927,
      "status": "SeedGene"
    },
    "DKK1": {
      "rank": 14,
      "id": 22943,
      "score": 0.2686,
      "status": "SeedGene"
    },
    "ARSA": {
      "rank": 15,
      "id": 410,
      "score": 0.267,
      "status": "SeedGene"
    },
    "PEX7": {
      "rank": 16,
      "id": 5191,
      "score": 0.2656,
      "status": "SeedGene"
    },
    "COX10": {
      "rank": 17,
      "id": 1352,
      "score": 0.2646,
      "status": "SeedGene"
    },
    "CACNA1A": {
      "rank": 18,
      "id": 773,
      "score": 0.2597,
      "status": "SeedGene"
    },
    "PRPS1": {
      "rank": 19,
      "id": 5631,
      "score": 0.2506,
      "status": "SeedGene"
    },
    "SURF1": {
      "rank": 20,
      "id": 6834,
      "score": 0.2396,
      "status": "SeedGene"
    },
    "CYP27A1": {
      "rank": 21,
      "id": 1593,
      "score": 0.2346,
      "status": "SeedGene"
    },
    "PHYH": {
      "rank": 22,
      "id": 5264,
      "score": 0.2296,
      "status": "SeedGene"
    },
    "NAXE": {
      "rank": 23,
      "id": 128240,
      "score": 0.2262,
      "status": "SeedGene"
    },
    "ABCD1": {
      "rank": 24,
      "id": 215,
      "score": 0.2217,
      "status": "SeedGene"
    },
    "GALC": {
      "rank": 25,
      "id": 2581,
      "score": 0.2096,
      "status": "SeedGene"
    },
    "GLA": {
      "rank": 26,
      "id": 2717,
      "score": 0.2044,
      "status": "SeedGene"
    },
    "TTR": {
      "rank": 27,
      "id": 7276,
      "score": 0.2043,
      "status": "SeedGene"
    },
    "PDHA1": {
      "rank": 28,
      "id": 5160,
      "score": 0.1995,
      "status": "SeedGene"
    },
    "COX15": {
      "rank": 29,
      "id": 1355,
      "score": 0.1952,
      "status": "SeedGene"
    },
    "NDUFS4": {
      "rank": 30,
      "id": 4724,
      "score": 0.1931,
      "status": "SeedGene"
    },
    "NDUFS8": {
      "rank": 31,
      "id": 4728,
      "score": 0.1931,
      "status": "SeedGene"
    },
    "NDUFV1": {
      "rank": 32,
      "id": 4723,
      "score": 0.1931,
      "status": "SeedGene"
    },
    "NDUFS7": {
      "rank": 33,
      "id": 374291,
      "score": 0.1931,
      "status": "SeedGene"
    },
    "NDUFA2": {
      "rank": 34,
      "id": 4695,
      "score": 0.1931,
      "status": "SeedGene"
    },
    "NDUFS3": {
      "rank": 35,
      "id": 4722,
      "score": 0.1931,
      "status": "SeedGene"
    },
    "NDUFS1": {
      "rank": 36,
      "id": 4719,
      "score": 0.1931,
      "status": "SeedGene"
    },
    "NDUFA10": {
      "rank": 37,
      "id": 4705,
      "score": 0.1931,
      "status": "SeedGene"
    },
    "TP53": {
      "rank": 38,
      "id": 7157,
      "score": 0.1925,
      "status": "SeedGene"
    },
    "SDHA": {
      "rank": 39,
      "id": 6389,
      "score": 0.1908,
      "status": "SeedGene"
    },
    "SLC17A5": {
      "rank": 40,
      "id": 26503,
      "score": 0.188,
      "status": "SeedGene"
    },
    "JAK2": {
      "rank": 41,
      "id": 3717,
      "score": 0.1876,
      "status": "SeedGene"
    },
    "FA2H": {
      "rank": 42,
      "id": 79152,
      "score": 0.1735,
      "status": "SeedGene"
    },
    "INPP5E": {
      "rank": 43,
      "id": 56623,
      "score": 0.1679,
      "status": "SeedGene"
    },
    "CALM1": {
      "rank": 44,
      "id": 801,
      "score": 0.1678,
      "status": "Predicted"
    },
    "PRKCG": {
      "rank": 45,
      "id": 5582,
      "score": 0.1667,
      "status": "SeedGene"
    },
    "DLD": {
      "rank": 46,
      "id": 1738,
      "score": 0.1667,
      "status": "SeedGene"
    },
    "SLC19A3": {
      "rank": 47,
      "id": 80704,
      "score": 0.1654,
      "status": "SeedGene"
    },
    "CALM2": {
      "rank": 48,
      "id": 805,
      "score": 0.1651,
      "status": "Predicted"
    },
    "PLP1": {
      "rank": 49,
      "id": 5354,
      "score": 0.1636,
      "status": "SeedGene"
    },
    "SCO2": {
      "rank": 50,
      "id": 9997,
      "score": 0.1627,
      "status": "SeedGene"
    },
    "ITPR1": {
      "rank": 51,
      "id": 3708,
      "score": 0.1616,
      "status": "SeedGene"
    },
    "CALM3": {
      "rank": 52,
      "id": 808,
      "score": 0.1602,
      "status": "Predicted"
    },
    "CEP290": {
      "rank": 53,
      "id": 80184,
      "score": 0.1596,
      "status": "SeedGene"
    },
    "SLC2A1": {
      "rank": 54,
      "id": 6513,
      "score": 0.1591,
      "status": "SeedGene"
    },
    "SLC25A4": {
      "rank": 55,
      "id": 291,
      "score": 0.1591,
      "status": "SeedGene"
    },
    "COX6B1": {
      "rank": 56,
      "id": 1340,
      "score": 0.1588,
      "status": "SeedGene"
    },
    "COQ2": {
      "rank": 57,
      "id": 27235,
      "score": 0.1587,
      "status": "SeedGene"
    },
    "PRKAR1A": {
      "rank": 58,
      "id": 5573,
      "score": 0.1573,
      "status": "SeedGene"
    },
    "ATM": {
      "rank": 59,
      "id": 472,
      "score": 0.1573,
      "status": "SeedGene"
    },
    "PEX19": {
      "rank": 60,
      "id": 5824,
      "score": 0.1561,
      "status": "SeedGene"
    },
    "PLA2G6": {
      "rank": 61,
      "id": 8398,
      "score": 0.1544,
      "status": "SeedGene"
    },
    "INS": {
      "rank": 62,
      "id": 3630,
      "score": 0.1537,
      "status": "SeedGene"
    },
    "TMEM237": {
      "rank": 63,
      "id": 65062,
      "score": 0.1534,
      "status": "SeedGene"
    },
    "GSS": {
      "rank": 64,
      "id": 2937,
      "score": 0.1532,
      "status": "SeedGene"
    },
    "AKT1": {
      "rank": 65,
      "id": 207,
      "score": 0.153,
      "status": "SeedGene"
    },
    "IMPDH1": {
      "rank": 66,
      "id": 3614,
      "score": 0.1529,
      "status": "SeedGene"
    },
    "AAAS": {
      "rank": 67,
      "id": 8086,
      "score": 0.1524,
      "status": "SeedGene"
    },
    "SLC16A2": {
      "rank": 68,
      "id": 6567,
      "score": 0.1507,
      "status": "SeedGene"
    },
    "IKBKG": {
      "rank": 69,
      "id": 8517,
      "score": 0.1502,
      "status": "SeedGene"
    },
    "BCS1L": {
      "rank": 70,
      "id": 617,
      "score": 0.1502,
      "status": "SeedGene"
    },
    "EDNRB": {
      "rank": 71,
      "id": 1910,
      "score": 0.1497,
      "status": "SeedGene"
    },
    "NDUFAF6": {
      "rank": 72,
      "id": 137682,
      "score": 0.1491,
      "status": "SeedGene"
    },
    "SCN9A": {
      "rank": 73,
      "id": 6335,
      "score": 0.1487,
      "status": "SeedGene"
    },
    "ATXN3": {
      "rank": 74,
      "id": 4287,
      "score": 0.1484,
      "status": "SeedGene"
    },
    "TCIRG1": {
      "rank": 75,
      "id": 10312,
      "score": 0.1483,
      "status": "SeedGene"
    },
    "KIF7": {
      "rank": 76,
      "id": 374654,
      "score": 0.1474,
      "status": "SeedGene"
    },
    "PAFAH1B1": {
      "rank": 77,
      "id": 5048,
      "score": 0.1472,
      "status": "SeedGene"
    },
    "PRKACA": {
      "rank": 78,
      "id": 5566,
      "score": 0.1467,
      "status": "Predicted"
    },
    "LIPT1": {
      "rank": 79,
      "id": 51601,
      "score": 0.1455,
      "status": "SeedGene"
    },
    "ARG1": {
      "rank": 80,
      "id": 383,
      "score": 0.1449,
      "status": "SeedGene"
    },
    "SMPD1": {
      "rank": 81,
      "id": 6609,
      "score": 0.1447,
      "status": "SeedGene"
    },
    "ERCC2": {
      "rank": 82,
      "id": 2068,
      "score": 0.1437,
      "status": "SeedGene"
    },
    "PIK3CA": {
      "rank": 83,
      "id": 5290,
      "score": 0.1422,
      "status": "SeedGene"
    },
    "KRAS": {
      "rank": 84,
      "id": 3845,
      "score": 0.1421,
      "status": "SeedGene"
    },
    "ACO2": {
      "rank": 85,
      "id": 50,
      "score": 0.1414,
      "status": "SeedGene"
    },
    "NPC2": {
      "rank": 86,
      "id": 10577,
      "score": 0.1405,
      "status": "SeedGene"
    },
    "GBE1": {
      "rank": 87,
      "id": 2632,
      "score": 0.1405,
      "status": "SeedGene"
    },
    "TACO1": {
      "rank": 88,
      "id": 51204,
      "score": 0.1404,
      "status": "SeedGene"
    },
    "VPS13A": {
      "rank": 89,
      "id": 23230,
      "score": 0.1402,
      "status": "SeedGene"
    },
    "PEX6": {
      "rank": 90,
      "id": 5190,
      "score": 0.1399,
      "status": "SeedGene"
    },
    "GNA11": {
      "rank": 91,
      "id": 2767,
      "score": 0.1398,
      "status": "SeedGene"
    },
    "ADSL": {
      "rank": 92,
      "id": 158,
      "score": 0.1386,
      "status": "SeedGene"
    },
    "SLC46A1": {
      "rank": 93,
      "id": 113235,
      "score": 0.1379,
      "status": "SeedGene"
    },
    "RPGRIP1L": {
      "rank": 94,
      "id": 23322,
      "score": 0.137,
      "status": "SeedGene"
    },
    "TBP": {
      "rank": 95,
      "id": 6908,
      "score": 0.1368,
      "status": "SeedGene"
    },
    "PEX5": {
      "rank": 96,
      "id": 5830,
      "score": 0.1367,
      "status": "SeedGene"
    },
    "OFD1": {
      "rank": 97,
      "id": 8481,
      "score": 0.1363,
      "status": "SeedGene"
    },
    "PEX1": {
      "rank": 98,
      "id": 5189,
      "score": 0.1361,
      "status": "SeedGene"
    },
    "GBA": {
      "rank": 99,
      "id": 2629,
      "score": 0.1354,
      "status": "SeedGene"
    },
    "OCRL": {
      "rank": 100,
      "id": 4952,
      "score": 0.1351,
      "status": "SeedGene"
    }
  }
}