{
  "query": {
    "HP:0001251": {
      "id": "HP:0001251",
      "status": "ok",
      "target": [
        "HP:0001251"
      ]
    },
    "HP:0012444": {
      "id": "HP:0012444",
      "status": "ok",
      "target": [
        "HP:0012444"
      ]
    },
    "HP:0000518": {
      "id": "HP:0000518",
      "status": "ok",
      "target": [
        "HP:0000518"
      ]
    },
    "HP:0001272": {
      "id": "HP:0001272",
      "status": "ok",
      "target": [
        "HP:0001272"
      ]
    },
    "HP:0002503": {
      "id": "HP:0002503",
      "status": "ok",
      "target": [
        "HP:0002503"
      ]
    },
    "HP:0001263": {
      "id": "HP:0001263",
      "status": "ok",
      "target": [
        "HP:0001263"
      ]
    },
    "HP:0001332": {
      "id": "HP:0001332",
      "status": "ok",
      "target": [
        "HP:0001332"
      ]
    },
    "HP:0001252": {
      "id": "HP:0001252",
      "status": "ok",
      "target": [
        "HP:0001252"
      ]
    },
    "HP:0002418": {
      "id": "HP:0002418",
      "status": "ok",
      "target": [
        "HP:0002418"
      ]
    },
    "HP:0001270": {
      "id": "HP:0001270",
      "status": "ok",
      "target": [
        "HP:0001270"
      ]
    },
    "HP:0012179": {
      "id": "HP:0012179",
      "status": "ok",
      "target": [
        "HP:0012179"
      ]
    },
    "HP:0001257": {
      "id": "HP:0001257",
      "status": "ok",
      "target": [
        "HP:0001257"
      ]
    }
  },
  "response": {
    "ATXN3": {
      "rank": 1,
      "id": 4287,
      "score": 1.0,
      "status": "SeedGene"
    },
    "ATXN2": {
      "rank": 2,
      "id": 6311,
      "score": 0.9186,
      "status": "SeedGene"
    },
    "ATXN1": {
      "rank": 3,
      "id": 6310,
      "score": 0.8655,
      "status": "SeedGene"
    },
    "PLP1": {
      "rank": 4,
      "id": 5354,
      "score": 0.6998,
      "status": "SeedGene"
    },
    "ATP1A3": {
      "rank": 5,
      "id": 478,
      "score": 0.5681,
      "status": "SeedGene"
    },
    "TMEM237": {
      "rank": 6,
      "id": 65062,
      "score": 0.5605,
      "status": "SeedGene"
    },
    "COL6A1": {
      "rank": 7,
      "id": 1291,
      "score": 0.5599,
      "status": "SeedGene"
    },
    "COL6A3": {
      "rank": 8,
      "id": 1293,
      "score": 0.5589,
      "status": "SeedGene"
    },
    "KIF7": {
      "rank": 9,
      "id": 374654,
      "score": 0.5551,
      "status": "SeedGene"
    },
    "GCH1": {
      "rank": 10,
      "id": 2643,
      "score": 0.5512,
      "status": "SeedGene"
    },
    "INPP5E": {
      "rank": 11,
      "id": 56623,
      "score": 0.5461,
      "status": "SeedGene"
    },
    "COL6A2": {
      "rank": 12,
      "id": 1292,
      "score": 0.5383,
      "status": "SeedGene"
    },
    "FTL": {
      "rank": 13,
      "id": 2512,
      "score": 0.531,
      "status": "SeedGene"
    },
    "PRKRA": {
      "rank": 14,
      "id": 8575,
      "score": 0.4756,
      "status": "SeedGene"
    },
    "RPGRIP1L": {
      "rank": 15,
      "id": 23322,
      "score": 0.471,
      "status": "SeedGene"
    },
    "ATP13A2": {
      "rank": 16,
      "id": 23400,
      "score": 0.4539,
      "status": "SeedGene"
    },
    "CYP27A1": {
      "rank": 17,
      "id": 1593,
      "score": 0.4524,
      "status": "SeedGene"
    },
    "CEP41": {
      "rank": 18,
      "id": 95681,
      "score": 0.4441,
      "status": "SeedGene"
    },
    "TMEM67": {
      "rank": 19,
      "id": 91147,
      "score": 0.4406,
      "status": "SeedGene"
    },
    "CC2D2A": {
      "rank": 20,
      "id": 57545,
      "score": 0.4334,
      "status": "SeedGene"
    },
    "CACNA1A": {
      "rank": 21,
      "id": 773,
      "score": 0.4292,
      "status": "SeedGene"
    },
    "CEP290": {
      "rank": 22,
      "id": 80184,
      "score": 0.4252,
      "status": "SeedGene"
    },
    "TMEM216": {
      "rank": 23,
      "id": 51259,
      "score": 0.4188,
      "status": "SeedGene"
    },
    "TBP": {
      "rank": 24,
      "id": 6908,
      "score": 0.4095,
      "status": "SeedGene"
    },
    "FGFR3": {
      "rank": 25,
      "id": 2261,
      "score": 0.3966,
      "status": "SeedGene"
    },
    "OFD1": {
      "rank": 26,
      "id": 8481,
      "score": 0.3953,
      "status": "SeedGene"
    },
    "HPRT1": {
      "rank": 27,
      "id": 3251,
      "score": 0.3766,
      "status": "SeedGene"
    },
    "PAFAH1B1": {
      "rank": 28,
      "id": 5048,
      "score": 0.3733,
      "status": "SeedGene"
    },
    "COX10": {
      "rank": 29,
      "id": 1352,
      "score": 0.3636,
      "status": "SeedGene"
    },
    "FA2H": {
      "rank": 30,
      "id": 79152,
      "score": 0.3636,
      "status": "SeedGene"
    },
    "TMEM231": {
      "rank": 31,
      "id": 79583,
      "score": 0.3564,
      "status": "SeedGene"
    },
    "PDHA1": {
      "rank": 32,
      "id": 5160,
      "score": 0.3545,
      "status": "SeedGene"
    },
    "AHI1": {
      "rank": 33,
      "id": 54806,
      "score": 0.3532,
      "status": "SeedGene"
    },
    "UBE3A": {
      "rank": 34,
      "id": 7337,
      "score": 0.3518,
      "status": "SeedGene"
    },
    "MVK": {
      "rank": 35,
      "id": 4598,
      "score": 0.3394,
      "status": "SeedGene"
    },
    "ITPR1": {
      "rank": 36,
      "id": 3708,
      "score": 0.322,
      "status": "SeedGene"
    },
    "PRKCG": {
      "rank": 37,
      "id": 5582,
      "score": 0.3208,
      "status": "SeedGene"
    },
    "NPHP1": {
      "rank": 38,
      "id": 4867,
      "score": 0.3196,
      "status": "SeedGene"
    },
    "SURF1": {
      "rank": 39,
      "id": 6834,
      "score": 0.3153,
      "status": "SeedGene"
    },
    "PTEN": {
      "rank": 40,
      "id": 5728,
      "score": 0.3142,
      "status": "SeedGene"
    },
    "TCTN3": {
      "rank": 41,
      "id": 26123,
      "score": 0.3107,
      "status": "SeedGene"
    },
    "SUMF1": {
      "rank": 42,
      "id": 285362,
      "score": 0.3094,
      "status": "SeedGene"
    },
    "SLC19A3": {
      "rank": 43,
      "id": 80704,
      "score": 0.3035,
      "status": "SeedGene"
    },
    "SLC2A1": {
      "rank": 44,
      "id": 6513,
      "score": 0.3029,
      "status": "SeedGene"
    },
    "MAN2B1": {
      "rank": 45,
      "id": 4125,
      "score": 0.3024,
      "status": "SeedGene"
    },
    "KCNC3": {
      "rank": 46,
      "id": 3748,
      "score": 0.3013,
      "status": "SeedGene"
    },
    "TCTN1": {
      "rank": 47,
      "id": 79600,
      "score": 0.2986,
      "status": "SeedGene"
    },
    "NDUFS1": {
      "rank": 48,
      "id": 4719,
      "score": 0.2978,
      "status": "SeedGene"
    },
    "TCTN2": {
      "rank": 49,
      "id": 79867,
      "score": 0.2932,
      "status": "SeedGene"
    },
    "NDUFS4": {
      "rank": 50,
      "id": 4724,
      "score": 0.2913,
      "status": "SeedGene"
    },
    "ARL13B": {
      "rank": 51,
      "id": 200894,
      "score": 0.2911,
      "status": "SeedGene"
    },
    "INS": {
      "rank": 52,
      "id": 3630,
      "score": 0.2877,
      "status": "SeedGene"
    },
    "EP300": {
      "rank": 53,
      "id": 2033,
      "score": 0.2864,
      "status": "SeedGene"
    },
    "SDHA": {
      "rank": 54,
      "id": 6389,
      "score": 0.2855,
      "status": "SeedGene"
    },
    "AKT1": {
      "rank": 55,
      "id": 207,
      "score": 0.2844,
      "status": "SeedGene"
    },
    "ATXN10": {
      "rank": 56,
      "id": 25814,
      "score": 0.2837,
      "status": "SeedGene"
    },
    "PEX7": {
      "rank": 57,
      "id": 5191,
      "score": 0.2828,
      "status": "SeedGene"
    },
    "NDUFV1": {
      "rank": 58,
      "id": 4723,
      "score": 0.2776,
      "status": "SeedGene"
    },
    "NDUFA2": {
      "rank": 59,
      "id": 4695,
      "score": 0.2776,
      "status": "SeedGene"
    },
    "COQ2": {
      "rank": 60,
      "id": 27235,
      "score": 0.2755,
      "status": "SeedGene"
    },
    "GCLC": {
      "rank": 61,
      "id": 2729,
      "score": 0.2747,
      "status": "SeedGene"
    },
    "ERCC2": {
      "rank": 62,
      "id": 2068,
      "score": 0.273,
      "status": "SeedGene"
    },
    "ADSL": {
      "rank": 63,
      "id": 158,
      "score": 0.2727,
      "status": "SeedGene"
    },
    "NDUFS8": {
      "rank": 64,
      "id": 4728,
      "score": 0.2722,
      "status": "SeedGene"
    },
    "NDUFS7": {
      "rank": 65,
      "id": 374291,
      "score": 0.2719,
      "status": "SeedGene"
    },
    "NDUFS3": {
      "rank": 66,
      "id": 4722,
      "score": 0.2719,
      "status": "SeedGene"
    },
    "NDUFA10": {
      "rank": 67,
      "id": 4705,
      "score": 0.2719,
      "status": "SeedGene"
    },
    "HSPG2": {
      "rank": 68,
      "id": 3339,
      "score": 0.2715,
      "status": "SeedGene"
    },
    "PRPS1": {
      "rank": 69,
      "id": 5631,
      "score": 0.2709,
      "status": "SeedGene"
    },
    "GBA": {
      "rank": 70,
      "id": 2629,
      "score": 0.2706,
      "status": "SeedGene"
    },
    "DLAT": {
      "rank": 71,
      "id": 1737,
      "score": 0.2702,
      "status": "SeedGene"
    },
    "POLR1C": {
      "rank": 72,
      "id": 9533,
      "score": 0.2685,
      "status": "SeedGene"
    },
    "SLC6A8": {
      "rank": 73,
      "id": 6535,
      "score": 0.2669,
      "status": "SeedGene"
    },
    "PRKACA": {
      "rank": 74,
      "id": 5566,
      "score": 0.2665,
      "status": "Predicted"
    },
    "GAMT": {
      "rank": 75,
      "id": 2593,
      "score": 0.2646,
      "status": "SeedGene"
    },
    "ACO2": {
      "rank": 76,
      "id": 50,
      "score": 0.2641,
      "status": "SeedGene"
    },
    "COX6B1": {
      "rank": 77,
      "id": 1340,
      "score": 0.2625,
      "status": "SeedGene"
    },
    "COX15": {
      "rank": 78,
      "id": 1355,
      "score": 0.2621,
      "status": "SeedGene"
    },
    "UBB": {
      "rank": 79,
      "id": 7314,
      "score": 0.261,
      "status": "Predicted"
    },
    "CALM1": {
      "rank": 80,
      "id": 801,
      "score": 0.2603,
      "status": "Predicted"
    },
    "SLC25A4": {
      "rank": 81,
      "id": 291,
      "score": 0.2596,
      "status": "SeedGene"
    },
    "ARSA": {
      "rank": 82,
      "id": 410,
      "score": 0.2596,
      "status": "SeedGene"
    },
    "CALM2": {
      "rank": 83,
      "id": 805,
      "score": 0.2594,
      "status": "Predicted"
    },
    "SNCA": {
      "rank": 84,
      "id": 6622,
      "score": 0.2587,
      "status": "SeedGene"
    },
    "MECP2": {
      "rank": 85,
      "id": 4204,
      "score": 0.2586,
      "status": "SeedGene"
    },
    "DLD": {
      "rank": 86,
      "id": 1738,
      "score": 0.2585,
      "status": "SeedGene"
    },
    "CALM3": {
      "rank": 87,
      "id": 808,
      "score": 0.2573,
      "status": "Predicted"
    },
    "TMEM138": {
      "rank": 88,
      "id": 51524,
      "score": 0.2569,
      "status": "SeedGene"
    },
    "PIK3CA": {
      "rank": 89,
      "id": 5290,
      "score": 0.2557,
      "status": "SeedGene"
    },
    "POMT1": {
      "rank": 90,
      "id": 10585,
      "score": 0.2551,
      "status": "SeedGene"
    },
    "PPP2R2B": {
      "rank": 91,
      "id": 5521,
      "score": 0.2537,
      "status": "SeedGene"
    },
    "PDHX": {
      "rank": 92,
      "id": 8050,
      "score": 0.2522,
      "status": "SeedGene"
    },
    "TUBB4A": {
      "rank": 93,
      "id": 10382,
      "score": 0.2517,
      "status": "SeedGene"
    },
    "KRAS": {
      "rank": 94,
      "id": 3845,
      "score": 0.2512,
      "status": "SeedGene"
    },
    "CREBBP": {
      "rank": 95,
      "id": 1387,
      "score": 0.2496,
      "status": "SeedGene"
    },
    "RARS2": {
      "rank": 96,
      "id": 57038,
      "score": 0.2493,
      "status": "SeedGene"
    },
    "ALDH5A1": {
      "rank": 97,
      "id": 7915,
      "score": 0.2489,
      "status": "SeedGene"
    },
    "PPP2R1A": {
      "rank": 98,
      "id": 5518,
      "score": 0.2478,
      "status": "SeedGene"
    },
    "GCK": {
      "rank": 99,
      "id": 2645,
      "score": 0.2477,
      "status": "SeedGene"
    },
    "RPS27A": {
      "rank": 100,
      "id": 6233,
      "score": 0.2465,
      "status": "Predicted"
    }
  }
}