{
  "query": {
    "HP:0001263": {
      "id": "HP:0001263",
      "status": "ok",
      "target": [
        "HP:0001263"
      ]
    },
    "HP:0011157": {
      "id": "HP:0011157",
      "status": "ok",
      "target": [
        "HP:0011157"
      ]
    },
    "HP:0001250": {
      "id": "HP:0001250",
      "status": "ok",
      "target": [
        "HP:0001250"
      ]
    },
    "HP:0003643": {
      "id": "HP:0003643",
      "status": "ok",
      "target": [
        "HP:0003643"
      ]
    }
  },
  "response": {
    "NHLRC1": {
      "rank": 1,
      "id": 378884,
      "score": 1.0,
      "status": "SeedGene"
    },
    "EPM2A": {
      "rank": 2,
      "id": 7957,
      "score": 0.9408,
      "status": "SeedGene"
    },
    "MOCS1": {
      "rank": 3,
      "id": 4337,
      "score": 0.7057,
      "status": "SeedGene"
    },
    "GPHN": {
      "rank": 4,
      "id": 10243,
      "score": 0.6017,
      "status": "SeedGene"
    },
    "SUOX": {
      "rank": 5,
      "id": 6821,
      "score": 0.5934,
      "status": "SeedGene"
    },
    "RELN": {
      "rank": 6,
      "id": 5649,
      "score": 0.187,
      "status": "SeedGene"
    },
    "LGI1": {
      "rank": 7,
      "id": 9211,
      "score": 0.1621,
      "status": "SeedGene"
    },
    "PRRT2": {
      "rank": 8,
      "id": 112476,
      "score": 0.1618,
      "status": "SeedGene"
    },
    "MICAL1": {
      "rank": 9,
      "id": 64780,
      "score": 0.1561,
      "status": "SeedGene"
    },
    "CNTN2": {
      "rank": 10,
      "id": 6900,
      "score": 0.1486,
      "status": "SeedGene"
    },
    "KCNA1": {
      "rank": 11,
      "id": 3736,
      "score": 0.1426,
      "status": "SeedGene"
    },
    "AGL": {
      "rank": 12,
      "id": 178,
      "score": 0.1186,
      "status": "Predicted"
    },
    "ARG1": {
      "rank": 13,
      "id": 383,
      "score": 0.0916,
      "status": "SeedGene"
    },
    "COX10": {
      "rank": 14,
      "id": 1352,
      "score": 0.0872,
      "status": "SeedGene"
    },
    "PDHA1": {
      "rank": 15,
      "id": 5160,
      "score": 0.0856,
      "status": "SeedGene"
    },
    "PIK3CA": {
      "rank": 16,
      "id": 5290,
      "score": 0.0832,
      "status": "SeedGene"
    },
    "AAAS": {
      "rank": 17,
      "id": 8086,
      "score": 0.0827,
      "status": "SeedGene"
    },
    "FH": {
      "rank": 18,
      "id": 2271,
      "score": 0.0823,
      "status": "SeedGene"
    },
    "MVK": {
      "rank": 19,
      "id": 4598,
      "score": 0.0778,
      "status": "SeedGene"
    },
    "ACOX1": {
      "rank": 20,
      "id": 51,
      "score": 0.0772,
      "status": "SeedGene"
    },
    "ASL": {
      "rank": 21,
      "id": 435,
      "score": 0.077,
      "status": "SeedGene"
    },
    "EP300": {
      "rank": 22,
      "id": 2033,
      "score": 0.077,
      "status": "SeedGene"
    },
    "PTEN": {
      "rank": 23,
      "id": 5728,
      "score": 0.0767,
      "status": "SeedGene"
    },
    "NFU1": {
      "rank": 24,
      "id": 27247,
      "score": 0.0766,
      "status": "SeedGene"
    },
    "SLC2A1": {
      "rank": 25,
      "id": 6513,
      "score": 0.0763,
      "status": "SeedGene"
    },
    "KCNQ2": {
      "rank": 26,
      "id": 3785,
      "score": 0.0753,
      "status": "SeedGene"
    },
    "SURF1": {
      "rank": 27,
      "id": 6834,
      "score": 0.0746,
      "status": "SeedGene"
    },
    "GCK": {
      "rank": 28,
      "id": 2645,
      "score": 0.0718,
      "status": "SeedGene"
    },
    "EPM2AIP1": {
      "rank": 29,
      "id": 9852,
      "score": 0.0718,
      "status": "Predicted"
    },
    "GNE": {
      "rank": 30,
      "id": 10020,
      "score": 0.0717,
      "status": "SeedGene"
    },
    "INPP5E": {
      "rank": 31,
      "id": 56623,
      "score": 0.0716,
      "status": "SeedGene"
    },
    "AKT1": {
      "rank": 32,
      "id": 207,
      "score": 0.0715,
      "status": "SeedGene"
    },
    "FGFR3": {
      "rank": 33,
      "id": 2261,
      "score": 0.0715,
      "status": "SeedGene"
    },
    "FGFR2": {
      "rank": 34,
      "id": 2263,
      "score": 0.0708,
      "status": "SeedGene"
    },
    "HLCS": {
      "rank": 35,
      "id": 3141,
      "score": 0.0694,
      "status": "SeedGene"
    },
    "GAMT": {
      "rank": 36,
      "id": 2593,
      "score": 0.0692,
      "status": "SeedGene"
    },
    "OCRL": {
      "rank": 37,
      "id": 4952,
      "score": 0.0691,
      "status": "SeedGene"
    },
    "UBE3A": {
      "rank": 38,
      "id": 7337,
      "score": 0.0689,
      "status": "SeedGene"
    },
    "COX15": {
      "rank": 39,
      "id": 1355,
      "score": 0.0685,
      "status": "SeedGene"
    },
    "CREBBP": {
      "rank": 40,
      "id": 1387,
      "score": 0.0684,
      "status": "SeedGene"
    },
    "NDUFS1": {
      "rank": 41,
      "id": 4719,
      "score": 0.0683,
      "status": "SeedGene"
    },
    "NDUFS8": {
      "rank": 42,
      "id": 4728,
      "score": 0.0683,
      "status": "SeedGene"
    },
    "SDHA": {
      "rank": 43,
      "id": 6389,
      "score": 0.0682,
      "status": "SeedGene"
    },
    "NDUFS7": {
      "rank": 44,
      "id": 374291,
      "score": 0.0682,
      "status": "SeedGene"
    },
    "NDUFS4": {
      "rank": 45,
      "id": 4724,
      "score": 0.0682,
      "status": "SeedGene"
    },
    "NDUFA10": {
      "rank": 46,
      "id": 4705,
      "score": 0.0682,
      "status": "SeedGene"
    },
    "NDUFS3": {
      "rank": 47,
      "id": 4722,
      "score": 0.0682,
      "status": "SeedGene"
    },
    "NDUFV1": {
      "rank": 48,
      "id": 4723,
      "score": 0.0682,
      "status": "SeedGene"
    },
    "NDUFA2": {
      "rank": 49,
      "id": 4695,
      "score": 0.0682,
      "status": "SeedGene"
    },
    "CALM1": {
      "rank": 50,
      "id": 801,
      "score": 0.0678,
      "status": "SeedGene"
    },
    "COX6B1": {
      "rank": 51,
      "id": 1340,
      "score": 0.0677,
      "status": "SeedGene"
    },
    "DLD": {
      "rank": 52,
      "id": 1738,
      "score": 0.0674,
      "status": "SeedGene"
    },
    "GNAQ": {
      "rank": 53,
      "id": 2776,
      "score": 0.0666,
      "status": "SeedGene"
    },
    "INS": {
      "rank": 54,
      "id": 3630,
      "score": 0.0664,
      "status": "SeedGene"
    },
    "CALM2": {
      "rank": 55,
      "id": 805,
      "score": 0.0663,
      "status": "SeedGene"
    },
    "PC": {
      "rank": 56,
      "id": 5091,
      "score": 0.0663,
      "status": "SeedGene"
    },
    "NSDHL": {
      "rank": 57,
      "id": 50814,
      "score": 0.0654,
      "status": "SeedGene"
    },
    "ALG9": {
      "rank": 58,
      "id": 79796,
      "score": 0.0653,
      "status": "SeedGene"
    },
    "PAFAH1B1": {
      "rank": 59,
      "id": 5048,
      "score": 0.0652,
      "status": "SeedGene"
    },
    "GAA": {
      "rank": 60,
      "id": 2548,
      "score": 0.0652,
      "status": "SeedGene"
    },
    "GMPPA": {
      "rank": 61,
      "id": 29926,
      "score": 0.0652,
      "status": "SeedGene"
    },
    "PRKACA": {
      "rank": 62,
      "id": 5566,
      "score": 0.065,
      "status": "Predicted"
    },
    "ALG2": {
      "rank": 63,
      "id": 85365,
      "score": 0.0648,
      "status": "SeedGene"
    },
    "SLC46A1": {
      "rank": 64,
      "id": 113235,
      "score": 0.0647,
      "status": "SeedGene"
    },
    "UBA52": {
      "rank": 65,
      "id": 7311,
      "score": 0.0644,
      "status": "Predicted"
    },
    "RPS27A": {
      "rank": 66,
      "id": 6233,
      "score": 0.0642,
      "status": "Predicted"
    },
    "B4GALT1": {
      "rank": 67,
      "id": 2683,
      "score": 0.0641,
      "status": "SeedGene"
    },
    "UBB": {
      "rank": 68,
      "id": 7314,
      "score": 0.0639,
      "status": "Predicted"
    },
    "PDHX": {
      "rank": 69,
      "id": 8050,
      "score": 0.0638,
      "status": "SeedGene"
    },
    "PRPS1": {
      "rank": 70,
      "id": 5631,
      "score": 0.0638,
      "status": "SeedGene"
    },
    "KCNQ3": {
      "rank": 71,
      "id": 3786,
      "score": 0.0636,
      "status": "SeedGene"
    },
    "ASPA": {
      "rank": 72,
      "id": 443,
      "score": 0.0635,
      "status": "SeedGene"
    },
    "CALM3": {
      "rank": 73,
      "id": 808,
      "score": 0.0635,
      "status": "Predicted"
    },
    "EZH2": {
      "rank": 74,
      "id": 2146,
      "score": 0.0632,
      "status": "SeedGene"
    },
    "ACO2": {
      "rank": 75,
      "id": 50,
      "score": 0.063,
      "status": "SeedGene"
    },
    "ARSA": {
      "rank": 76,
      "id": 410,
      "score": 0.0629,
      "status": "SeedGene"
    },
    "UBC": {
      "rank": 77,
      "id": 7316,
      "score": 0.0627,
      "status": "Predicted"
    },
    "PCCA": {
      "rank": 78,
      "id": 5095,
      "score": 0.0626,
      "status": "SeedGene"
    },
    "PCCB": {
      "rank": 79,
      "id": 5096,
      "score": 0.0626,
      "status": "SeedGene"
    },
    "DHCR24": {
      "rank": 80,
      "id": 1718,
      "score": 0.0621,
      "status": "SeedGene"
    },
    "MTR": {
      "rank": 81,
      "id": 4548,
      "score": 0.0619,
      "status": "SeedGene"
    },
    "PAH": {
      "rank": 82,
      "id": 5053,
      "score": 0.0618,
      "status": "SeedGene"
    },
    "GNB1": {
      "rank": 83,
      "id": 2782,
      "score": 0.0617,
      "status": "SeedGene"
    },
    "COQ2": {
      "rank": 84,
      "id": 27235,
      "score": 0.0615,
      "status": "SeedGene"
    },
    "LRP2": {
      "rank": 85,
      "id": 4036,
      "score": 0.0614,
      "status": "SeedGene"
    },
    "ACADM": {
      "rank": 86,
      "id": 34,
      "score": 0.0613,
      "status": "SeedGene"
    },
    "GBA": {
      "rank": 87,
      "id": 2629,
      "score": 0.0612,
      "status": "SeedGene"
    },
    "ACTB": {
      "rank": 88,
      "id": 60,
      "score": 0.0611,
      "status": "SeedGene"
    },
    "PPP2R1A": {
      "rank": 89,
      "id": 5518,
      "score": 0.0607,
      "status": "SeedGene"
    },
    "PIK3R2": {
      "rank": 90,
      "id": 5296,
      "score": 0.06,
      "status": "SeedGene"
    },
    "SUMF1": {
      "rank": 91,
      "id": 285362,
      "score": 0.0594,
      "status": "SeedGene"
    },
    "SMPD1": {
      "rank": 92,
      "id": 6609,
      "score": 0.0594,
      "status": "SeedGene"
    },
    "IVD": {
      "rank": 93,
      "id": 3712,
      "score": 0.0594,
      "status": "SeedGene"
    },
    "SLC19A3": {
      "rank": 94,
      "id": 80704,
      "score": 0.0593,
      "status": "SeedGene"
    },
    "PRKACB": {
      "rank": 95,
      "id": 5567,
      "score": 0.0592,
      "status": "Predicted"
    },
    "PSMD12": {
      "rank": 96,
      "id": 5718,
      "score": 0.0592,
      "status": "SeedGene"
    },
    "ACADS": {
      "rank": 97,
      "id": 35,
      "score": 0.0591,
      "status": "SeedGene"
    },
    "PLCG1": {
      "rank": 98,
      "id": 5335,
      "score": 0.059,
      "status": "Predicted"
    },
    "PPP2CA": {
      "rank": 99,
      "id": 5515,
      "score": 0.059,
      "status": "SeedGene"
    },
    "PGM1": {
      "rank": 100,
      "id": 5236,
      "score": 0.0587,
      "status": "SeedGene"
    }
  }
}