{
  "query": {
    "HP:0001263": {
      "id": "HP:0001263",
      "status": "ok",
      "target": [
        "HP:0001263"
      ]
    },
    "HP:0000238": {
      "id": "HP:0000238",
      "status": "ok",
      "target": [
        "HP:0000238"
      ]
    },
    "HP:0001250": {
      "id": "HP:0001250",
      "status": "ok",
      "target": [
        "HP:0001250"
      ]
    }
  },
  "response": {
    "FGFR3": {
      "rank": 1,
      "id": 2261,
      "score": 1.0,
      "status": "SeedGene"
    },
    "POMT1": {
      "rank": 2,
      "id": 10585,
      "score": 0.9284,
      "status": "SeedGene"
    },
    "POMT2": {
      "rank": 3,
      "id": 29954,
      "score": 0.9284,
      "status": "SeedGene"
    },
    "POMGNT1": {
      "rank": 4,
      "id": 55624,
      "score": 0.8217,
      "status": "SeedGene"
    },
    "B3GALNT2": {
      "rank": 5,
      "id": 148789,
      "score": 0.7919,
      "status": "SeedGene"
    },
    "FKTN": {
      "rank": 6,
      "id": 2218,
      "score": 0.7885,
      "status": "SeedGene"
    },
    "FKRP": {
      "rank": 7,
      "id": 79147,
      "score": 0.7668,
      "status": "SeedGene"
    },
    "TP53": {
      "rank": 8,
      "id": 7157,
      "score": 0.6625,
      "status": "SeedGene"
    },
    "KIF7": {
      "rank": 9,
      "id": 374654,
      "score": 0.639,
      "status": "SeedGene"
    },
    "PIK3CA": {
      "rank": 10,
      "id": 5290,
      "score": 0.6135,
      "status": "SeedGene"
    },
    "TCIRG1": {
      "rank": 11,
      "id": 10312,
      "score": 0.6051,
      "status": "SeedGene"
    },
    "COL4A1": {
      "rank": 12,
      "id": 1282,
      "score": 0.5766,
      "status": "SeedGene"
    },
    "GMPPB": {
      "rank": 13,
      "id": 29925,
      "score": 0.5665,
      "status": "SeedGene"
    },
    "DAG1": {
      "rank": 14,
      "id": 1605,
      "score": 0.5441,
      "status": "SeedGene"
    },
    "AP1S2": {
      "rank": 15,
      "id": 8905,
      "score": 0.4974,
      "status": "SeedGene"
    },
    "DHCR7": {
      "rank": 16,
      "id": 1717,
      "score": 0.4773,
      "status": "SeedGene"
    },
    "SUMF1": {
      "rank": 17,
      "id": 285362,
      "score": 0.4655,
      "status": "SeedGene"
    },
    "KRAS": {
      "rank": 18,
      "id": 3845,
      "score": 0.4474,
      "status": "SeedGene"
    },
    "HRAS": {
      "rank": 19,
      "id": 3265,
      "score": 0.4379,
      "status": "SeedGene"
    },
    "OFD1": {
      "rank": 20,
      "id": 8481,
      "score": 0.4329,
      "status": "SeedGene"
    },
    "FGFR2": {
      "rank": 21,
      "id": 2263,
      "score": 0.4302,
      "status": "SeedGene"
    },
    "CLCN7": {
      "rank": 22,
      "id": 1186,
      "score": 0.4277,
      "status": "SeedGene"
    },
    "RBPJ": {
      "rank": 23,
      "id": 3516,
      "score": 0.414,
      "status": "SeedGene"
    },
    "PTEN": {
      "rank": 24,
      "id": 5728,
      "score": 0.4112,
      "status": "SeedGene"
    },
    "IDUA": {
      "rank": 25,
      "id": 3425,
      "score": 0.4023,
      "status": "SeedGene"
    },
    "PORCN": {
      "rank": 26,
      "id": 64840,
      "score": 0.4013,
      "status": "SeedGene"
    },
    "TNFSF11": {
      "rank": 27,
      "id": 8600,
      "score": 0.4,
      "status": "SeedGene"
    },
    "RECQL4": {
      "rank": 28,
      "id": 9401,
      "score": 0.3839,
      "status": "SeedGene"
    },
    "GALC": {
      "rank": 29,
      "id": 2581,
      "score": 0.3836,
      "status": "SeedGene"
    },
    "HYLS1": {
      "rank": 30,
      "id": 219844,
      "score": 0.379,
      "status": "SeedGene"
    },
    "DNMT3B": {
      "rank": 31,
      "id": 1789,
      "score": 0.3612,
      "status": "SeedGene"
    },
    "KDM6A": {
      "rank": 32,
      "id": 7403,
      "score": 0.3609,
      "status": "SeedGene"
    },
    "INPP5E": {
      "rank": 33,
      "id": 56623,
      "score": 0.3604,
      "status": "SeedGene"
    },
    "POMGNT2": {
      "rank": 34,
      "id": 84892,
      "score": 0.3586,
      "status": "SeedGene"
    },
    "MTM1": {
      "rank": 35,
      "id": 4534,
      "score": 0.3498,
      "status": "SeedGene"
    },
    "ARHGAP31": {
      "rank": 36,
      "id": 57514,
      "score": 0.3495,
      "status": "SeedGene"
    },
    "MED12": {
      "rank": 37,
      "id": 9968,
      "score": 0.3481,
      "status": "SeedGene"
    },
    "GPC3": {
      "rank": 38,
      "id": 2719,
      "score": 0.3438,
      "status": "SeedGene"
    },
    "GPC4": {
      "rank": 39,
      "id": 2239,
      "score": 0.3367,
      "status": "SeedGene"
    },
    "SNX10": {
      "rank": 40,
      "id": 29887,
      "score": 0.3351,
      "status": "SeedGene"
    },
    "CEP290": {
      "rank": 41,
      "id": 80184,
      "score": 0.3304,
      "status": "SeedGene"
    },
    "FGFR1": {
      "rank": 42,
      "id": 2260,
      "score": 0.3289,
      "status": "SeedGene"
    },
    "EP300": {
      "rank": 43,
      "id": 2033,
      "score": 0.3218,
      "status": "SeedGene"
    },
    "TMEM237": {
      "rank": 44,
      "id": 65062,
      "score": 0.3212,
      "status": "SeedGene"
    },
    "ARG1": {
      "rank": 45,
      "id": 383,
      "score": 0.3162,
      "status": "SeedGene"
    },
    "DOCK6": {
      "rank": 46,
      "id": 57572,
      "score": 0.3153,
      "status": "SeedGene"
    },
    "RPGRIP1L": {
      "rank": 47,
      "id": 23322,
      "score": 0.3126,
      "status": "SeedGene"
    },
    "KMT2D": {
      "rank": 48,
      "id": 8085,
      "score": 0.3118,
      "status": "SeedGene"
    },
    "PDHA1": {
      "rank": 49,
      "id": 5160,
      "score": 0.3112,
      "status": "SeedGene"
    },
    "GBA": {
      "rank": 50,
      "id": 2629,
      "score": 0.3102,
      "status": "SeedGene"
    },
    "ERCC6": {
      "rank": 51,
      "id": 2074,
      "score": 0.309,
      "status": "SeedGene"
    },
    "TSC2": {
      "rank": 52,
      "id": 7249,
      "score": 0.3079,
      "status": "SeedGene"
    },
    "ESCO2": {
      "rank": 53,
      "id": 157570,
      "score": 0.3076,
      "status": "SeedGene"
    },
    "B4GALT1": {
      "rank": 54,
      "id": 2683,
      "score": 0.3055,
      "status": "SeedGene"
    },
    "SLC2A1": {
      "rank": 55,
      "id": 6513,
      "score": 0.3053,
      "status": "SeedGene"
    },
    "AAAS": {
      "rank": 56,
      "id": 8086,
      "score": 0.3028,
      "status": "SeedGene"
    },
    "POMK": {
      "rank": 57,
      "id": 84197,
      "score": 0.2984,
      "status": "SeedGene"
    },
    "GNAQ": {
      "rank": 58,
      "id": 2776,
      "score": 0.2931,
      "status": "SeedGene"
    },
    "MTR": {
      "rank": 59,
      "id": 4548,
      "score": 0.2912,
      "status": "SeedGene"
    },
    "FH": {
      "rank": 60,
      "id": 2271,
      "score": 0.2911,
      "status": "SeedGene"
    },
    "L1CAM": {
      "rank": 61,
      "id": 3897,
      "score": 0.2881,
      "status": "SeedGene"
    },
    "PIK3R2": {
      "rank": 62,
      "id": 5296,
      "score": 0.286,
      "status": "SeedGene"
    },
    "ERCC8": {
      "rank": 63,
      "id": 1161,
      "score": 0.2858,
      "status": "SeedGene"
    },
    "MAP2K1": {
      "rank": 64,
      "id": 5604,
      "score": 0.2858,
      "status": "SeedGene"
    },
    "AKT1": {
      "rank": 65,
      "id": 207,
      "score": 0.2847,
      "status": "SeedGene"
    },
    "TSC1": {
      "rank": 66,
      "id": 7248,
      "score": 0.2845,
      "status": "SeedGene"
    },
    "PPP2R1A": {
      "rank": 67,
      "id": 5518,
      "score": 0.2833,
      "status": "SeedGene"
    },
    "GLI3": {
      "rank": 68,
      "id": 2737,
      "score": 0.2828,
      "status": "SeedGene"
    },
    "COX10": {
      "rank": 69,
      "id": 1352,
      "score": 0.2821,
      "status": "SeedGene"
    },
    "ACTB": {
      "rank": 70,
      "id": 60,
      "score": 0.2813,
      "status": "SeedGene"
    },
    "BRAF": {
      "rank": 71,
      "id": 673,
      "score": 0.2802,
      "status": "SeedGene"
    },
    "DHCR24": {
      "rank": 72,
      "id": 1718,
      "score": 0.2799,
      "status": "SeedGene"
    },
    "CREBBP": {
      "rank": 73,
      "id": 1387,
      "score": 0.2781,
      "status": "SeedGene"
    },
    "PTCH1": {
      "rank": 74,
      "id": 5727,
      "score": 0.2773,
      "status": "SeedGene"
    },
    "PAFAH1B1": {
      "rank": 75,
      "id": 5048,
      "score": 0.2753,
      "status": "SeedGene"
    },
    "TMEM67": {
      "rank": 76,
      "id": 91147,
      "score": 0.272,
      "status": "SeedGene"
    },
    "GMPPA": {
      "rank": 77,
      "id": 29926,
      "score": 0.2716,
      "status": "SeedGene"
    },
    "MMACHC": {
      "rank": 78,
      "id": 25974,
      "score": 0.2715,
      "status": "SeedGene"
    },
    "SLC17A5": {
      "rank": 79,
      "id": 26503,
      "score": 0.2709,
      "status": "SeedGene"
    },
    "ALG9": {
      "rank": 80,
      "id": 79796,
      "score": 0.2709,
      "status": "SeedGene"
    },
    "CALM1": {
      "rank": 81,
      "id": 801,
      "score": 0.2702,
      "status": "SeedGene"
    },
    "TMEM216": {
      "rank": 82,
      "id": 51259,
      "score": 0.2697,
      "status": "SeedGene"
    },
    "VHL": {
      "rank": 83,
      "id": 7428,
      "score": 0.2695,
      "status": "SeedGene"
    },
    "CTNNB1": {
      "rank": 84,
      "id": 1499,
      "score": 0.2691,
      "status": "SeedGene"
    },
    "PDGFB": {
      "rank": 85,
      "id": 5155,
      "score": 0.2677,
      "status": "SeedGene"
    },
    "MAP2K2": {
      "rank": 86,
      "id": 5605,
      "score": 0.2658,
      "status": "SeedGene"
    },
    "PDGFRB": {
      "rank": 87,
      "id": 5159,
      "score": 0.2644,
      "status": "SeedGene"
    },
    "CALM2": {
      "rank": 88,
      "id": 805,
      "score": 0.2641,
      "status": "SeedGene"
    },
    "AKT3": {
      "rank": 89,
      "id": 10000,
      "score": 0.2635,
      "status": "SeedGene"
    },
    "CEP41": {
      "rank": 90,
      "id": 95681,
      "score": 0.2635,
      "status": "SeedGene"
    },
    "CC2D2A": {
      "rank": 91,
      "id": 57545,
      "score": 0.2602,
      "status": "SeedGene"
    },
    "INS": {
      "rank": 92,
      "id": 3630,
      "score": 0.2596,
      "status": "SeedGene"
    },
    "PRKACA": {
      "rank": 93,
      "id": 5566,
      "score": 0.2592,
      "status": "Predicted"
    },
    "GCK": {
      "rank": 94,
      "id": 2645,
      "score": 0.2588,
      "status": "SeedGene"
    },
    "NF1": {
      "rank": 95,
      "id": 4763,
      "score": 0.2585,
      "status": "SeedGene"
    },
    "ACOX1": {
      "rank": 96,
      "id": 51,
      "score": 0.2572,
      "status": "SeedGene"
    },
    "ATP6V0A2": {
      "rank": 97,
      "id": 23545,
      "score": 0.2549,
      "status": "SeedGene"
    },
    "CALM3": {
      "rank": 98,
      "id": 808,
      "score": 0.2548,
      "status": "Predicted"
    },
    "EOGT": {
      "rank": 99,
      "id": 285203,
      "score": 0.2536,
      "status": "SeedGene"
    },
    "OCRL": {
      "rank": 100,
      "id": 4952,
      "score": 0.2532,
      "status": "SeedGene"
    }
  }
}