{
  "query": {
    "HP:0001263": {
      "id": "HP:0001263",
      "status": "ok",
      "target": [
        "HP:0001263"
      ]
    },
    "HP:0001999": {
      "id": "HP:0001999",
      "status": "ok",
      "target": [
        "HP:0001999"
      ]
    },
    "HP:0001252": {
      "id": "HP:0001252",
      "status": "ok",
      "target": [
        "HP:0001252"
      ]
    },
    "HP:0003202": {
      "id": "HP:0003202",
      "status": "ok",
      "target": [
        "HP:0003202"
      ]
    },
    "HP:0003560": {
      "id": "HP:0003560",
      "status": "ok",
      "target": [
        "HP:0003560"
      ]
    }
  },
  "response": {
    "DYSF": {
      "rank": 1,
      "id": 8291,
      "score": 1.0,
      "status": "SeedGene"
    },
    "ANO5": {
      "rank": 2,
      "id": 203859,
      "score": 0.8183,
      "status": "SeedGene"
    },
    "NR0B1": {
      "rank": 3,
      "id": 190,
      "score": 0.603,
      "status": "SeedGene"
    },
    "POMT1": {
      "rank": 4,
      "id": 10585,
      "score": 0.4835,
      "status": "SeedGene"
    },
    "POMT2": {
      "rank": 5,
      "id": 29954,
      "score": 0.4835,
      "status": "SeedGene"
    },
    "FKTN": {
      "rank": 6,
      "id": 2218,
      "score": 0.4584,
      "status": "SeedGene"
    },
    "POMGNT1": {
      "rank": 7,
      "id": 55624,
      "score": 0.4177,
      "status": "SeedGene"
    },
    "COL4A1": {
      "rank": 8,
      "id": 1282,
      "score": 0.4005,
      "status": "SeedGene"
    },
    "FKRP": {
      "rank": 9,
      "id": 79147,
      "score": 0.397,
      "status": "SeedGene"
    },
    "RYR1": {
      "rank": 10,
      "id": 6261,
      "score": 0.3964,
      "status": "SeedGene"
    },
    "LMNA": {
      "rank": 11,
      "id": 4000,
      "score": 0.3918,
      "status": "SeedGene"
    },
    "AKT1": {
      "rank": 12,
      "id": 207,
      "score": 0.3774,
      "status": "SeedGene"
    },
    "BUB1B": {
      "rank": 13,
      "id": 701,
      "score": 0.3733,
      "status": "SeedGene"
    },
    "BUB3": {
      "rank": 14,
      "id": 9184,
      "score": 0.3681,
      "status": "SeedGene"
    },
    "BUB1": {
      "rank": 15,
      "id": 699,
      "score": 0.3667,
      "status": "SeedGene"
    },
    "B3GALNT2": {
      "rank": 16,
      "id": 148789,
      "score": 0.364,
      "status": "SeedGene"
    },
    "KRAS": {
      "rank": 17,
      "id": 3845,
      "score": 0.3543,
      "status": "SeedGene"
    },
    "BRAF": {
      "rank": 18,
      "id": 673,
      "score": 0.3505,
      "status": "SeedGene"
    },
    "PTEN": {
      "rank": 19,
      "id": 5728,
      "score": 0.348,
      "status": "SeedGene"
    },
    "ATP6V0A2": {
      "rank": 20,
      "id": 23545,
      "score": 0.3354,
      "status": "SeedGene"
    },
    "TGFB1": {
      "rank": 21,
      "id": 7040,
      "score": 0.3319,
      "status": "SeedGene"
    },
    "COL6A1": {
      "rank": 22,
      "id": 1291,
      "score": 0.3286,
      "status": "SeedGene"
    },
    "COL6A3": {
      "rank": 23,
      "id": 1293,
      "score": 0.3282,
      "status": "SeedGene"
    },
    "SLC16A2": {
      "rank": 24,
      "id": 6567,
      "score": 0.3254,
      "status": "SeedGene"
    },
    "POMGNT2": {
      "rank": 25,
      "id": 84892,
      "score": 0.3254,
      "status": "SeedGene"
    },
    "RPS6KA3": {
      "rank": 26,
      "id": 6197,
      "score": 0.3236,
      "status": "SeedGene"
    },
    "PIK3CA": {
      "rank": 27,
      "id": 5290,
      "score": 0.3163,
      "status": "SeedGene"
    },
    "COL6A2": {
      "rank": 28,
      "id": 1292,
      "score": 0.3098,
      "status": "SeedGene"
    },
    "FGFR3": {
      "rank": 29,
      "id": 2261,
      "score": 0.3096,
      "status": "SeedGene"
    },
    "CEP57": {
      "rank": 30,
      "id": 9702,
      "score": 0.3074,
      "status": "SeedGene"
    },
    "ITGA7": {
      "rank": 31,
      "id": 3679,
      "score": 0.3074,
      "status": "SeedGene"
    },
    "PSMB8": {
      "rank": 32,
      "id": 5696,
      "score": 0.3051,
      "status": "SeedGene"
    },
    "CHKB": {
      "rank": 33,
      "id": 1120,
      "score": 0.3043,
      "status": "SeedGene"
    },
    "PRKAR1A": {
      "rank": 34,
      "id": 5573,
      "score": 0.3007,
      "status": "SeedGene"
    },
    "PABPN1": {
      "rank": 35,
      "id": 8106,
      "score": 0.2987,
      "status": "SeedGene"
    },
    "LAMA2": {
      "rank": 36,
      "id": 3908,
      "score": 0.2911,
      "status": "SeedGene"
    },
    "MAP2K1": {
      "rank": 37,
      "id": 5604,
      "score": 0.2887,
      "status": "SeedGene"
    },
    "PEX19": {
      "rank": 38,
      "id": 5824,
      "score": 0.2841,
      "status": "SeedGene"
    },
    "FBN1": {
      "rank": 39,
      "id": 2200,
      "score": 0.2796,
      "status": "SeedGene"
    },
    "RAF1": {
      "rank": 40,
      "id": 5894,
      "score": 0.2791,
      "status": "SeedGene"
    },
    "SIL1": {
      "rank": 41,
      "id": 64374,
      "score": 0.2778,
      "status": "SeedGene"
    },
    "WRN": {
      "rank": 42,
      "id": 7486,
      "score": 0.2732,
      "status": "SeedGene"
    },
    "DAG1": {
      "rank": 43,
      "id": 1605,
      "score": 0.2683,
      "status": "SeedGene"
    },
    "MAP2K2": {
      "rank": 44,
      "id": 5605,
      "score": 0.2679,
      "status": "SeedGene"
    },
    "EZH2": {
      "rank": 45,
      "id": 2146,
      "score": 0.2609,
      "status": "SeedGene"
    },
    "TMEM237": {
      "rank": 46,
      "id": 65062,
      "score": 0.2574,
      "status": "SeedGene"
    },
    "PEX7": {
      "rank": 47,
      "id": 5191,
      "score": 0.2572,
      "status": "SeedGene"
    },
    "KIF7": {
      "rank": 48,
      "id": 374654,
      "score": 0.2571,
      "status": "SeedGene"
    },
    "INPP5E": {
      "rank": 49,
      "id": 56623,
      "score": 0.2561,
      "status": "SeedGene"
    },
    "SMCHD1": {
      "rank": 50,
      "id": 23347,
      "score": 0.2549,
      "status": "SeedGene"
    },
    "CAPN3": {
      "rank": 51,
      "id": 825,
      "score": 0.2519,
      "status": "SeedGene"
    },
    "PEX10": {
      "rank": 52,
      "id": 5192,
      "score": 0.2492,
      "status": "SeedGene"
    },
    "GMPPB": {
      "rank": 53,
      "id": 29925,
      "score": 0.249,
      "status": "SeedGene"
    },
    "PEX3": {
      "rank": 54,
      "id": 8504,
      "score": 0.2489,
      "status": "SeedGene"
    },
    "RAI1": {
      "rank": 55,
      "id": 10743,
      "score": 0.2486,
      "status": "SeedGene"
    },
    "TSHR": {
      "rank": 56,
      "id": 7253,
      "score": 0.246,
      "status": "SeedGene"
    },
    "PEX6": {
      "rank": 57,
      "id": 5190,
      "score": 0.2457,
      "status": "SeedGene"
    },
    "PSAT1": {
      "rank": 58,
      "id": 29968,
      "score": 0.2456,
      "status": "SeedGene"
    },
    "IDUA": {
      "rank": 59,
      "id": 3425,
      "score": 0.2453,
      "status": "SeedGene"
    },
    "POMK": {
      "rank": 60,
      "id": 84197,
      "score": 0.2433,
      "status": "SeedGene"
    },
    "DPM1": {
      "rank": 61,
      "id": 8813,
      "score": 0.2411,
      "status": "SeedGene"
    },
    "INPP5K": {
      "rank": 62,
      "id": 51763,
      "score": 0.241,
      "status": "SeedGene"
    },
    "PEX5": {
      "rank": 63,
      "id": 5830,
      "score": 0.2406,
      "status": "SeedGene"
    },
    "ACTB": {
      "rank": 64,
      "id": 60,
      "score": 0.239,
      "status": "SeedGene"
    },
    "SMARCA4": {
      "rank": 65,
      "id": 6597,
      "score": 0.2386,
      "status": "SeedGene"
    },
    "FRG1": {
      "rank": 66,
      "id": 2483,
      "score": 0.2383,
      "status": "SeedGene"
    },
    "PRKACA": {
      "rank": 67,
      "id": 5566,
      "score": 0.236,
      "status": "SeedGene"
    },
    "CAV3": {
      "rank": 68,
      "id": 859,
      "score": 0.2358,
      "status": "SeedGene"
    },
    "PHYH": {
      "rank": 69,
      "id": 5264,
      "score": 0.2335,
      "status": "SeedGene"
    },
    "HNRNPA1": {
      "rank": 70,
      "id": 3178,
      "score": 0.233,
      "status": "SeedGene"
    },
    "NRAS": {
      "rank": 71,
      "id": 4893,
      "score": 0.233,
      "status": "SeedGene"
    },
    "DPM3": {
      "rank": 72,
      "id": 54344,
      "score": 0.2328,
      "status": "SeedGene"
    },
    "FLNA": {
      "rank": 73,
      "id": 2316,
      "score": 0.2321,
      "status": "SeedGene"
    },
    "PHGDH": {
      "rank": 74,
      "id": 26227,
      "score": 0.2317,
      "status": "SeedGene"
    },
    "PEX12": {
      "rank": 75,
      "id": 5193,
      "score": 0.23,
      "status": "SeedGene"
    },
    "EP300": {
      "rank": 76,
      "id": 2033,
      "score": 0.2287,
      "status": "SeedGene"
    },
    "PEX1": {
      "rank": 77,
      "id": 5189,
      "score": 0.2265,
      "status": "SeedGene"
    },
    "AHCY": {
      "rank": 78,
      "id": 191,
      "score": 0.2241,
      "status": "SeedGene"
    },
    "PDHA1": {
      "rank": 79,
      "id": 5160,
      "score": 0.2211,
      "status": "SeedGene"
    },
    "OFD1": {
      "rank": 80,
      "id": 8481,
      "score": 0.219,
      "status": "SeedGene"
    },
    "SLC26A4": {
      "rank": 81,
      "id": 5172,
      "score": 0.2182,
      "status": "SeedGene"
    },
    "PEX2": {
      "rank": 82,
      "id": 5828,
      "score": 0.2178,
      "status": "SeedGene"
    },
    "SOS1": {
      "rank": 83,
      "id": 6654,
      "score": 0.2175,
      "status": "SeedGene"
    },
    "MVK": {
      "rank": 84,
      "id": 4598,
      "score": 0.2171,
      "status": "SeedGene"
    },
    "GK": {
      "rank": 85,
      "id": 2710,
      "score": 0.2163,
      "status": "SeedGene"
    },
    "PAFAH1B1": {
      "rank": 86,
      "id": 5048,
      "score": 0.2151,
      "status": "SeedGene"
    },
    "PEX26": {
      "rank": 87,
      "id": 55670,
      "score": 0.2125,
      "status": "SeedGene"
    },
    "TTN": {
      "rank": 88,
      "id": 7273,
      "score": 0.2115,
      "status": "SeedGene"
    },
    "PEX14": {
      "rank": 89,
      "id": 5195,
      "score": 0.2115,
      "status": "SeedGene"
    },
    "PEX16": {
      "rank": 90,
      "id": 9409,
      "score": 0.2108,
      "status": "SeedGene"
    },
    "CALM1": {
      "rank": 91,
      "id": 801,
      "score": 0.2099,
      "status": "Predicted"
    },
    "CALM2": {
      "rank": 92,
      "id": 805,
      "score": 0.2094,
      "status": "Predicted"
    },
    "ACTA1": {
      "rank": 93,
      "id": 58,
      "score": 0.2092,
      "status": "SeedGene"
    },
    "PEX13": {
      "rank": 94,
      "id": 5194,
      "score": 0.2092,
      "status": "SeedGene"
    },
    "PTPN11": {
      "rank": 95,
      "id": 5781,
      "score": 0.2075,
      "status": "SeedGene"
    },
    "DMD": {
      "rank": 96,
      "id": 1756,
      "score": 0.207,
      "status": "SeedGene"
    },
    "CALM3": {
      "rank": 97,
      "id": 808,
      "score": 0.2064,
      "status": "Predicted"
    },
    "SLC7A7": {
      "rank": 98,
      "id": 9056,
      "score": 0.206,
      "status": "SeedGene"
    },
    "CREBBP": {
      "rank": 99,
      "id": 1387,
      "score": 0.2058,
      "status": "SeedGene"
    },
    "ATM": {
      "rank": 100,
      "id": 472,
      "score": 0.2057,
      "status": "SeedGene"
    }
  }
}