{
  "query": {
    "HP:0002804": {
      "id": "HP:0002804",
      "status": "ok",
      "target": [
        "HP:0002804"
      ]
    },
    "HP:0001533": {
      "id": "HP:0001533",
      "status": "ok",
      "target": [
        "HP:0001533"
      ]
    },
    "HP:0000518": {
      "id": "HP:0000518",
      "status": "ok",
      "target": [
        "HP:0000518"
      ]
    },
    "HP:0001999": {
      "id": "HP:0001999",
      "status": "ok",
      "target": [
        "HP:0001999"
      ]
    },
    "HP:0001328": {
      "id": "HP:0001328",
      "status": "ok",
      "target": [
        "HP:0001328"
      ]
    },
    "HP:0001324": {
      "id": "HP:0001324",
      "status": "ok",
      "target": [
        "HP:0001324"
      ]
    },
    "HP:0003560": {
      "id": "HP:0003560",
      "status": "ok",
      "target": [
        "HP:0003560"
      ]
    },
    "HP:0002650": {
      "id": "HP:0002650",
      "status": "ok",
      "target": [
        "HP:0002650"
      ]
    },
    "HP:0004322": {
      "id": "HP:0004322",
      "status": "ok",
      "target": [
        "HP:0004322"
      ]
    }
  },
  "response": {
    "TGFB1": {
      "rank": 1,
      "id": 7040,
      "score": 1.0,
      "status": "SeedGene"
    },
    "NSDHL": {
      "rank": 2,
      "id": 50814,
      "score": 0.7209,
      "status": "SeedGene"
    },
    "PSMB8": {
      "rank": 3,
      "id": 5696,
      "score": 0.6644,
      "status": "SeedGene"
    },
    "KAT6B": {
      "rank": 4,
      "id": 23522,
      "score": 0.4896,
      "status": "SeedGene"
    },
    "DYSF": {
      "rank": 5,
      "id": 8291,
      "score": 0.4571,
      "status": "SeedGene"
    },
    "HSPG2": {
      "rank": 6,
      "id": 3339,
      "score": 0.4329,
      "status": "SeedGene"
    },
    "ELN": {
      "rank": 7,
      "id": 2006,
      "score": 0.3772,
      "status": "SeedGene"
    },
    "ANO5": {
      "rank": 8,
      "id": 203859,
      "score": 0.3763,
      "status": "SeedGene"
    },
    "ERCC2": {
      "rank": 9,
      "id": 2068,
      "score": 0.3612,
      "status": "SeedGene"
    },
    "COL6A1": {
      "rank": 10,
      "id": 1291,
      "score": 0.3484,
      "status": "SeedGene"
    },
    "COL6A3": {
      "rank": 11,
      "id": 1293,
      "score": 0.3477,
      "status": "SeedGene"
    },
    "ERCC6": {
      "rank": 12,
      "id": 2074,
      "score": 0.3476,
      "status": "SeedGene"
    },
    "COL6A2": {
      "rank": 13,
      "id": 1292,
      "score": 0.3281,
      "status": "SeedGene"
    },
    "ERCC1": {
      "rank": 14,
      "id": 2067,
      "score": 0.317,
      "status": "SeedGene"
    },
    "LMNA": {
      "rank": 15,
      "id": 4000,
      "score": 0.3108,
      "status": "SeedGene"
    },
    "BLM": {
      "rank": 16,
      "id": 641,
      "score": 0.3085,
      "status": "SeedGene"
    },
    "PRKAR1A": {
      "rank": 17,
      "id": 5573,
      "score": 0.308,
      "status": "SeedGene"
    },
    "WRN": {
      "rank": 18,
      "id": 7486,
      "score": 0.3075,
      "status": "SeedGene"
    },
    "ERCC5": {
      "rank": 19,
      "id": 2073,
      "score": 0.3031,
      "status": "SeedGene"
    },
    "PRKACA": {
      "rank": 20,
      "id": 5566,
      "score": 0.3027,
      "status": "SeedGene"
    },
    "BRAF": {
      "rank": 21,
      "id": 673,
      "score": 0.3016,
      "status": "SeedGene"
    },
    "PLOD2": {
      "rank": 22,
      "id": 5352,
      "score": 0.2967,
      "status": "SeedGene"
    },
    "KRAS": {
      "rank": 23,
      "id": 3845,
      "score": 0.2912,
      "status": "SeedGene"
    },
    "NR0B1": {
      "rank": 24,
      "id": 190,
      "score": 0.2905,
      "status": "SeedGene"
    },
    "ACTA1": {
      "rank": 25,
      "id": 58,
      "score": 0.2757,
      "status": "SeedGene"
    },
    "COL2A1": {
      "rank": 26,
      "id": 1280,
      "score": 0.2726,
      "status": "SeedGene"
    },
    "POMT1": {
      "rank": 27,
      "id": 10585,
      "score": 0.27,
      "status": "SeedGene"
    },
    "POMT2": {
      "rank": 28,
      "id": 29954,
      "score": 0.27,
      "status": "SeedGene"
    },
    "RAF1": {
      "rank": 29,
      "id": 5894,
      "score": 0.2619,
      "status": "SeedGene"
    },
    "FKBP10": {
      "rank": 30,
      "id": 60681,
      "score": 0.2524,
      "status": "SeedGene"
    },
    "RPS6KA3": {
      "rank": 31,
      "id": 6197,
      "score": 0.2485,
      "status": "SeedGene"
    },
    "FKTN": {
      "rank": 32,
      "id": 2218,
      "score": 0.2428,
      "status": "SeedGene"
    },
    "COL4A1": {
      "rank": 33,
      "id": 1282,
      "score": 0.2352,
      "status": "SeedGene"
    },
    "POMGNT1": {
      "rank": 34,
      "id": 55624,
      "score": 0.2331,
      "status": "SeedGene"
    },
    "MAP2K2": {
      "rank": 35,
      "id": 5605,
      "score": 0.2329,
      "status": "SeedGene"
    },
    "LIMK1": {
      "rank": 36,
      "id": 3984,
      "score": 0.2287,
      "status": "SeedGene"
    },
    "MLXIPL": {
      "rank": 37,
      "id": 51085,
      "score": 0.2251,
      "status": "SeedGene"
    },
    "RAPSN": {
      "rank": 38,
      "id": 5913,
      "score": 0.2241,
      "status": "SeedGene"
    },
    "MAP2K1": {
      "rank": 39,
      "id": 5604,
      "score": 0.2238,
      "status": "SeedGene"
    },
    "AKT1": {
      "rank": 40,
      "id": 207,
      "score": 0.2232,
      "status": "SeedGene"
    },
    "SPRED1": {
      "rank": 41,
      "id": 161742,
      "score": 0.223,
      "status": "SeedGene"
    },
    "PTEN": {
      "rank": 42,
      "id": 5728,
      "score": 0.2222,
      "status": "SeedGene"
    },
    "TPM3": {
      "rank": 43,
      "id": 7170,
      "score": 0.2206,
      "status": "SeedGene"
    },
    "NRAS": {
      "rank": 44,
      "id": 4893,
      "score": 0.2151,
      "status": "SeedGene"
    },
    "DOK7": {
      "rank": 45,
      "id": 285489,
      "score": 0.214,
      "status": "SeedGene"
    },
    "PIK3CA": {
      "rank": 46,
      "id": 5290,
      "score": 0.2132,
      "status": "SeedGene"
    },
    "FKRP": {
      "rank": 47,
      "id": 79147,
      "score": 0.2131,
      "status": "SeedGene"
    },
    "MED12": {
      "rank": 48,
      "id": 9968,
      "score": 0.2114,
      "status": "SeedGene"
    },
    "SOS1": {
      "rank": 49,
      "id": 6654,
      "score": 0.2103,
      "status": "SeedGene"
    },
    "LAMA2": {
      "rank": 50,
      "id": 3908,
      "score": 0.2087,
      "status": "SeedGene"
    },
    "POLR3A": {
      "rank": 51,
      "id": 11128,
      "score": 0.2081,
      "status": "SeedGene"
    },
    "TPM2": {
      "rank": 52,
      "id": 7169,
      "score": 0.2061,
      "status": "SeedGene"
    },
    "TUBB4A": {
      "rank": 53,
      "id": 10382,
      "score": 0.2058,
      "status": "SeedGene"
    },
    "ACTB": {
      "rank": 54,
      "id": 60,
      "score": 0.2045,
      "status": "SeedGene"
    },
    "NF1": {
      "rank": 55,
      "id": 4763,
      "score": 0.2043,
      "status": "SeedGene"
    },
    "GBE1": {
      "rank": 56,
      "id": 2632,
      "score": 0.204,
      "status": "SeedGene"
    },
    "PTPN11": {
      "rank": 57,
      "id": 5781,
      "score": 0.2034,
      "status": "SeedGene"
    },
    "GNPTAB": {
      "rank": 58,
      "id": 79158,
      "score": 0.2031,
      "status": "SeedGene"
    },
    "TSC2": {
      "rank": 59,
      "id": 7249,
      "score": 0.2031,
      "status": "SeedGene"
    },
    "PDE11A": {
      "rank": 60,
      "id": 50940,
      "score": 0.203,
      "status": "SeedGene"
    },
    "BUB3": {
      "rank": 61,
      "id": 9184,
      "score": 0.2027,
      "status": "SeedGene"
    },
    "BUB1B": {
      "rank": 62,
      "id": 701,
      "score": 0.2016,
      "status": "SeedGene"
    },
    "FGFR3": {
      "rank": 63,
      "id": 2261,
      "score": 0.2016,
      "status": "SeedGene"
    },
    "EP300": {
      "rank": 64,
      "id": 2033,
      "score": 0.201,
      "status": "SeedGene"
    },
    "VIPAS39": {
      "rank": 65,
      "id": 63894,
      "score": 0.2001,
      "status": "SeedGene"
    },
    "NEB": {
      "rank": 66,
      "id": 4703,
      "score": 0.1988,
      "status": "SeedGene"
    },
    "ITGA7": {
      "rank": 67,
      "id": 3679,
      "score": 0.1977,
      "status": "SeedGene"
    },
    "RFC2": {
      "rank": 68,
      "id": 5982,
      "score": 0.1977,
      "status": "SeedGene"
    },
    "GRIA3": {
      "rank": 69,
      "id": 2892,
      "score": 0.1976,
      "status": "SeedGene"
    },
    "DAG1": {
      "rank": 70,
      "id": 1605,
      "score": 0.1974,
      "status": "SeedGene"
    },
    "RYR1": {
      "rank": 71,
      "id": 6261,
      "score": 0.1969,
      "status": "SeedGene"
    },
    "PDE8B": {
      "rank": 72,
      "id": 8622,
      "score": 0.1955,
      "status": "SeedGene"
    },
    "VPS33B": {
      "rank": 73,
      "id": 26276,
      "score": 0.1947,
      "status": "SeedGene"
    },
    "BUB1": {
      "rank": 74,
      "id": 699,
      "score": 0.1946,
      "status": "SeedGene"
    },
    "CEP290": {
      "rank": 75,
      "id": 80184,
      "score": 0.1932,
      "status": "SeedGene"
    },
    "PIK3R1": {
      "rank": 76,
      "id": 5295,
      "score": 0.1892,
      "status": "SeedGene"
    },
    "TSC1": {
      "rank": 77,
      "id": 7248,
      "score": 0.188,
      "status": "SeedGene"
    },
    "B3GALNT2": {
      "rank": 78,
      "id": 148789,
      "score": 0.1866,
      "status": "SeedGene"
    },
    "CREBBP": {
      "rank": 79,
      "id": 1387,
      "score": 0.1863,
      "status": "SeedGene"
    },
    "IKBKG": {
      "rank": 80,
      "id": 8517,
      "score": 0.1852,
      "status": "SeedGene"
    },
    "PEX7": {
      "rank": 81,
      "id": 5191,
      "score": 0.1843,
      "status": "SeedGene"
    },
    "KBTBD13": {
      "rank": 82,
      "id": 390594,
      "score": 0.1833,
      "status": "SeedGene"
    },
    "CHKB": {
      "rank": 83,
      "id": 1120,
      "score": 0.1823,
      "status": "SeedGene"
    },
    "EIF4H": {
      "rank": 84,
      "id": 7458,
      "score": 0.1808,
      "status": "SeedGene"
    },
    "INS": {
      "rank": 85,
      "id": 3630,
      "score": 0.1791,
      "status": "SeedGene"
    },
    "SMARCA4": {
      "rank": 86,
      "id": 6597,
      "score": 0.1777,
      "status": "SeedGene"
    },
    "TP53": {
      "rank": 87,
      "id": 7157,
      "score": 0.1769,
      "status": "SeedGene"
    },
    "FBN2": {
      "rank": 88,
      "id": 2201,
      "score": 0.1766,
      "status": "SeedGene"
    },
    "CALM1": {
      "rank": 89,
      "id": 801,
      "score": 0.1748,
      "status": "Predicted"
    },
    "CALM2": {
      "rank": 90,
      "id": 805,
      "score": 0.174,
      "status": "Predicted"
    },
    "TYMP": {
      "rank": 91,
      "id": 1890,
      "score": 0.1735,
      "status": "SeedGene"
    },
    "NOTCH2": {
      "rank": 92,
      "id": 4853,
      "score": 0.1734,
      "status": "SeedGene"
    },
    "TRIM32": {
      "rank": 93,
      "id": 22954,
      "score": 0.1722,
      "status": "SeedGene"
    },
    "PSMD12": {
      "rank": 94,
      "id": 5718,
      "score": 0.1716,
      "status": "SeedGene"
    },
    "CALM3": {
      "rank": 95,
      "id": 808,
      "score": 0.1708,
      "status": "Predicted"
    },
    "PRKCA": {
      "rank": 96,
      "id": 5578,
      "score": 0.1705,
      "status": "Predicted"
    },
    "RAC1": {
      "rank": 97,
      "id": 5879,
      "score": 0.1704,
      "status": "SeedGene"
    },
    "TRPV4": {
      "rank": 98,
      "id": 59341,
      "score": 0.1686,
      "status": "SeedGene"
    },
    "STRADA": {
      "rank": 99,
      "id": 92335,
      "score": 0.1685,
      "status": "SeedGene"
    },
    "OCRL": {
      "rank": 100,
      "id": 4952,
      "score": 0.1684,
      "status": "SeedGene"
    }
  }
}