{
  "query": {
    "HP:0003113": {
      "id": "HP:0003113",
      "status": "ok",
      "target": [
        "HP:0003113"
      ]
    },
    "HP:0002900": {
      "id": "HP:0002900",
      "status": "ok",
      "target": [
        "HP:0002900"
      ]
    },
    "HP:0002902": {
      "id": "HP:0002902",
      "status": "ok",
      "target": [
        "HP:0002902"
      ]
    },
    "HP:0001254": {
      "id": "HP:0001254",
      "status": "ok",
      "target": [
        "HP:0001254"
      ]
    }
  },
  "response": {
    "OCRL": {
      "rank": 1,
      "id": 4952,
      "score": 1.0,
      "status": "SeedGene"
    },
    "CLCNKB": {
      "rank": 2,
      "id": 1188,
      "score": 0.4556,
      "status": "SeedGene"
    },
    "SCN4A": {
      "rank": 3,
      "id": 6329,
      "score": 0.4259,
      "status": "SeedGene"
    },
    "CACNA1S": {
      "rank": 4,
      "id": 779,
      "score": 0.4137,
      "status": "SeedGene"
    },
    "SCNN1G": {
      "rank": 5,
      "id": 6340,
      "score": 0.3977,
      "status": "SeedGene"
    },
    "SCNN1B": {
      "rank": 6,
      "id": 6338,
      "score": 0.3977,
      "status": "SeedGene"
    },
    "CTNS": {
      "rank": 7,
      "id": 1497,
      "score": 0.3392,
      "status": "SeedGene"
    },
    "CLCNKA": {
      "rank": 8,
      "id": 1187,
      "score": 0.3392,
      "status": "SeedGene"
    },
    "AVPR2": {
      "rank": 9,
      "id": 554,
      "score": 0.3012,
      "status": "SeedGene"
    },
    "SLC26A3": {
      "rank": 10,
      "id": 1811,
      "score": 0.2944,
      "status": "SeedGene"
    },
    "BSND": {
      "rank": 11,
      "id": 7809,
      "score": 0.2837,
      "status": "SeedGene"
    },
    "NR0B1": {
      "rank": 12,
      "id": 190,
      "score": 0.2739,
      "status": "SeedGene"
    },
    "MAGED2": {
      "rank": 13,
      "id": 10916,
      "score": 0.2716,
      "status": "SeedGene"
    },
    "SLC12A1": {
      "rank": 14,
      "id": 6557,
      "score": 0.2322,
      "status": "SeedGene"
    },
    "KCNJ1": {
      "rank": 15,
      "id": 3758,
      "score": 0.2319,
      "status": "SeedGene"
    },
    "KCNJ10": {
      "rank": 16,
      "id": 3766,
      "score": 0.1795,
      "status": "SeedGene"
    },
    "GABRA3": {
      "rank": 17,
      "id": 2556,
      "score": 0.1769,
      "status": "SeedGene"
    },
    "PRF1": {
      "rank": 18,
      "id": 5551,
      "score": 0.1734,
      "status": "SeedGene"
    },
    "SLC12A3": {
      "rank": 19,
      "id": 6559,
      "score": 0.1654,
      "status": "SeedGene"
    },
    "HSD11B2": {
      "rank": 20,
      "id": 3291,
      "score": 0.1491,
      "status": "SeedGene"
    },
    "KCNE3": {
      "rank": 21,
      "id": 10008,
      "score": 0.1428,
      "status": "SeedGene"
    },
    "CYP11B2": {
      "rank": 22,
      "id": 1585,
      "score": 0.1396,
      "status": "SeedGene"
    },
    "HMBS": {
      "rank": 23,
      "id": 3145,
      "score": 0.139,
      "status": "SeedGene"
    },
    "KCNJ18": {
      "rank": 24,
      "id": 100134444,
      "score": 0.1346,
      "status": "SeedGene"
    },
    "SCNN1A": {
      "rank": 25,
      "id": 6337,
      "score": 0.1279,
      "status": "SeedGene"
    },
    "CYP11B1": {
      "rank": 26,
      "id": 1584,
      "score": 0.121,
      "status": "SeedGene"
    },
    "AIP": {
      "rank": 27,
      "id": 9049,
      "score": 0.1075,
      "status": "SeedGene"
    },
    "ASL": {
      "rank": 28,
      "id": 435,
      "score": 0.1071,
      "status": "SeedGene"
    },
    "SLC2A2": {
      "rank": 29,
      "id": 6514,
      "score": 0.1045,
      "status": "SeedGene"
    },
    "CALM1": {
      "rank": 30,
      "id": 801,
      "score": 0.0922,
      "status": "SeedGene"
    },
    "CYP11A1": {
      "rank": 31,
      "id": 1583,
      "score": 0.0921,
      "status": "SeedGene"
    },
    "CALM2": {
      "rank": 32,
      "id": 805,
      "score": 0.0921,
      "status": "SeedGene"
    },
    "NUP214": {
      "rank": 33,
      "id": 8021,
      "score": 0.0902,
      "status": "SeedGene"
    },
    "CA12": {
      "rank": 34,
      "id": 771,
      "score": 0.0877,
      "status": "SeedGene"
    },
    "HSD3B2": {
      "rank": 35,
      "id": 3284,
      "score": 0.0857,
      "status": "SeedGene"
    },
    "STXBP2": {
      "rank": 36,
      "id": 6813,
      "score": 0.0856,
      "status": "SeedGene"
    },
    "UNC13D": {
      "rank": 37,
      "id": 201294,
      "score": 0.084,
      "status": "SeedGene"
    },
    "STX11": {
      "rank": 38,
      "id": 8676,
      "score": 0.0831,
      "status": "SeedGene"
    },
    "STAR": {
      "rank": 39,
      "id": 6770,
      "score": 0.081,
      "status": "SeedGene"
    },
    "CPOX": {
      "rank": 40,
      "id": 1371,
      "score": 0.0802,
      "status": "SeedGene"
    },
    "NNT": {
      "rank": 41,
      "id": 23530,
      "score": 0.0801,
      "status": "SeedGene"
    },
    "SLC2A1": {
      "rank": 42,
      "id": 6513,
      "score": 0.0798,
      "status": "SeedGene"
    },
    "CACNA1D": {
      "rank": 43,
      "id": 776,
      "score": 0.0796,
      "status": "SeedGene"
    },
    "MC2R": {
      "rank": 44,
      "id": 4158,
      "score": 0.0788,
      "status": "SeedGene"
    },
    "SLC22A5": {
      "rank": 45,
      "id": 6584,
      "score": 0.0787,
      "status": "SeedGene"
    },
    "SARS2": {
      "rank": 46,
      "id": 54938,
      "score": 0.0786,
      "status": "SeedGene"
    },
    "NR3C2": {
      "rank": 47,
      "id": 4306,
      "score": 0.0761,
      "status": "SeedGene"
    },
    "SLC39A4": {
      "rank": 48,
      "id": 55630,
      "score": 0.0754,
      "status": "SeedGene"
    },
    "NFKB2": {
      "rank": 49,
      "id": 4791,
      "score": 0.0741,
      "status": "SeedGene"
    },
    "SLC4A1": {
      "rank": 50,
      "id": 6521,
      "score": 0.0738,
      "status": "SeedGene"
    },
    "KCNQ1": {
      "rank": 51,
      "id": 3784,
      "score": 0.072,
      "status": "SeedGene"
    },
    "PCCA": {
      "rank": 52,
      "id": 5095,
      "score": 0.0717,
      "status": "SeedGene"
    },
    "PCCB": {
      "rank": 53,
      "id": 5096,
      "score": 0.0717,
      "status": "SeedGene"
    },
    "ACADM": {
      "rank": 54,
      "id": 34,
      "score": 0.0716,
      "status": "SeedGene"
    },
    "ATP1A1": {
      "rank": 55,
      "id": 476,
      "score": 0.0709,
      "status": "SeedGene"
    },
    "PDHA1": {
      "rank": 56,
      "id": 5160,
      "score": 0.0696,
      "status": "SeedGene"
    },
    "FXYD2": {
      "rank": 57,
      "id": 486,
      "score": 0.0693,
      "status": "SeedGene"
    },
    "AMT": {
      "rank": 58,
      "id": 275,
      "score": 0.0693,
      "status": "SeedGene"
    },
    "GLDC": {
      "rank": 59,
      "id": 2731,
      "score": 0.0692,
      "status": "SeedGene"
    },
    "ACADS": {
      "rank": 60,
      "id": 35,
      "score": 0.0692,
      "status": "SeedGene"
    },
    "GCSH": {
      "rank": 61,
      "id": 2653,
      "score": 0.0689,
      "status": "SeedGene"
    },
    "SMAD4": {
      "rank": 62,
      "id": 4089,
      "score": 0.0687,
      "status": "SeedGene"
    },
    "DPYS": {
      "rank": 63,
      "id": 1807,
      "score": 0.0658,
      "status": "SeedGene"
    },
    "DPYD": {
      "rank": 64,
      "id": 1806,
      "score": 0.0658,
      "status": "SeedGene"
    },
    "HLCS": {
      "rank": 65,
      "id": 3141,
      "score": 0.0657,
      "status": "SeedGene"
    },
    "KCNH2": {
      "rank": 66,
      "id": 3757,
      "score": 0.0652,
      "status": "SeedGene"
    },
    "KCNJ2": {
      "rank": 67,
      "id": 3759,
      "score": 0.0649,
      "status": "SeedGene"
    },
    "TXNRD2": {
      "rank": 68,
      "id": 10587,
      "score": 0.0647,
      "status": "SeedGene"
    },
    "FBP1": {
      "rank": 69,
      "id": 2203,
      "score": 0.0646,
      "status": "SeedGene"
    },
    "SLC26A4": {
      "rank": 70,
      "id": 5172,
      "score": 0.0642,
      "status": "SeedGene"
    },
    "TBX19": {
      "rank": 71,
      "id": 9095,
      "score": 0.064,
      "status": "SeedGene"
    },
    "IVD": {
      "rank": 72,
      "id": 3712,
      "score": 0.0631,
      "status": "SeedGene"
    },
    "TDP2": {
      "rank": 73,
      "id": 51567,
      "score": 0.0631,
      "status": "SeedGene"
    },
    "ELP1": {
      "rank": 74,
      "id": 8518,
      "score": 0.0629,
      "status": "SeedGene"
    },
    "PLVAP": {
      "rank": 75,
      "id": 83483,
      "score": 0.0629,
      "status": "SeedGene"
    },
    "MRAP": {
      "rank": 76,
      "id": 56246,
      "score": 0.0629,
      "status": "SeedGene"
    },
    "SAMD9": {
      "rank": 77,
      "id": 54809,
      "score": 0.0629,
      "status": "SeedGene"
    },
    "KCNE1": {
      "rank": 78,
      "id": 3753,
      "score": 0.0623,
      "status": "SeedGene"
    },
    "KCNJ11": {
      "rank": 79,
      "id": 3767,
      "score": 0.0615,
      "status": "SeedGene"
    },
    "CLCN2": {
      "rank": 80,
      "id": 1181,
      "score": 0.0614,
      "status": "SeedGene"
    },
    "TP53": {
      "rank": 81,
      "id": 7157,
      "score": 0.0607,
      "status": "SeedGene"
    },
    "KCNJ5": {
      "rank": 82,
      "id": 3762,
      "score": 0.0605,
      "status": "SeedGene"
    },
    "BMPR1A": {
      "rank": 83,
      "id": 657,
      "score": 0.0597,
      "status": "SeedGene"
    },
    "CYP17A1": {
      "rank": 84,
      "id": 1586,
      "score": 0.059,
      "status": "SeedGene"
    },
    "SCN5A": {
      "rank": 85,
      "id": 6331,
      "score": 0.0583,
      "status": "SeedGene"
    },
    "SCN4B": {
      "rank": 86,
      "id": 6330,
      "score": 0.058,
      "status": "SeedGene"
    },
    "CALM3": {
      "rank": 87,
      "id": 808,
      "score": 0.0575,
      "status": "Predicted"
    },
    "TRDN": {
      "rank": 88,
      "id": 10345,
      "score": 0.0572,
      "status": "SeedGene"
    },
    "NR3C1": {
      "rank": 89,
      "id": 2908,
      "score": 0.0569,
      "status": "SeedGene"
    },
    "USP8": {
      "rank": 90,
      "id": 9101,
      "score": 0.0564,
      "status": "SeedGene"
    },
    "AKAP9": {
      "rank": 91,
      "id": 10142,
      "score": 0.0558,
      "status": "SeedGene"
    },
    "SCN10A": {
      "rank": 92,
      "id": 6336,
      "score": 0.0555,
      "status": "SeedGene"
    },
    "GNAS": {
      "rank": 93,
      "id": 2778,
      "score": 0.055,
      "status": "SeedGene"
    },
    "SLC5A5": {
      "rank": 94,
      "id": 6528,
      "score": 0.0543,
      "status": "SeedGene"
    },
    "ATP1B1": {
      "rank": 95,
      "id": 481,
      "score": 0.0539,
      "status": "Predicted"
    },
    "TSHR": {
      "rank": 96,
      "id": 7253,
      "score": 0.0536,
      "status": "SeedGene"
    },
    "EIF2B2": {
      "rank": 97,
      "id": 8892,
      "score": 0.0525,
      "status": "SeedGene"
    },
    "SLC25A4": {
      "rank": 98,
      "id": 291,
      "score": 0.0519,
      "status": "SeedGene"
    },
    "EIF2B4": {
      "rank": 99,
      "id": 8890,
      "score": 0.0518,
      "status": "SeedGene"
    },
    "SLC9A1": {
      "rank": 100,
      "id": 6548,
      "score": 0.0518,
      "status": "Predicted"
    }
  }
}