{
  "query": {
    "HP:0001251": {
      "id": "HP:0001251",
      "status": "ok",
      "target": [
        "HP:0001251"
      ]
    },
    "HP:0003560": {
      "id": "HP:0003560",
      "status": "ok",
      "target": [
        "HP:0003560"
      ]
    },
    "HP:0003198": {
      "id": "HP:0003198",
      "status": "ok",
      "target": [
        "HP:0003198"
      ]
    }
  },
  "response": {
    "DYSF": {
      "rank": 1,
      "id": 8291,
      "score": 1.0,
      "status": "SeedGene"
    },
    "ANO5": {
      "rank": 2,
      "id": 203859,
      "score": 0.7998,
      "status": "SeedGene"
    },
    "RYR1": {
      "rank": 3,
      "id": 6261,
      "score": 0.6126,
      "status": "SeedGene"
    },
    "NR0B1": {
      "rank": 4,
      "id": 190,
      "score": 0.5861,
      "status": "SeedGene"
    },
    "POMT2": {
      "rank": 5,
      "id": 29954,
      "score": 0.4971,
      "status": "SeedGene"
    },
    "POMT1": {
      "rank": 6,
      "id": 10585,
      "score": 0.4971,
      "status": "SeedGene"
    },
    "FKTN": {
      "rank": 7,
      "id": 2218,
      "score": 0.4822,
      "status": "SeedGene"
    },
    "PABPN1": {
      "rank": 8,
      "id": 8106,
      "score": 0.4575,
      "status": "SeedGene"
    },
    "ITGA7": {
      "rank": 9,
      "id": 3679,
      "score": 0.4571,
      "status": "SeedGene"
    },
    "COL6A1": {
      "rank": 10,
      "id": 1291,
      "score": 0.4569,
      "status": "SeedGene"
    },
    "COL6A3": {
      "rank": 11,
      "id": 1293,
      "score": 0.4569,
      "status": "SeedGene"
    },
    "COL6A2": {
      "rank": 12,
      "id": 1292,
      "score": 0.4445,
      "status": "SeedGene"
    },
    "POMGNT1": {
      "rank": 13,
      "id": 55624,
      "score": 0.439,
      "status": "SeedGene"
    },
    "ACTA1": {
      "rank": 14,
      "id": 58,
      "score": 0.4276,
      "status": "SeedGene"
    },
    "FKRP": {
      "rank": 15,
      "id": 79147,
      "score": 0.4155,
      "status": "SeedGene"
    },
    "LMNA": {
      "rank": 16,
      "id": 4000,
      "score": 0.408,
      "status": "SeedGene"
    },
    "SIL1": {
      "rank": 17,
      "id": 64374,
      "score": 0.4052,
      "status": "SeedGene"
    },
    "GMPPB": {
      "rank": 18,
      "id": 29925,
      "score": 0.3924,
      "status": "SeedGene"
    },
    "DAG1": {
      "rank": 19,
      "id": 1605,
      "score": 0.3874,
      "status": "SeedGene"
    },
    "B3GALNT2": {
      "rank": 20,
      "id": 148789,
      "score": 0.3541,
      "status": "SeedGene"
    },
    "TPM3": {
      "rank": 21,
      "id": 7170,
      "score": 0.3333,
      "status": "SeedGene"
    },
    "TPM2": {
      "rank": 22,
      "id": 7169,
      "score": 0.3222,
      "status": "SeedGene"
    },
    "CHKB": {
      "rank": 23,
      "id": 1120,
      "score": 0.3106,
      "status": "SeedGene"
    },
    "TTN": {
      "rank": 24,
      "id": 7273,
      "score": 0.3029,
      "status": "SeedGene"
    },
    "MYH7": {
      "rank": 25,
      "id": 4625,
      "score": 0.2952,
      "status": "SeedGene"
    },
    "SLC25A4": {
      "rank": 26,
      "id": 291,
      "score": 0.2903,
      "status": "SeedGene"
    },
    "CACNA1S": {
      "rank": 27,
      "id": 779,
      "score": 0.283,
      "status": "SeedGene"
    },
    "LAMA2": {
      "rank": 28,
      "id": 3908,
      "score": 0.2781,
      "status": "SeedGene"
    },
    "MYL2": {
      "rank": 29,
      "id": 4633,
      "score": 0.2586,
      "status": "SeedGene"
    },
    "CRYAB": {
      "rank": 30,
      "id": 1410,
      "score": 0.2368,
      "status": "SeedGene"
    },
    "VPS13A": {
      "rank": 31,
      "id": 23230,
      "score": 0.2323,
      "status": "SeedGene"
    },
    "CAV3": {
      "rank": 32,
      "id": 859,
      "score": 0.2304,
      "status": "SeedGene"
    },
    "DMD": {
      "rank": 33,
      "id": 1756,
      "score": 0.2296,
      "status": "SeedGene"
    },
    "AGK": {
      "rank": 34,
      "id": 55750,
      "score": 0.2262,
      "status": "SeedGene"
    },
    "INPP5K": {
      "rank": 35,
      "id": 51763,
      "score": 0.2169,
      "status": "SeedGene"
    },
    "SGCD": {
      "rank": 36,
      "id": 6444,
      "score": 0.2149,
      "status": "SeedGene"
    },
    "HNRNPA1": {
      "rank": 37,
      "id": 3178,
      "score": 0.2134,
      "status": "SeedGene"
    },
    "DPM1": {
      "rank": 38,
      "id": 8813,
      "score": 0.2113,
      "status": "SeedGene"
    },
    "CAPN3": {
      "rank": 39,
      "id": 825,
      "score": 0.2072,
      "status": "SeedGene"
    },
    "HNRNPDL": {
      "rank": 40,
      "id": 9987,
      "score": 0.2068,
      "status": "SeedGene"
    },
    "YARS2": {
      "rank": 41,
      "id": 51067,
      "score": 0.2067,
      "status": "SeedGene"
    },
    "POMGNT2": {
      "rank": 42,
      "id": 84892,
      "score": 0.2063,
      "status": "SeedGene"
    },
    "GK": {
      "rank": 43,
      "id": 2710,
      "score": 0.2047,
      "status": "SeedGene"
    },
    "COL4A1": {
      "rank": 44,
      "id": 1282,
      "score": 0.2029,
      "status": "SeedGene"
    },
    "HSPG2": {
      "rank": 45,
      "id": 3339,
      "score": 0.2022,
      "status": "SeedGene"
    },
    "DPM3": {
      "rank": 46,
      "id": 54344,
      "score": 0.202,
      "status": "SeedGene"
    },
    "BAG3": {
      "rank": 47,
      "id": 9531,
      "score": 0.2014,
      "status": "SeedGene"
    },
    "SGCB": {
      "rank": 48,
      "id": 6443,
      "score": 0.1998,
      "status": "SeedGene"
    },
    "SGCA": {
      "rank": 49,
      "id": 6442,
      "score": 0.1996,
      "status": "SeedGene"
    },
    "TCAP": {
      "rank": 50,
      "id": 8557,
      "score": 0.1962,
      "status": "SeedGene"
    },
    "SGCG": {
      "rank": 51,
      "id": 6445,
      "score": 0.195,
      "status": "SeedGene"
    },
    "EMD": {
      "rank": 52,
      "id": 2010,
      "score": 0.1946,
      "status": "SeedGene"
    },
    "FHL1": {
      "rank": 53,
      "id": 2273,
      "score": 0.1924,
      "status": "SeedGene"
    },
    "DNAJB6": {
      "rank": 54,
      "id": 10049,
      "score": 0.192,
      "status": "SeedGene"
    },
    "SYNE2": {
      "rank": 55,
      "id": 23224,
      "score": 0.1911,
      "status": "SeedGene"
    },
    "HNRNPA2B1": {
      "rank": 56,
      "id": 3181,
      "score": 0.186,
      "status": "SeedGene"
    },
    "TMEM43": {
      "rank": 57,
      "id": 79188,
      "score": 0.1838,
      "status": "SeedGene"
    },
    "AHCY": {
      "rank": 58,
      "id": 191,
      "score": 0.183,
      "status": "SeedGene"
    },
    "PSAT1": {
      "rank": 59,
      "id": 29968,
      "score": 0.1828,
      "status": "SeedGene"
    },
    "PHGDH": {
      "rank": 60,
      "id": 26227,
      "score": 0.1828,
      "status": "SeedGene"
    },
    "AKT1": {
      "rank": 61,
      "id": 207,
      "score": 0.1826,
      "status": "SeedGene"
    },
    "CTNS": {
      "rank": 62,
      "id": 1497,
      "score": 0.1792,
      "status": "SeedGene"
    },
    "SYNE1": {
      "rank": 63,
      "id": 23345,
      "score": 0.1786,
      "status": "SeedGene"
    },
    "PUS1": {
      "rank": 64,
      "id": 80324,
      "score": 0.1767,
      "status": "SeedGene"
    },
    "COL12A1": {
      "rank": 65,
      "id": 1303,
      "score": 0.1761,
      "status": "SeedGene"
    },
    "PLEC": {
      "rank": 66,
      "id": 5339,
      "score": 0.176,
      "status": "SeedGene"
    },
    "TRIM32": {
      "rank": 67,
      "id": 22954,
      "score": 0.1749,
      "status": "SeedGene"
    },
    "BUB3": {
      "rank": 68,
      "id": 9184,
      "score": 0.1732,
      "status": "SeedGene"
    },
    "TRAPPC11": {
      "rank": 69,
      "id": 60684,
      "score": 0.1722,
      "status": "SeedGene"
    },
    "LIPE": {
      "rank": 70,
      "id": 3991,
      "score": 0.1705,
      "status": "SeedGene"
    },
    "BUB1B": {
      "rank": 71,
      "id": 701,
      "score": 0.1665,
      "status": "SeedGene"
    },
    "PTEN": {
      "rank": 72,
      "id": 5728,
      "score": 0.1638,
      "status": "SeedGene"
    },
    "BUB1": {
      "rank": 73,
      "id": 699,
      "score": 0.1606,
      "status": "SeedGene"
    },
    "XDH": {
      "rank": 74,
      "id": 7498,
      "score": 0.1564,
      "status": "SeedGene"
    },
    "TRIP4": {
      "rank": 75,
      "id": 9325,
      "score": 0.1563,
      "status": "SeedGene"
    },
    "LARGE1": {
      "rank": 76,
      "id": 9215,
      "score": 0.1562,
      "status": "SeedGene"
    },
    "TNPO3": {
      "rank": 77,
      "id": 23534,
      "score": 0.1562,
      "status": "SeedGene"
    },
    "CAVIN1": {
      "rank": 78,
      "id": 284119,
      "score": 0.1562,
      "status": "SeedGene"
    },
    "CRPPA": {
      "rank": 79,
      "id": 729920,
      "score": 0.1562,
      "status": "SeedGene"
    },
    "SELENON": {
      "rank": 80,
      "id": 57190,
      "score": 0.1562,
      "status": "SeedGene"
    },
    "PRKACA": {
      "rank": 81,
      "id": 5566,
      "score": 0.1553,
      "status": "SeedGene"
    },
    "PNKP": {
      "rank": 82,
      "id": 11284,
      "score": 0.1464,
      "status": "SeedGene"
    },
    "CEP57": {
      "rank": 83,
      "id": 9702,
      "score": 0.1463,
      "status": "SeedGene"
    },
    "ACADS": {
      "rank": 84,
      "id": 35,
      "score": 0.1457,
      "status": "SeedGene"
    },
    "CACNA1A": {
      "rank": 85,
      "id": 773,
      "score": 0.1447,
      "status": "SeedGene"
    },
    "TAZ": {
      "rank": 86,
      "id": 6901,
      "score": 0.1426,
      "status": "SeedGene"
    },
    "INPP5E": {
      "rank": 87,
      "id": 56623,
      "score": 0.1422,
      "status": "SeedGene"
    },
    "SDHA": {
      "rank": 88,
      "id": 6389,
      "score": 0.1418,
      "status": "SeedGene"
    },
    "TRIP13": {
      "rank": 89,
      "id": 9319,
      "score": 0.1399,
      "status": "SeedGene"
    },
    "ITPR1": {
      "rank": 90,
      "id": 3708,
      "score": 0.1398,
      "status": "SeedGene"
    },
    "PDHA1": {
      "rank": 91,
      "id": 5160,
      "score": 0.1364,
      "status": "SeedGene"
    },
    "BVES": {
      "rank": 92,
      "id": 11149,
      "score": 0.1364,
      "status": "SeedGene"
    },
    "TOR1AIP1": {
      "rank": 93,
      "id": 26092,
      "score": 0.1364,
      "status": "SeedGene"
    },
    "LIMS2": {
      "rank": 94,
      "id": 55679,
      "score": 0.1351,
      "status": "SeedGene"
    },
    "FRG1": {
      "rank": 95,
      "id": 2483,
      "score": 0.1337,
      "status": "SeedGene"
    },
    "POMK": {
      "rank": 96,
      "id": 84197,
      "score": 0.1337,
      "status": "SeedGene"
    },
    "B4GAT1": {
      "rank": 97,
      "id": 11041,
      "score": 0.1337,
      "status": "SeedGene"
    },
    "RXYLT1": {
      "rank": 98,
      "id": 10329,
      "score": 0.1337,
      "status": "SeedGene"
    },
    "SMCHD1": {
      "rank": 99,
      "id": 23347,
      "score": 0.1337,
      "status": "SeedGene"
    },
    "PIEZO2": {
      "rank": 100,
      "id": 63895,
      "score": 0.1337,
      "status": "SeedGene"
    }
  }
}