{
  "query": {
    "HP:0000726": {
      "id": "HP:0000726",
      "status": "ok",
      "target": [
        "HP:0000726"
      ]
    },
    "HP:0002415": {
      "id": "HP:0002415",
      "status": "ok",
      "target": [
        "HP:0002415"
      ]
    },
    "HP:0001300": {
      "id": "HP:0001300",
      "status": "ok",
      "target": [
        "HP:0001300"
      ]
    },
    "HP:0001337": {
      "id": "HP:0001337",
      "status": "ok",
      "target": [
        "HP:0001337"
      ]
    }
  },
  "response": {
    "DCTN1": {
      "rank": 1,
      "id": 1639,
      "score": 1.0,
      "status": "SeedGene"
    },
    "VPS13A": {
      "rank": 2,
      "id": 23230,
      "score": 0.9971,
      "status": "SeedGene"
    },
    "TBP": {
      "rank": 3,
      "id": 6908,
      "score": 0.7266,
      "status": "SeedGene"
    },
    "PPP2R2B": {
      "rank": 4,
      "id": 5521,
      "score": 0.6397,
      "status": "SeedGene"
    },
    "FTL": {
      "rank": 5,
      "id": 2512,
      "score": 0.6094,
      "status": "SeedGene"
    },
    "SNCA": {
      "rank": 6,
      "id": 6622,
      "score": 0.6051,
      "status": "SeedGene"
    },
    "ATXN3": {
      "rank": 7,
      "id": 4287,
      "score": 0.5617,
      "status": "SeedGene"
    },
    "CYP27A1": {
      "rank": 8,
      "id": 1593,
      "score": 0.559,
      "status": "SeedGene"
    },
    "SLC16A2": {
      "rank": 9,
      "id": 6567,
      "score": 0.5514,
      "status": "SeedGene"
    },
    "PRNP": {
      "rank": 10,
      "id": 5621,
      "score": 0.5441,
      "status": "SeedGene"
    },
    "ATP7B": {
      "rank": 11,
      "id": 540,
      "score": 0.5342,
      "status": "SeedGene"
    },
    "PLP1": {
      "rank": 12,
      "id": 5354,
      "score": 0.5263,
      "status": "SeedGene"
    },
    "FUS": {
      "rank": 13,
      "id": 2521,
      "score": 0.5238,
      "status": "SeedGene"
    },
    "FBXO7": {
      "rank": 14,
      "id": 25793,
      "score": 0.5232,
      "status": "SeedGene"
    },
    "FA2H": {
      "rank": 15,
      "id": 79152,
      "score": 0.5186,
      "status": "SeedGene"
    },
    "JPH3": {
      "rank": 16,
      "id": 57338,
      "score": 0.5104,
      "status": "SeedGene"
    },
    "ATP13A2": {
      "rank": 17,
      "id": 23400,
      "score": 0.4926,
      "status": "SeedGene"
    },
    "WDR45": {
      "rank": 18,
      "id": 11152,
      "score": 0.4782,
      "status": "SeedGene"
    },
    "C9ORF72": {
      "rank": 19,
      "id": 203228,
      "score": 0.455,
      "status": "SeedGene"
    },
    "APP": {
      "rank": 20,
      "id": 351,
      "score": 0.446,
      "status": "SeedGene"
    },
    "GCH1": {
      "rank": 21,
      "id": 2643,
      "score": 0.445,
      "status": "SeedGene"
    },
    "TARDBP": {
      "rank": 22,
      "id": 23435,
      "score": 0.4261,
      "status": "SeedGene"
    },
    "ATP1A3": {
      "rank": 23,
      "id": 478,
      "score": 0.4253,
      "status": "SeedGene"
    },
    "ATXN2": {
      "rank": 24,
      "id": 6311,
      "score": 0.4204,
      "status": "SeedGene"
    },
    "ABCD1": {
      "rank": 25,
      "id": 215,
      "score": 0.4027,
      "status": "SeedGene"
    },
    "PRKRA": {
      "rank": 26,
      "id": 8575,
      "score": 0.4021,
      "status": "SeedGene"
    },
    "FMR1": {
      "rank": 27,
      "id": 2332,
      "score": 0.3973,
      "status": "SeedGene"
    },
    "NHLRC1": {
      "rank": 28,
      "id": 378884,
      "score": 0.3922,
      "status": "SeedGene"
    },
    "FAM126A": {
      "rank": 29,
      "id": 84668,
      "score": 0.3837,
      "status": "SeedGene"
    },
    "HTT": {
      "rank": 30,
      "id": 3064,
      "score": 0.3786,
      "status": "SeedGene"
    },
    "TTR": {
      "rank": 31,
      "id": 7276,
      "score": 0.3767,
      "status": "SeedGene"
    },
    "EPM2A": {
      "rank": 32,
      "id": 7957,
      "score": 0.3748,
      "status": "SeedGene"
    },
    "ACOX1": {
      "rank": 33,
      "id": 51,
      "score": 0.3703,
      "status": "SeedGene"
    },
    "SNCAIP": {
      "rank": 34,
      "id": 9627,
      "score": 0.369,
      "status": "SeedGene"
    },
    "PINK1": {
      "rank": 35,
      "id": 65018,
      "score": 0.3616,
      "status": "SeedGene"
    },
    "LRRK2": {
      "rank": 36,
      "id": 120892,
      "score": 0.3575,
      "status": "SeedGene"
    },
    "PDGFRB": {
      "rank": 37,
      "id": 5159,
      "score": 0.3572,
      "status": "SeedGene"
    },
    "EDNRB": {
      "rank": 38,
      "id": 1910,
      "score": 0.3481,
      "status": "SeedGene"
    },
    "POLG": {
      "rank": 39,
      "id": 5428,
      "score": 0.3473,
      "status": "SeedGene"
    },
    "VPS35": {
      "rank": 40,
      "id": 55737,
      "score": 0.3413,
      "status": "SeedGene"
    },
    "PSEN1": {
      "rank": 41,
      "id": 5663,
      "score": 0.3407,
      "status": "SeedGene"
    },
    "ELN": {
      "rank": 42,
      "id": 2006,
      "score": 0.3342,
      "status": "SeedGene"
    },
    "NR4A2": {
      "rank": 43,
      "id": 4929,
      "score": 0.3297,
      "status": "SeedGene"
    },
    "HTRA2": {
      "rank": 44,
      "id": 27429,
      "score": 0.3196,
      "status": "SeedGene"
    },
    "PARK7": {
      "rank": 45,
      "id": 11315,
      "score": 0.3124,
      "status": "SeedGene"
    },
    "ATM": {
      "rank": 46,
      "id": 472,
      "score": 0.3011,
      "status": "SeedGene"
    },
    "CTC1": {
      "rank": 47,
      "id": 80169,
      "score": 0.2997,
      "status": "SeedGene"
    },
    "MAPT": {
      "rank": 48,
      "id": 4137,
      "score": 0.2925,
      "status": "SeedGene"
    },
    "DNMT1": {
      "rank": 49,
      "id": 1786,
      "score": 0.291,
      "status": "SeedGene"
    },
    "GBA": {
      "rank": 50,
      "id": 2629,
      "score": 0.2903,
      "status": "SeedGene"
    },
    "NPC2": {
      "rank": 51,
      "id": 10577,
      "score": 0.2857,
      "status": "SeedGene"
    },
    "UCHL1": {
      "rank": 52,
      "id": 7345,
      "score": 0.2796,
      "status": "SeedGene"
    },
    "RRM2B": {
      "rank": 53,
      "id": 50484,
      "score": 0.2714,
      "status": "SeedGene"
    },
    "SOX10": {
      "rank": 54,
      "id": 6663,
      "score": 0.271,
      "status": "SeedGene"
    },
    "NPC1": {
      "rank": 55,
      "id": 4864,
      "score": 0.2652,
      "status": "SeedGene"
    },
    "TCIRG1": {
      "rank": 56,
      "id": 10312,
      "score": 0.2594,
      "status": "SeedGene"
    },
    "ATXN10": {
      "rank": 57,
      "id": 25814,
      "score": 0.2584,
      "status": "SeedGene"
    },
    "PSEN2": {
      "rank": 58,
      "id": 5664,
      "score": 0.2566,
      "status": "SeedGene"
    },
    "NOS3": {
      "rank": 59,
      "id": 4846,
      "score": 0.2558,
      "status": "SeedGene"
    },
    "NDP": {
      "rank": 60,
      "id": 4693,
      "score": 0.2552,
      "status": "SeedGene"
    },
    "EDN3": {
      "rank": 61,
      "id": 1908,
      "score": 0.2547,
      "status": "SeedGene"
    },
    "EIF4G1": {
      "rank": 62,
      "id": 1981,
      "score": 0.2542,
      "status": "SeedGene"
    },
    "SLC20A2": {
      "rank": 63,
      "id": 6575,
      "score": 0.2535,
      "status": "SeedGene"
    },
    "APOE": {
      "rank": 64,
      "id": 348,
      "score": 0.2521,
      "status": "SeedGene"
    },
    "PSAP": {
      "rank": 65,
      "id": 5660,
      "score": 0.2516,
      "status": "SeedGene"
    },
    "NOTCH3": {
      "rank": 66,
      "id": 4854,
      "score": 0.2505,
      "status": "SeedGene"
    },
    "VCP": {
      "rank": 67,
      "id": 7415,
      "score": 0.2467,
      "status": "SeedGene"
    },
    "TREX1": {
      "rank": 68,
      "id": 11277,
      "score": 0.2456,
      "status": "SeedGene"
    },
    "SDHA": {
      "rank": 69,
      "id": 6389,
      "score": 0.2412,
      "status": "SeedGene"
    },
    "ADH1C": {
      "rank": 70,
      "id": 126,
      "score": 0.2374,
      "status": "SeedGene"
    },
    "ERCC8": {
      "rank": 71,
      "id": 1161,
      "score": 0.2365,
      "status": "SeedGene"
    },
    "DNAJC5": {
      "rank": 72,
      "id": 80331,
      "score": 0.2332,
      "status": "SeedGene"
    },
    "NDUFS2": {
      "rank": 73,
      "id": 4720,
      "score": 0.2326,
      "status": "SeedGene"
    },
    "PDGFB": {
      "rank": 74,
      "id": 5155,
      "score": 0.2299,
      "status": "SeedGene"
    },
    "NDUFA4": {
      "rank": 75,
      "id": 4697,
      "score": 0.229,
      "status": "SeedGene"
    },
    "PLA2G6": {
      "rank": 76,
      "id": 8398,
      "score": 0.2285,
      "status": "SeedGene"
    },
    "ATXN8OS": {
      "rank": 77,
      "id": 6315,
      "score": 0.2249,
      "status": "SeedGene"
    },
    "ARSA": {
      "rank": 78,
      "id": 410,
      "score": 0.2249,
      "status": "SeedGene"
    },
    "GLUD2": {
      "rank": 79,
      "id": 2747,
      "score": 0.2246,
      "status": "SeedGene"
    },
    "SPAST": {
      "rank": 80,
      "id": 6683,
      "score": 0.2224,
      "status": "SeedGene"
    },
    "ITPR1": {
      "rank": 81,
      "id": 3708,
      "score": 0.2191,
      "status": "SeedGene"
    },
    "NDUFV2": {
      "rank": 82,
      "id": 4729,
      "score": 0.2175,
      "status": "SeedGene"
    },
    "NDUFA13": {
      "rank": 83,
      "id": 51079,
      "score": 0.2175,
      "status": "SeedGene"
    },
    "NDUFS1": {
      "rank": 84,
      "id": 4719,
      "score": 0.2167,
      "status": "SeedGene"
    },
    "NDUFS8": {
      "rank": 85,
      "id": 4728,
      "score": 0.2167,
      "status": "SeedGene"
    },
    "NDUFS6": {
      "rank": 86,
      "id": 4726,
      "score": 0.2164,
      "status": "SeedGene"
    },
    "NDUFS3": {
      "rank": 87,
      "id": 4722,
      "score": 0.2164,
      "status": "SeedGene"
    },
    "NDUFA11": {
      "rank": 88,
      "id": 126328,
      "score": 0.2163,
      "status": "SeedGene"
    },
    "NDUFA10": {
      "rank": 89,
      "id": 4705,
      "score": 0.2163,
      "status": "SeedGene"
    },
    "NDUFS7": {
      "rank": 90,
      "id": 374291,
      "score": 0.2163,
      "status": "SeedGene"
    },
    "NDUFB10": {
      "rank": 91,
      "id": 4716,
      "score": 0.2163,
      "status": "SeedGene"
    },
    "NDUFB8": {
      "rank": 92,
      "id": 4714,
      "score": 0.2163,
      "status": "SeedGene"
    },
    "NDUFS4": {
      "rank": 93,
      "id": 4724,
      "score": 0.2163,
      "status": "SeedGene"
    },
    "NDUFA9": {
      "rank": 94,
      "id": 4704,
      "score": 0.2163,
      "status": "SeedGene"
    },
    "NDUFA2": {
      "rank": 95,
      "id": 4695,
      "score": 0.2163,
      "status": "SeedGene"
    },
    "NDUFV1": {
      "rank": 96,
      "id": 4723,
      "score": 0.2163,
      "status": "SeedGene"
    },
    "NDUFB11": {
      "rank": 97,
      "id": 54539,
      "score": 0.216,
      "status": "SeedGene"
    },
    "NDUFA1": {
      "rank": 98,
      "id": 4694,
      "score": 0.216,
      "status": "SeedGene"
    },
    "NDUFB3": {
      "rank": 99,
      "id": 4709,
      "score": 0.216,
      "status": "SeedGene"
    },
    "NDUFA12": {
      "rank": 100,
      "id": 55967,
      "score": 0.216,
      "status": "SeedGene"
    }
  }
}