{
  "query": {
    "HP:0010296": {
      "id": "HP:0010296",
      "status": "ok",
      "target": [
        "HP:0010296"
      ]
    },
    "HP:0001251": {
      "id": "HP:0001251",
      "status": "ok",
      "target": [
        "HP:0001251"
      ]
    },
    "HP:0001272": {
      "id": "HP:0001272",
      "status": "ok",
      "target": [
        "HP:0001272"
      ]
    },
    "HP:0001263": {
      "id": "HP:0001263",
      "status": "ok",
      "target": [
        "HP:0001263"
      ]
    },
    "HP:0001999": {
      "id": "HP:0001999",
      "status": "ok",
      "target": [
        "HP:0001999"
      ]
    },
    "HP:0000577": {
      "id": "HP:0000577",
      "status": "ok",
      "target": [
        "HP:0000577"
      ]
    },
    "HP:0000618": {
      "id": "HP:0000618",
      "status": "ok",
      "target": [
        "HP:0000618"
      ]
    },
    "HP:0001250": {
      "id": "HP:0001250",
      "status": "ok",
      "target": [
        "HP:0001250"
      ]
    },
    "HP:0001257": {
      "id": "HP:0001257",
      "status": "ok",
      "target": [
        "HP:0001257"
      ]
    },
    "HP:0000486": {
      "id": "HP:0000486",
      "status": "ok",
      "target": [
        "HP:0000486"
      ]
    }
  },
  "response": {
    "ROR2": {
      "rank": 1,
      "id": 4920,
      "score": 1.0,
      "status": "SeedGene"
    },
    "COL7A1": {
      "rank": 2,
      "id": 1294,
      "score": 0.8547,
      "status": "SeedGene"
    },
    "UBE3A": {
      "rank": 3,
      "id": 7337,
      "score": 0.7452,
      "status": "SeedGene"
    },
    "ATRX": {
      "rank": 4,
      "id": 546,
      "score": 0.7338,
      "status": "SeedGene"
    },
    "SLC17A5": {
      "rank": 5,
      "id": 26503,
      "score": 0.687,
      "status": "SeedGene"
    },
    "BCOR": {
      "rank": 6,
      "id": 54880,
      "score": 0.5728,
      "status": "SeedGene"
    },
    "FAM111A": {
      "rank": 7,
      "id": 63901,
      "score": 0.5372,
      "status": "SeedGene"
    },
    "FERMT1": {
      "rank": 8,
      "id": 55612,
      "score": 0.5182,
      "status": "SeedGene"
    },
    "SLC6A8": {
      "rank": 9,
      "id": 6535,
      "score": 0.5094,
      "status": "SeedGene"
    },
    "GAMT": {
      "rank": 10,
      "id": 2593,
      "score": 0.4377,
      "status": "SeedGene"
    },
    "GATM": {
      "rank": 11,
      "id": 2628,
      "score": 0.3912,
      "status": "SeedGene"
    },
    "ABCD1": {
      "rank": 12,
      "id": 215,
      "score": 0.3803,
      "status": "SeedGene"
    },
    "CYP27A1": {
      "rank": 13,
      "id": 1593,
      "score": 0.3735,
      "status": "SeedGene"
    },
    "MAPK1": {
      "rank": 14,
      "id": 5594,
      "score": 0.3601,
      "status": "SeedGene"
    },
    "FGFR3": {
      "rank": 15,
      "id": 2261,
      "score": 0.3525,
      "status": "SeedGene"
    },
    "FA2H": {
      "rank": 16,
      "id": 79152,
      "score": 0.3522,
      "status": "SeedGene"
    },
    "CACNA1A": {
      "rank": 17,
      "id": 773,
      "score": 0.3443,
      "status": "SeedGene"
    },
    "COX10": {
      "rank": 18,
      "id": 1352,
      "score": 0.3338,
      "status": "SeedGene"
    },
    "OCA2": {
      "rank": 19,
      "id": 4948,
      "score": 0.3326,
      "status": "SeedGene"
    },
    "ITPR1": {
      "rank": 20,
      "id": 3708,
      "score": 0.3213,
      "status": "SeedGene"
    },
    "SUMF1": {
      "rank": 21,
      "id": 285362,
      "score": 0.3161,
      "status": "SeedGene"
    },
    "MVK": {
      "rank": 22,
      "id": 4598,
      "score": 0.312,
      "status": "SeedGene"
    },
    "KRAS": {
      "rank": 23,
      "id": 3845,
      "score": 0.3108,
      "status": "SeedGene"
    },
    "EXT1": {
      "rank": 24,
      "id": 2131,
      "score": 0.3107,
      "status": "SeedGene"
    },
    "FGFR2": {
      "rank": 25,
      "id": 2263,
      "score": 0.3098,
      "status": "SeedGene"
    },
    "PIK3CA": {
      "rank": 26,
      "id": 5290,
      "score": 0.3045,
      "status": "SeedGene"
    },
    "PDHA1": {
      "rank": 27,
      "id": 5160,
      "score": 0.302,
      "status": "SeedGene"
    },
    "LAMA3": {
      "rank": 28,
      "id": 3909,
      "score": 0.3015,
      "status": "SeedGene"
    },
    "NDUFS1": {
      "rank": 29,
      "id": 4719,
      "score": 0.3008,
      "status": "SeedGene"
    },
    "NDUFS4": {
      "rank": 30,
      "id": 4724,
      "score": 0.3,
      "status": "SeedGene"
    },
    "ADSL": {
      "rank": 31,
      "id": 158,
      "score": 0.2983,
      "status": "SeedGene"
    },
    "SURF1": {
      "rank": 32,
      "id": 6834,
      "score": 0.2966,
      "status": "SeedGene"
    },
    "IKBKG": {
      "rank": 33,
      "id": 8517,
      "score": 0.2946,
      "status": "SeedGene"
    },
    "COL4A1": {
      "rank": 34,
      "id": 1282,
      "score": 0.294,
      "status": "SeedGene"
    },
    "EP300": {
      "rank": 35,
      "id": 2033,
      "score": 0.2928,
      "status": "SeedGene"
    },
    "CYFIP1": {
      "rank": 36,
      "id": 23191,
      "score": 0.292,
      "status": "SeedGene"
    },
    "AKT1": {
      "rank": 37,
      "id": 207,
      "score": 0.2895,
      "status": "SeedGene"
    },
    "SCO2": {
      "rank": 38,
      "id": 9997,
      "score": 0.285,
      "status": "SeedGene"
    },
    "ACO2": {
      "rank": 39,
      "id": 50,
      "score": 0.2811,
      "status": "SeedGene"
    },
    "PRKCG": {
      "rank": 40,
      "id": 5582,
      "score": 0.281,
      "status": "SeedGene"
    },
    "BRAF": {
      "rank": 41,
      "id": 673,
      "score": 0.2804,
      "status": "SeedGene"
    },
    "GNAS": {
      "rank": 42,
      "id": 2778,
      "score": 0.2768,
      "status": "SeedGene"
    },
    "MMP1": {
      "rank": 43,
      "id": 4312,
      "score": 0.2768,
      "status": "SeedGene"
    },
    "NDUFS8": {
      "rank": 44,
      "id": 4728,
      "score": 0.2767,
      "status": "SeedGene"
    },
    "NDUFS7": {
      "rank": 45,
      "id": 374291,
      "score": 0.2765,
      "status": "SeedGene"
    },
    "NDUFV1": {
      "rank": 46,
      "id": 4723,
      "score": 0.2765,
      "status": "SeedGene"
    },
    "NDUFS3": {
      "rank": 47,
      "id": 4722,
      "score": 0.2765,
      "status": "SeedGene"
    },
    "SLC16A2": {
      "rank": 48,
      "id": 6567,
      "score": 0.2764,
      "status": "SeedGene"
    },
    "GALC": {
      "rank": 49,
      "id": 2581,
      "score": 0.2752,
      "status": "SeedGene"
    },
    "PTEN": {
      "rank": 50,
      "id": 5728,
      "score": 0.2739,
      "status": "SeedGene"
    },
    "ATP10A": {
      "rank": 51,
      "id": 57194,
      "score": 0.272,
      "status": "SeedGene"
    },
    "SLC2A1": {
      "rank": 52,
      "id": 6513,
      "score": 0.27,
      "status": "SeedGene"
    },
    "EZH2": {
      "rank": 53,
      "id": 2146,
      "score": 0.2698,
      "status": "SeedGene"
    },
    "SLC25A4": {
      "rank": 54,
      "id": 291,
      "score": 0.2693,
      "status": "SeedGene"
    },
    "SDHA": {
      "rank": 55,
      "id": 6389,
      "score": 0.2683,
      "status": "SeedGene"
    },
    "CDC42": {
      "rank": 56,
      "id": 998,
      "score": 0.2668,
      "status": "SeedGene"
    },
    "CREBBP": {
      "rank": 57,
      "id": 1387,
      "score": 0.2636,
      "status": "SeedGene"
    },
    "RAF1": {
      "rank": 58,
      "id": 5894,
      "score": 0.2629,
      "status": "SeedGene"
    },
    "ASPA": {
      "rank": 59,
      "id": 443,
      "score": 0.2628,
      "status": "SeedGene"
    },
    "CRKL": {
      "rank": 60,
      "id": 1399,
      "score": 0.2583,
      "status": "SeedGene"
    },
    "LAMB3": {
      "rank": 61,
      "id": 3914,
      "score": 0.2579,
      "status": "SeedGene"
    },
    "TUBB3": {
      "rank": 62,
      "id": 10381,
      "score": 0.2566,
      "status": "SeedGene"
    },
    "ACTB": {
      "rank": 63,
      "id": 60,
      "score": 0.2566,
      "status": "SeedGene"
    },
    "LAMC2": {
      "rank": 64,
      "id": 3918,
      "score": 0.2564,
      "status": "SeedGene"
    },
    "TMEM67": {
      "rank": 65,
      "id": 91147,
      "score": 0.256,
      "status": "SeedGene"
    },
    "CALM1": {
      "rank": 66,
      "id": 801,
      "score": 0.2559,
      "status": "SeedGene"
    },
    "CALM2": {
      "rank": 67,
      "id": 805,
      "score": 0.2544,
      "status": "SeedGene"
    },
    "NDUFA10": {
      "rank": 68,
      "id": 4705,
      "score": 0.2537,
      "status": "SeedGene"
    },
    "NDUFA2": {
      "rank": 69,
      "id": 4695,
      "score": 0.2537,
      "status": "SeedGene"
    },
    "PRPS1": {
      "rank": 70,
      "id": 5631,
      "score": 0.2512,
      "status": "SeedGene"
    },
    "CALM3": {
      "rank": 71,
      "id": 808,
      "score": 0.2494,
      "status": "Predicted"
    },
    "PRKACA": {
      "rank": 72,
      "id": 5566,
      "score": 0.2494,
      "status": "SeedGene"
    },
    "TBP": {
      "rank": 73,
      "id": 6908,
      "score": 0.2493,
      "status": "SeedGene"
    },
    "ARG1": {
      "rank": 74,
      "id": 383,
      "score": 0.2488,
      "status": "SeedGene"
    },
    "COX15": {
      "rank": 75,
      "id": 1355,
      "score": 0.2479,
      "status": "SeedGene"
    },
    "SMAD3": {
      "rank": 76,
      "id": 4088,
      "score": 0.2478,
      "status": "SeedGene"
    },
    "CTSD": {
      "rank": 77,
      "id": 1509,
      "score": 0.2476,
      "status": "SeedGene"
    },
    "COQ2": {
      "rank": 78,
      "id": 27235,
      "score": 0.2474,
      "status": "SeedGene"
    },
    "TBX1": {
      "rank": 79,
      "id": 6899,
      "score": 0.245,
      "status": "SeedGene"
    },
    "SNRPN": {
      "rank": 80,
      "id": 6638,
      "score": 0.2448,
      "status": "SeedGene"
    },
    "PAFAH1B1": {
      "rank": 81,
      "id": 5048,
      "score": 0.2448,
      "status": "SeedGene"
    },
    "PIK3R2": {
      "rank": 82,
      "id": 5296,
      "score": 0.2447,
      "status": "SeedGene"
    },
    "ATP6V0A2": {
      "rank": 83,
      "id": 23545,
      "score": 0.2445,
      "status": "SeedGene"
    },
    "TP53": {
      "rank": 84,
      "id": 7157,
      "score": 0.2441,
      "status": "SeedGene"
    },
    "UBB": {
      "rank": 85,
      "id": 7314,
      "score": 0.2436,
      "status": "SeedGene"
    },
    "DLD": {
      "rank": 86,
      "id": 1738,
      "score": 0.2428,
      "status": "SeedGene"
    },
    "INPP5E": {
      "rank": 87,
      "id": 56623,
      "score": 0.2425,
      "status": "SeedGene"
    },
    "AAAS": {
      "rank": 88,
      "id": 8086,
      "score": 0.2417,
      "status": "SeedGene"
    },
    "MAP2K1": {
      "rank": 89,
      "id": 5604,
      "score": 0.2411,
      "status": "SeedGene"
    },
    "TTR": {
      "rank": 90,
      "id": 7276,
      "score": 0.2364,
      "status": "SeedGene"
    },
    "TGFB1": {
      "rank": 91,
      "id": 7040,
      "score": 0.236,
      "status": "SeedGene"
    },
    "UBA52": {
      "rank": 92,
      "id": 7311,
      "score": 0.236,
      "status": "Predicted"
    },
    "RPS27A": {
      "rank": 93,
      "id": 6233,
      "score": 0.2358,
      "status": "Predicted"
    },
    "MAP2K2": {
      "rank": 94,
      "id": 5605,
      "score": 0.2355,
      "status": "SeedGene"
    },
    "GNAQ": {
      "rank": 95,
      "id": 2776,
      "score": 0.2355,
      "status": "SeedGene"
    },
    "MCOLN1": {
      "rank": 96,
      "id": 57192,
      "score": 0.234,
      "status": "SeedGene"
    },
    "INS": {
      "rank": 97,
      "id": 3630,
      "score": 0.2337,
      "status": "SeedGene"
    },
    "UBC": {
      "rank": 98,
      "id": 7316,
      "score": 0.2324,
      "status": "Predicted"
    },
    "KIF21A": {
      "rank": 99,
      "id": 55605,
      "score": 0.2315,
      "status": "SeedGene"
    },
    "BCR": {
      "rank": 100,
      "id": 613,
      "score": 0.2314,
      "status": "SeedGene"
    }
  }
}