{
  "query": {
    "HP:0002510": {
      "id": "HP:0002510",
      "status": "ok",
      "target": [
        "HP:0002510"
      ]
    },
    "HP:0001263": {
      "id": "HP:0001263",
      "status": "ok",
      "target": [
        "HP:0001263"
      ]
    },
    "HP:0001250": {
      "id": "HP:0001250",
      "status": "ok",
      "target": [
        "HP:0001250"
      ]
    },
    "HP:0001508": {
      "id": "HP:0001508",
      "status": "ok",
      "target": [
        "HP:0001508"
      ]
    },
    "HP:0000505": {
      "id": "HP:0000505",
      "status": "ok",
      "target": [
        "HP:0000505"
      ]
    },
    "HP:0001537": {
      "id": "HP:0001537",
      "status": "ok",
      "target": [
        "HP:0001537"
      ]
    }
  },
  "response": {
    "SLC16A2": {
      "rank": 1,
      "id": 6567,
      "score": 1.0,
      "status": "SeedGene"
    },
    "ARSA": {
      "rank": 2,
      "id": 410,
      "score": 0.7845,
      "status": "SeedGene"
    },
    "PDHX": {
      "rank": 3,
      "id": 8050,
      "score": 0.6814,
      "status": "SeedGene"
    },
    "LRP2": {
      "rank": 4,
      "id": 4036,
      "score": 0.6636,
      "status": "SeedGene"
    },
    "FUCA1": {
      "rank": 5,
      "id": 2517,
      "score": 0.6224,
      "status": "SeedGene"
    },
    "SOX2": {
      "rank": 6,
      "id": 6657,
      "score": 0.5967,
      "status": "SeedGene"
    },
    "MCOLN1": {
      "rank": 7,
      "id": 57192,
      "score": 0.588,
      "status": "SeedGene"
    },
    "ATP7A": {
      "rank": 8,
      "id": 538,
      "score": 0.5457,
      "status": "SeedGene"
    },
    "HSPG2": {
      "rank": 9,
      "id": 3339,
      "score": 0.4962,
      "status": "SeedGene"
    },
    "SLC5A5": {
      "rank": 10,
      "id": 6528,
      "score": 0.495,
      "status": "SeedGene"
    },
    "TPO": {
      "rank": 11,
      "id": 7173,
      "score": 0.4891,
      "status": "SeedGene"
    },
    "TSHR": {
      "rank": 12,
      "id": 7253,
      "score": 0.4785,
      "status": "SeedGene"
    },
    "EZH2": {
      "rank": 13,
      "id": 2146,
      "score": 0.4568,
      "status": "SeedGene"
    },
    "OCRL": {
      "rank": 14,
      "id": 4952,
      "score": 0.4565,
      "status": "SeedGene"
    },
    "SIX6": {
      "rank": 15,
      "id": 4990,
      "score": 0.4535,
      "status": "SeedGene"
    },
    "THRA": {
      "rank": 16,
      "id": 7067,
      "score": 0.4522,
      "status": "SeedGene"
    },
    "PTCH1": {
      "rank": 17,
      "id": 5727,
      "score": 0.4505,
      "status": "SeedGene"
    },
    "GLB1": {
      "rank": 18,
      "id": 2720,
      "score": 0.4333,
      "status": "SeedGene"
    },
    "THRB": {
      "rank": 19,
      "id": 7068,
      "score": 0.4325,
      "status": "SeedGene"
    },
    "TRHR": {
      "rank": 20,
      "id": 7201,
      "score": 0.4308,
      "status": "SeedGene"
    },
    "PAX2": {
      "rank": 21,
      "id": 5076,
      "score": 0.4276,
      "status": "SeedGene"
    },
    "BMP4": {
      "rank": 22,
      "id": 652,
      "score": 0.4139,
      "status": "SeedGene"
    },
    "ADAMTS2": {
      "rank": 23,
      "id": 9509,
      "score": 0.4045,
      "status": "SeedGene"
    },
    "IYD": {
      "rank": 24,
      "id": 389434,
      "score": 0.3989,
      "status": "SeedGene"
    },
    "IKBKG": {
      "rank": 25,
      "id": 8517,
      "score": 0.3978,
      "status": "SeedGene"
    },
    "SLC26A4": {
      "rank": 26,
      "id": 5172,
      "score": 0.3973,
      "status": "SeedGene"
    },
    "PITX2": {
      "rank": 27,
      "id": 5308,
      "score": 0.3963,
      "status": "SeedGene"
    },
    "IDUA": {
      "rank": 28,
      "id": 3425,
      "score": 0.3927,
      "status": "SeedGene"
    },
    "HESX1": {
      "rank": 29,
      "id": 8820,
      "score": 0.3898,
      "status": "SeedGene"
    },
    "FGD1": {
      "rank": 30,
      "id": 2245,
      "score": 0.3871,
      "status": "SeedGene"
    },
    "SMARCA4": {
      "rank": 31,
      "id": 6597,
      "score": 0.385,
      "status": "SeedGene"
    },
    "IGF2": {
      "rank": 32,
      "id": 3481,
      "score": 0.3849,
      "status": "SeedGene"
    },
    "PROP1": {
      "rank": 33,
      "id": 5626,
      "score": 0.3828,
      "status": "SeedGene"
    },
    "PAX8": {
      "rank": 34,
      "id": 7849,
      "score": 0.3796,
      "status": "SeedGene"
    },
    "DUOX2": {
      "rank": 35,
      "id": 50506,
      "score": 0.3753,
      "status": "SeedGene"
    },
    "GPC3": {
      "rank": 36,
      "id": 2719,
      "score": 0.3732,
      "status": "SeedGene"
    },
    "GLI3": {
      "rank": 37,
      "id": 2737,
      "score": 0.3723,
      "status": "SeedGene"
    },
    "PEX19": {
      "rank": 38,
      "id": 5824,
      "score": 0.3718,
      "status": "SeedGene"
    },
    "PLA2G6": {
      "rank": 39,
      "id": 8398,
      "score": 0.3714,
      "status": "SeedGene"
    },
    "HDAC4": {
      "rank": 40,
      "id": 9759,
      "score": 0.3685,
      "status": "SeedGene"
    },
    "NSDHL": {
      "rank": 41,
      "id": 50814,
      "score": 0.3658,
      "status": "SeedGene"
    },
    "IMPDH1": {
      "rank": 42,
      "id": 3614,
      "score": 0.3657,
      "status": "SeedGene"
    },
    "CGA": {
      "rank": 43,
      "id": 1081,
      "score": 0.3647,
      "status": "Predicted"
    },
    "RAB18": {
      "rank": 44,
      "id": 22931,
      "score": 0.3646,
      "status": "SeedGene"
    },
    "GPC4": {
      "rank": 45,
      "id": 2239,
      "score": 0.3631,
      "status": "SeedGene"
    },
    "OTX2": {
      "rank": 46,
      "id": 5015,
      "score": 0.3622,
      "status": "SeedGene"
    },
    "RANBP2": {
      "rank": 47,
      "id": 5903,
      "score": 0.3602,
      "status": "SeedGene"
    },
    "AGA": {
      "rank": 48,
      "id": 175,
      "score": 0.3599,
      "status": "SeedGene"
    },
    "EP300": {
      "rank": 49,
      "id": 2033,
      "score": 0.3556,
      "status": "SeedGene"
    },
    "AKT1": {
      "rank": 50,
      "id": 207,
      "score": 0.355,
      "status": "SeedGene"
    },
    "FGFR2": {
      "rank": 51,
      "id": 2263,
      "score": 0.3514,
      "status": "SeedGene"
    },
    "POU1F1": {
      "rank": 52,
      "id": 5449,
      "score": 0.3513,
      "status": "SeedGene"
    },
    "PIK3CA": {
      "rank": 53,
      "id": 5290,
      "score": 0.3507,
      "status": "SeedGene"
    },
    "FH": {
      "rank": 54,
      "id": 2271,
      "score": 0.3507,
      "status": "SeedGene"
    },
    "PTEN": {
      "rank": 55,
      "id": 5728,
      "score": 0.348,
      "status": "SeedGene"
    },
    "SLC19A3": {
      "rank": 56,
      "id": 80704,
      "score": 0.3419,
      "status": "SeedGene"
    },
    "GPHN": {
      "rank": 57,
      "id": 10243,
      "score": 0.3386,
      "status": "SeedGene"
    },
    "SIX3": {
      "rank": 58,
      "id": 6496,
      "score": 0.3375,
      "status": "SeedGene"
    },
    "PITX3": {
      "rank": 59,
      "id": 5309,
      "score": 0.3375,
      "status": "SeedGene"
    },
    "GNPTAB": {
      "rank": 60,
      "id": 79158,
      "score": 0.3369,
      "status": "SeedGene"
    },
    "ROR2": {
      "rank": 61,
      "id": 4920,
      "score": 0.3369,
      "status": "SeedGene"
    },
    "CEP290": {
      "rank": 62,
      "id": 80184,
      "score": 0.3361,
      "status": "SeedGene"
    },
    "KIF7": {
      "rank": 63,
      "id": 374654,
      "score": 0.3353,
      "status": "SeedGene"
    },
    "AAAS": {
      "rank": 64,
      "id": 8086,
      "score": 0.3352,
      "status": "SeedGene"
    },
    "CALM1": {
      "rank": 65,
      "id": 801,
      "score": 0.3327,
      "status": "SeedGene"
    },
    "CALM2": {
      "rank": 66,
      "id": 805,
      "score": 0.3326,
      "status": "SeedGene"
    },
    "RDH12": {
      "rank": 67,
      "id": 145226,
      "score": 0.3268,
      "status": "SeedGene"
    },
    "RAX": {
      "rank": 68,
      "id": 30062,
      "score": 0.3262,
      "status": "SeedGene"
    },
    "TCIRG1": {
      "rank": 69,
      "id": 10312,
      "score": 0.3254,
      "status": "SeedGene"
    },
    "ARID1B": {
      "rank": 70,
      "id": 57492,
      "score": 0.3253,
      "status": "SeedGene"
    },
    "PEX3": {
      "rank": 71,
      "id": 8504,
      "score": 0.3246,
      "status": "SeedGene"
    },
    "VSX2": {
      "rank": 72,
      "id": 338917,
      "score": 0.3239,
      "status": "SeedGene"
    },
    "LRAT": {
      "rank": 73,
      "id": 9227,
      "score": 0.3235,
      "status": "SeedGene"
    },
    "NKX2-5": {
      "rank": 74,
      "id": 1482,
      "score": 0.322,
      "status": "SeedGene"
    },
    "AGPAT2": {
      "rank": 75,
      "id": 10555,
      "score": 0.321,
      "status": "SeedGene"
    },
    "PHGDH": {
      "rank": 76,
      "id": 26227,
      "score": 0.3207,
      "status": "SeedGene"
    },
    "ASNS": {
      "rank": 77,
      "id": 440,
      "score": 0.3202,
      "status": "SeedGene"
    },
    "CREBBP": {
      "rank": 78,
      "id": 1387,
      "score": 0.3202,
      "status": "SeedGene"
    },
    "CALM3": {
      "rank": 79,
      "id": 808,
      "score": 0.3201,
      "status": "Predicted"
    },
    "SPTAN1": {
      "rank": 80,
      "id": 6709,
      "score": 0.3192,
      "status": "SeedGene"
    },
    "PRKACA": {
      "rank": 81,
      "id": 5566,
      "score": 0.3175,
      "status": "Predicted"
    },
    "TP53": {
      "rank": 82,
      "id": 7157,
      "score": 0.3163,
      "status": "SeedGene"
    },
    "CACNA1D": {
      "rank": 83,
      "id": 776,
      "score": 0.3117,
      "status": "SeedGene"
    },
    "RAC1": {
      "rank": 84,
      "id": 5879,
      "score": 0.3078,
      "status": "SeedGene"
    },
    "KRAS": {
      "rank": 85,
      "id": 3845,
      "score": 0.3073,
      "status": "SeedGene"
    },
    "PEX10": {
      "rank": 86,
      "id": 5192,
      "score": 0.3069,
      "status": "SeedGene"
    },
    "SCN2A": {
      "rank": 87,
      "id": 6326,
      "score": 0.3064,
      "status": "SeedGene"
    },
    "PPP2CA": {
      "rank": 88,
      "id": 5515,
      "score": 0.303,
      "status": "SeedGene"
    },
    "PSMB8": {
      "rank": 89,
      "id": 5696,
      "score": 0.3026,
      "status": "SeedGene"
    },
    "SLC6A5": {
      "rank": 90,
      "id": 9152,
      "score": 0.3022,
      "status": "SeedGene"
    },
    "PRKCA": {
      "rank": 91,
      "id": 5578,
      "score": 0.3014,
      "status": "Predicted"
    },
    "MED12": {
      "rank": 92,
      "id": 9968,
      "score": 0.3007,
      "status": "SeedGene"
    },
    "TGFB1": {
      "rank": 93,
      "id": 7040,
      "score": 0.3,
      "status": "SeedGene"
    },
    "PEX6": {
      "rank": 94,
      "id": 5190,
      "score": 0.2988,
      "status": "SeedGene"
    },
    "ACTB": {
      "rank": 95,
      "id": 60,
      "score": 0.2983,
      "status": "SeedGene"
    },
    "TBC1D20": {
      "rank": 96,
      "id": 128637,
      "score": 0.2978,
      "status": "SeedGene"
    },
    "PIK3R2": {
      "rank": 97,
      "id": 5296,
      "score": 0.2977,
      "status": "SeedGene"
    },
    "DYNC1H1": {
      "rank": 98,
      "id": 1778,
      "score": 0.2977,
      "status": "SeedGene"
    },
    "FGFR3": {
      "rank": 99,
      "id": 2261,
      "score": 0.2975,
      "status": "SeedGene"
    },
    "TG": {
      "rank": 100,
      "id": 7038,
      "score": 0.2969,
      "status": "SeedGene"
    }
  }
}