{
  "query": {
    "HP:0012115": {
      "id": "HP:0012115",
      "status": "ok",
      "target": [
        "HP:0012115"
      ]
    },
    "HP:0001399": {
      "id": "HP:0001399",
      "status": "ok",
      "target": [
        "HP:0001399"
      ]
    }
  },
  "response": {
    "ATP7B": {
      "rank": 1,
      "id": 540,
      "score": 1.0,
      "status": "SeedGene"
    },
    "XIAP": {
      "rank": 2,
      "id": 331,
      "score": 0.5266,
      "status": "SeedGene"
    },
    "SH2D1A": {
      "rank": 3,
      "id": 4068,
      "score": 0.518,
      "status": "SeedGene"
    },
    "ALMS1": {
      "rank": 4,
      "id": 7840,
      "score": 0.4975,
      "status": "SeedGene"
    },
    "SERPINA1": {
      "rank": 5,
      "id": 5265,
      "score": 0.4768,
      "status": "SeedGene"
    },
    "PEX19": {
      "rank": 6,
      "id": 5824,
      "score": 0.4319,
      "status": "SeedGene"
    },
    "GALT": {
      "rank": 7,
      "id": 2592,
      "score": 0.4086,
      "status": "SeedGene"
    },
    "ALG9": {
      "rank": 8,
      "id": 79796,
      "score": 0.3998,
      "status": "SeedGene"
    },
    "ALG8": {
      "rank": 9,
      "id": 79053,
      "score": 0.3982,
      "status": "SeedGene"
    },
    "PEX3": {
      "rank": 10,
      "id": 8504,
      "score": 0.377,
      "status": "SeedGene"
    },
    "PEX1": {
      "rank": 11,
      "id": 5189,
      "score": 0.3702,
      "status": "SeedGene"
    },
    "PEX10": {
      "rank": 12,
      "id": 5192,
      "score": 0.356,
      "status": "SeedGene"
    },
    "PEX6": {
      "rank": 13,
      "id": 5190,
      "score": 0.347,
      "status": "SeedGene"
    },
    "PEX12": {
      "rank": 14,
      "id": 5193,
      "score": 0.3432,
      "status": "SeedGene"
    },
    "PEX5": {
      "rank": 15,
      "id": 5830,
      "score": 0.3372,
      "status": "SeedGene"
    },
    "PEX2": {
      "rank": 16,
      "id": 5828,
      "score": 0.3273,
      "status": "SeedGene"
    },
    "PEX26": {
      "rank": 17,
      "id": 55670,
      "score": 0.3265,
      "status": "SeedGene"
    },
    "PEX13": {
      "rank": 18,
      "id": 5194,
      "score": 0.3255,
      "status": "SeedGene"
    },
    "PEX16": {
      "rank": 19,
      "id": 9409,
      "score": 0.3255,
      "status": "SeedGene"
    },
    "PEX11B": {
      "rank": 20,
      "id": 8799,
      "score": 0.3255,
      "status": "SeedGene"
    },
    "FH": {
      "rank": 21,
      "id": 2271,
      "score": 0.3245,
      "status": "SeedGene"
    },
    "PEX14": {
      "rank": 22,
      "id": 5195,
      "score": 0.3199,
      "status": "SeedGene"
    },
    "NHLRC1": {
      "rank": 23,
      "id": 378884,
      "score": 0.3063,
      "status": "SeedGene"
    },
    "EPM2A": {
      "rank": 24,
      "id": 7957,
      "score": 0.2866,
      "status": "SeedGene"
    },
    "EIF2AK3": {
      "rank": 25,
      "id": 9451,
      "score": 0.2627,
      "status": "SeedGene"
    },
    "FOS": {
      "rank": 26,
      "id": 2353,
      "score": 0.2575,
      "status": "SeedGene"
    },
    "AGPAT2": {
      "rank": 27,
      "id": 10555,
      "score": 0.2484,
      "status": "SeedGene"
    },
    "CAV1": {
      "rank": 28,
      "id": 857,
      "score": 0.2427,
      "status": "SeedGene"
    },
    "SC5D": {
      "rank": 29,
      "id": 6309,
      "score": 0.2246,
      "status": "SeedGene"
    },
    "AMACR": {
      "rank": 30,
      "id": 23600,
      "score": 0.2095,
      "status": "SeedGene"
    },
    "FAH": {
      "rank": 31,
      "id": 2184,
      "score": 0.2047,
      "status": "SeedGene"
    },
    "TP53": {
      "rank": 32,
      "id": 7157,
      "score": 0.2019,
      "status": "SeedGene"
    },
    "PIK3CA": {
      "rank": 33,
      "id": 5290,
      "score": 0.2001,
      "status": "SeedGene"
    },
    "GBE1": {
      "rank": 34,
      "id": 2632,
      "score": 0.1908,
      "status": "SeedGene"
    },
    "CASP8": {
      "rank": 35,
      "id": 841,
      "score": 0.1858,
      "status": "SeedGene"
    },
    "CYP7B1": {
      "rank": 36,
      "id": 9420,
      "score": 0.184,
      "status": "SeedGene"
    },
    "CTNNB1": {
      "rank": 37,
      "id": 1499,
      "score": 0.1824,
      "status": "SeedGene"
    },
    "HSD3B7": {
      "rank": 38,
      "id": 80270,
      "score": 0.1808,
      "status": "SeedGene"
    },
    "SLC25A15": {
      "rank": 39,
      "id": 10166,
      "score": 0.1805,
      "status": "SeedGene"
    },
    "APC": {
      "rank": 40,
      "id": 324,
      "score": 0.1799,
      "status": "SeedGene"
    },
    "PIK3R1": {
      "rank": 41,
      "id": 5295,
      "score": 0.1793,
      "status": "SeedGene"
    },
    "IL21R": {
      "rank": 42,
      "id": 50615,
      "score": 0.1768,
      "status": "SeedGene"
    },
    "BSCL2": {
      "rank": 43,
      "id": 26580,
      "score": 0.1767,
      "status": "SeedGene"
    },
    "IL12A": {
      "rank": 44,
      "id": 3592,
      "score": 0.1762,
      "status": "SeedGene"
    },
    "PGM1": {
      "rank": 45,
      "id": 5236,
      "score": 0.1746,
      "status": "SeedGene"
    },
    "MET": {
      "rank": 46,
      "id": 4233,
      "score": 0.1736,
      "status": "SeedGene"
    },
    "ITCH": {
      "rank": 47,
      "id": 83737,
      "score": 0.1689,
      "status": "SeedGene"
    },
    "AXIN1": {
      "rank": 48,
      "id": 8312,
      "score": 0.1673,
      "status": "SeedGene"
    },
    "MPV17": {
      "rank": 49,
      "id": 4358,
      "score": 0.1641,
      "status": "SeedGene"
    },
    "IGF2R": {
      "rank": 50,
      "id": 3482,
      "score": 0.1632,
      "status": "SeedGene"
    },
    "STAT1": {
      "rank": 51,
      "id": 6772,
      "score": 0.162,
      "status": "SeedGene"
    },
    "IRF5": {
      "rank": 52,
      "id": 3663,
      "score": 0.1552,
      "status": "SeedGene"
    },
    "TNFSF15": {
      "rank": 53,
      "id": 9966,
      "score": 0.1552,
      "status": "SeedGene"
    },
    "IL12RB1": {
      "rank": 54,
      "id": 3594,
      "score": 0.155,
      "status": "SeedGene"
    },
    "FASLG": {
      "rank": 55,
      "id": 356,
      "score": 0.1523,
      "status": "SeedGene"
    },
    "IFT122": {
      "rank": 56,
      "id": 55764,
      "score": 0.1514,
      "status": "SeedGene"
    },
    "POLG": {
      "rank": 57,
      "id": 5428,
      "score": 0.1487,
      "status": "SeedGene"
    },
    "CD3D": {
      "rank": 58,
      "id": 915,
      "score": 0.1473,
      "status": "SeedGene"
    },
    "COG8": {
      "rank": 59,
      "id": 84342,
      "score": 0.1472,
      "status": "SeedGene"
    },
    "CD3E": {
      "rank": 60,
      "id": 916,
      "score": 0.1449,
      "status": "SeedGene"
    },
    "FAS": {
      "rank": 61,
      "id": 355,
      "score": 0.1441,
      "status": "SeedGene"
    },
    "ATP7A": {
      "rank": 62,
      "id": 538,
      "score": 0.1435,
      "status": "SeedGene"
    },
    "MST1": {
      "rank": 63,
      "id": 4485,
      "score": 0.1424,
      "status": "SeedGene"
    },
    "GPR35": {
      "rank": 64,
      "id": 2859,
      "score": 0.1397,
      "status": "SeedGene"
    },
    "CD40LG": {
      "rank": 65,
      "id": 959,
      "score": 0.1389,
      "status": "SeedGene"
    },
    "TCF4": {
      "rank": 66,
      "id": 6925,
      "score": 0.1384,
      "status": "SeedGene"
    },
    "BLNK": {
      "rank": 67,
      "id": 29760,
      "score": 0.1382,
      "status": "SeedGene"
    },
    "PRKCD": {
      "rank": 68,
      "id": 5580,
      "score": 0.1356,
      "status": "SeedGene"
    },
    "GUSB": {
      "rank": 69,
      "id": 2990,
      "score": 0.1343,
      "status": "SeedGene"
    },
    "CASP10": {
      "rank": 70,
      "id": 843,
      "score": 0.1338,
      "status": "SeedGene"
    },
    "CD247": {
      "rank": 71,
      "id": 919,
      "score": 0.1332,
      "status": "SeedGene"
    },
    "NPC1": {
      "rank": 72,
      "id": 4864,
      "score": 0.1322,
      "status": "SeedGene"
    },
    "RASGRP1": {
      "rank": 73,
      "id": 10125,
      "score": 0.1321,
      "status": "SeedGene"
    },
    "BTK": {
      "rank": 74,
      "id": 695,
      "score": 0.1292,
      "status": "SeedGene"
    },
    "C1S": {
      "rank": 75,
      "id": 716,
      "score": 0.1287,
      "status": "SeedGene"
    },
    "IL17F": {
      "rank": 76,
      "id": 112744,
      "score": 0.1278,
      "status": "SeedGene"
    },
    "TNPO3": {
      "rank": 77,
      "id": 23534,
      "score": 0.1273,
      "status": "SeedGene"
    },
    "SPIB": {
      "rank": 78,
      "id": 6689,
      "score": 0.1273,
      "status": "SeedGene"
    },
    "POU2AF1": {
      "rank": 79,
      "id": 5450,
      "score": 0.1273,
      "status": "SeedGene"
    },
    "MMEL1": {
      "rank": 80,
      "id": 79258,
      "score": 0.1273,
      "status": "SeedGene"
    },
    "PDGFRL": {
      "rank": 81,
      "id": 5157,
      "score": 0.1262,
      "status": "SeedGene"
    },
    "CIITA": {
      "rank": 82,
      "id": 4261,
      "score": 0.1259,
      "status": "SeedGene"
    },
    "SKIV2L": {
      "rank": 83,
      "id": 6499,
      "score": 0.1255,
      "status": "SeedGene"
    },
    "IL17RA": {
      "rank": 84,
      "id": 23765,
      "score": 0.1248,
      "status": "SeedGene"
    },
    "IL17RC": {
      "rank": 85,
      "id": 84818,
      "score": 0.1248,
      "status": "SeedGene"
    },
    "CYP7A1": {
      "rank": 86,
      "id": 1581,
      "score": 0.1223,
      "status": "SeedGene"
    },
    "PIEZO1": {
      "rank": 87,
      "id": 9780,
      "score": 0.1212,
      "status": "SeedGene"
    },
    "CD79A": {
      "rank": 88,
      "id": 973,
      "score": 0.1178,
      "status": "SeedGene"
    },
    "SMAD4": {
      "rank": 89,
      "id": 4089,
      "score": 0.1146,
      "status": "SeedGene"
    },
    "WDR35": {
      "rank": 90,
      "id": 57539,
      "score": 0.1145,
      "status": "SeedGene"
    },
    "WDR19": {
      "rank": 91,
      "id": 57728,
      "score": 0.1145,
      "status": "SeedGene"
    },
    "GBA": {
      "rank": 92,
      "id": 2629,
      "score": 0.1139,
      "status": "SeedGene"
    },
    "IGLL1": {
      "rank": 93,
      "id": 3543,
      "score": 0.1134,
      "status": "SeedGene"
    },
    "CD79B": {
      "rank": 94,
      "id": 974,
      "score": 0.1133,
      "status": "SeedGene"
    },
    "C4B": {
      "rank": 95,
      "id": 721,
      "score": 0.1117,
      "status": "SeedGene"
    },
    "TCF3": {
      "rank": 96,
      "id": 6929,
      "score": 0.1105,
      "status": "SeedGene"
    },
    "CLEC7A": {
      "rank": 97,
      "id": 64581,
      "score": 0.1103,
      "status": "SeedGene"
    },
    "JAK2": {
      "rank": 98,
      "id": 3717,
      "score": 0.1098,
      "status": "SeedGene"
    },
    "TPP2": {
      "rank": 99,
      "id": 7174,
      "score": 0.1097,
      "status": "SeedGene"
    },
    "PORCN": {
      "rank": 100,
      "id": 64840,
      "score": 0.1091,
      "status": "SeedGene"
    }
  }
}