{
  "query": {
    "HP:0009049": {
      "id": "HP:0009049",
      "status": "ok",
      "target": [
        "HP:0009049"
      ]
    },
    "HP:0001251": {
      "id": "HP:0001251",
      "status": "ok",
      "target": [
        "HP:0001251"
      ]
    },
    "HP:0009830": {
      "id": "HP:0009830",
      "status": "ok",
      "target": [
        "HP:0009830"
      ]
    }
  },
  "response": {
    "TRPV4": {
      "rank": 1,
      "id": 59341,
      "score": 1.0,
      "status": "SeedGene"
    },
    "DES": {
      "rank": 2,
      "id": 1674,
      "score": 0.6497,
      "status": "SeedGene"
    },
    "LMNA": {
      "rank": 3,
      "id": 4000,
      "score": 0.578,
      "status": "SeedGene"
    },
    "TTN": {
      "rank": 4,
      "id": 7273,
      "score": 0.5418,
      "status": "SeedGene"
    },
    "WASHC5": {
      "rank": 5,
      "id": 9897,
      "score": 0.5415,
      "status": "SeedGene"
    },
    "HINT1": {
      "rank": 6,
      "id": 3094,
      "score": 0.5335,
      "status": "SeedGene"
    },
    "PHYH": {
      "rank": 7,
      "id": 5264,
      "score": 0.2585,
      "status": "SeedGene"
    },
    "PRPS1": {
      "rank": 8,
      "id": 5631,
      "score": 0.2523,
      "status": "SeedGene"
    },
    "PEX7": {
      "rank": 9,
      "id": 5191,
      "score": 0.2354,
      "status": "SeedGene"
    },
    "GLA": {
      "rank": 10,
      "id": 2717,
      "score": 0.2203,
      "status": "SeedGene"
    },
    "CACNA1A": {
      "rank": 11,
      "id": 773,
      "score": 0.2042,
      "status": "SeedGene"
    },
    "JAK2": {
      "rank": 12,
      "id": 3717,
      "score": 0.1973,
      "status": "SeedGene"
    },
    "SCN9A": {
      "rank": 13,
      "id": 6335,
      "score": 0.1917,
      "status": "SeedGene"
    },
    "ARSA": {
      "rank": 14,
      "id": 410,
      "score": 0.1903,
      "status": "SeedGene"
    },
    "CYP27A1": {
      "rank": 15,
      "id": 1593,
      "score": 0.1887,
      "status": "SeedGene"
    },
    "VPS13A": {
      "rank": 16,
      "id": 23230,
      "score": 0.1762,
      "status": "SeedGene"
    },
    "MPL": {
      "rank": 17,
      "id": 4352,
      "score": 0.1702,
      "status": "SeedGene"
    },
    "TP53": {
      "rank": 18,
      "id": 7157,
      "score": 0.1674,
      "status": "SeedGene"
    },
    "ABCD1": {
      "rank": 19,
      "id": 215,
      "score": 0.1662,
      "status": "SeedGene"
    },
    "PRKAR1A": {
      "rank": 20,
      "id": 5573,
      "score": 0.1562,
      "status": "SeedGene"
    },
    "PRKCG": {
      "rank": 21,
      "id": 5582,
      "score": 0.1384,
      "status": "SeedGene"
    },
    "GALC": {
      "rank": 22,
      "id": 2581,
      "score": 0.1368,
      "status": "SeedGene"
    },
    "GBE1": {
      "rank": 23,
      "id": 2632,
      "score": 0.1361,
      "status": "SeedGene"
    },
    "GNA11": {
      "rank": 24,
      "id": 2767,
      "score": 0.1357,
      "status": "SeedGene"
    },
    "SLC46A1": {
      "rank": 25,
      "id": 113235,
      "score": 0.1345,
      "status": "SeedGene"
    },
    "AAAS": {
      "rank": 26,
      "id": 8086,
      "score": 0.1321,
      "status": "SeedGene"
    },
    "CALR": {
      "rank": 27,
      "id": 811,
      "score": 0.1289,
      "status": "SeedGene"
    },
    "TTR": {
      "rank": 28,
      "id": 7276,
      "score": 0.1276,
      "status": "SeedGene"
    },
    "LYST": {
      "rank": 29,
      "id": 1130,
      "score": 0.1262,
      "status": "SeedGene"
    },
    "KIT": {
      "rank": 30,
      "id": 3815,
      "score": 0.1194,
      "status": "SeedGene"
    },
    "INS": {
      "rank": 31,
      "id": 3630,
      "score": 0.1188,
      "status": "SeedGene"
    },
    "SCN2A": {
      "rank": 32,
      "id": 6326,
      "score": 0.1176,
      "status": "SeedGene"
    },
    "ITPR1": {
      "rank": 33,
      "id": 3708,
      "score": 0.117,
      "status": "SeedGene"
    },
    "CASR": {
      "rank": 34,
      "id": 846,
      "score": 0.1151,
      "status": "SeedGene"
    },
    "HLA-DQB1": {
      "rank": 35,
      "id": 3119,
      "score": 0.1146,
      "status": "SeedGene"
    },
    "PDE4D": {
      "rank": 36,
      "id": 5144,
      "score": 0.114,
      "status": "SeedGene"
    },
    "SHANK3": {
      "rank": 37,
      "id": 85358,
      "score": 0.113,
      "status": "SeedGene"
    },
    "GCK": {
      "rank": 38,
      "id": 2645,
      "score": 0.1128,
      "status": "SeedGene"
    },
    "HLA-DQA1": {
      "rank": 39,
      "id": 3117,
      "score": 0.1123,
      "status": "SeedGene"
    },
    "ACO2": {
      "rank": 40,
      "id": 50,
      "score": 0.1118,
      "status": "SeedGene"
    },
    "TBP": {
      "rank": 41,
      "id": 6908,
      "score": 0.1104,
      "status": "SeedGene"
    },
    "SLC2A1": {
      "rank": 42,
      "id": 6513,
      "score": 0.1092,
      "status": "SeedGene"
    },
    "PDHA1": {
      "rank": 43,
      "id": 5160,
      "score": 0.1082,
      "status": "SeedGene"
    },
    "RRM2B": {
      "rank": 44,
      "id": 50484,
      "score": 0.1067,
      "status": "SeedGene"
    },
    "RAI1": {
      "rank": 45,
      "id": 10743,
      "score": 0.1064,
      "status": "SeedGene"
    },
    "INPP5E": {
      "rank": 46,
      "id": 56623,
      "score": 0.1052,
      "status": "SeedGene"
    },
    "KCNJ11": {
      "rank": 47,
      "id": 3767,
      "score": 0.103,
      "status": "SeedGene"
    },
    "PIK3CA": {
      "rank": 48,
      "id": 5290,
      "score": 0.1019,
      "status": "SeedGene"
    },
    "AKT1": {
      "rank": 49,
      "id": 207,
      "score": 0.1019,
      "status": "SeedGene"
    },
    "MTMR2": {
      "rank": 50,
      "id": 8898,
      "score": 0.1009,
      "status": "SeedGene"
    },
    "TMEM237": {
      "rank": 51,
      "id": 65062,
      "score": 0.1009,
      "status": "SeedGene"
    },
    "GMPPA": {
      "rank": 52,
      "id": 29926,
      "score": 0.1,
      "status": "SeedGene"
    },
    "ERCC8": {
      "rank": 53,
      "id": 1161,
      "score": 0.0998,
      "status": "SeedGene"
    },
    "PRNP": {
      "rank": 54,
      "id": 5621,
      "score": 0.0995,
      "status": "SeedGene"
    },
    "PPOX": {
      "rank": 55,
      "id": 5498,
      "score": 0.0994,
      "status": "SeedGene"
    },
    "ERCC6": {
      "rank": 56,
      "id": 2074,
      "score": 0.0994,
      "status": "SeedGene"
    },
    "ATXN3": {
      "rank": 57,
      "id": 4287,
      "score": 0.0982,
      "status": "SeedGene"
    },
    "EDNRB": {
      "rank": 58,
      "id": 1910,
      "score": 0.0981,
      "status": "SeedGene"
    },
    "CTDP1": {
      "rank": 59,
      "id": 9150,
      "score": 0.0981,
      "status": "SeedGene"
    },
    "PRKACA": {
      "rank": 60,
      "id": 5566,
      "score": 0.0979,
      "status": "Predicted"
    },
    "AMACR": {
      "rank": 61,
      "id": 23600,
      "score": 0.0979,
      "status": "SeedGene"
    },
    "CALM1": {
      "rank": 62,
      "id": 801,
      "score": 0.0974,
      "status": "Predicted"
    },
    "SURF1": {
      "rank": 63,
      "id": 6834,
      "score": 0.0964,
      "status": "SeedGene"
    },
    "COX10": {
      "rank": 64,
      "id": 1352,
      "score": 0.096,
      "status": "SeedGene"
    },
    "PPP2R2B": {
      "rank": 65,
      "id": 5521,
      "score": 0.0959,
      "status": "SeedGene"
    },
    "KIF7": {
      "rank": 66,
      "id": 374654,
      "score": 0.0939,
      "status": "SeedGene"
    },
    "KCNJ10": {
      "rank": 67,
      "id": 3766,
      "score": 0.0937,
      "status": "SeedGene"
    },
    "CALM2": {
      "rank": 68,
      "id": 805,
      "score": 0.093,
      "status": "Predicted"
    },
    "CALM3": {
      "rank": 69,
      "id": 808,
      "score": 0.0928,
      "status": "Predicted"
    },
    "ATP7B": {
      "rank": 70,
      "id": 540,
      "score": 0.0927,
      "status": "SeedGene"
    },
    "TGFB1": {
      "rank": 71,
      "id": 7040,
      "score": 0.0919,
      "status": "SeedGene"
    },
    "NF1": {
      "rank": 72,
      "id": 4763,
      "score": 0.0915,
      "status": "SeedGene"
    },
    "ASL": {
      "rank": 73,
      "id": 435,
      "score": 0.0904,
      "status": "SeedGene"
    },
    "PLP1": {
      "rank": 74,
      "id": 5354,
      "score": 0.0904,
      "status": "SeedGene"
    },
    "PRKACB": {
      "rank": 75,
      "id": 5567,
      "score": 0.0902,
      "status": "Predicted"
    },
    "PRICKLE1": {
      "rank": 76,
      "id": 144165,
      "score": 0.0896,
      "status": "SeedGene"
    },
    "APP": {
      "rank": 77,
      "id": 351,
      "score": 0.0892,
      "status": "SeedGene"
    },
    "ATXN2": {
      "rank": 78,
      "id": 6311,
      "score": 0.0892,
      "status": "SeedGene"
    },
    "ABCC8": {
      "rank": 79,
      "id": 6833,
      "score": 0.0891,
      "status": "SeedGene"
    },
    "PRKACG": {
      "rank": 80,
      "id": 5568,
      "score": 0.0891,
      "status": "Predicted"
    },
    "SLC17A5": {
      "rank": 81,
      "id": 26503,
      "score": 0.0882,
      "status": "SeedGene"
    },
    "PIK3R1": {
      "rank": 82,
      "id": 5295,
      "score": 0.0881,
      "status": "Predicted"
    },
    "NDUFS4": {
      "rank": 83,
      "id": 4724,
      "score": 0.088,
      "status": "SeedGene"
    },
    "NDUFS8": {
      "rank": 84,
      "id": 4728,
      "score": 0.088,
      "status": "SeedGene"
    },
    "NDUFV1": {
      "rank": 85,
      "id": 4723,
      "score": 0.088,
      "status": "SeedGene"
    },
    "NDUFS7": {
      "rank": 86,
      "id": 374291,
      "score": 0.088,
      "status": "SeedGene"
    },
    "NDUFA2": {
      "rank": 87,
      "id": 4695,
      "score": 0.088,
      "status": "SeedGene"
    },
    "NDUFS3": {
      "rank": 88,
      "id": 4722,
      "score": 0.088,
      "status": "SeedGene"
    },
    "NDUFS1": {
      "rank": 89,
      "id": 4719,
      "score": 0.088,
      "status": "SeedGene"
    },
    "NDUFA10": {
      "rank": 90,
      "id": 4705,
      "score": 0.088,
      "status": "SeedGene"
    },
    "ATXN1": {
      "rank": 91,
      "id": 6310,
      "score": 0.0879,
      "status": "SeedGene"
    },
    "PIK3R2": {
      "rank": 92,
      "id": 5296,
      "score": 0.0877,
      "status": "Predicted"
    },
    "ATXN8": {
      "rank": 93,
      "id": 724066,
      "score": 0.0877,
      "status": "SeedGene"
    },
    "GNB4": {
      "rank": 94,
      "id": 59345,
      "score": 0.0874,
      "status": "SeedGene"
    },
    "SETX": {
      "rank": 95,
      "id": 23064,
      "score": 0.0872,
      "status": "SeedGene"
    },
    "SACS": {
      "rank": 96,
      "id": 26278,
      "score": 0.0864,
      "status": "SeedGene"
    },
    "UBE3A": {
      "rank": 97,
      "id": 7337,
      "score": 0.0859,
      "status": "SeedGene"
    },
    "PIK3R3": {
      "rank": 98,
      "id": 8503,
      "score": 0.0859,
      "status": "Predicted"
    },
    "GSS": {
      "rank": 99,
      "id": 2937,
      "score": 0.0845,
      "status": "SeedGene"
    },
    "FA2H": {
      "rank": 100,
      "id": 79152,
      "score": 0.0845,
      "status": "SeedGene"
    }
  }
}