{
  "query": {
    "HP:0000823": {
      "id": "HP:0000823",
      "status": "ok",
      "target": [
        "HP:0000823"
      ]
    },
    "HP:0001263": {
      "id": "HP:0001263",
      "status": "ok",
      "target": [
        "HP:0001263"
      ]
    },
    "HP:0001288": {
      "id": "HP:0001288",
      "status": "ok",
      "target": [
        "HP:0001288"
      ]
    },
    "HP:0001347": {
      "id": "HP:0001347",
      "status": "ok",
      "target": [
        "HP:0001347"
      ]
    },
    "HP:0040075": {
      "id": "HP:0040075",
      "status": "ok",
      "target": [
        "HP:0040075"
      ]
    },
    "HP:0030353": {
      "id": "HP:0030353",
      "status": "ok",
      "target": [
        "HP:0030353"
      ]
    },
    "HP:0004322": {
      "id": "HP:0004322",
      "status": "ok",
      "target": [
        "HP:0004322"
      ]
    },
    "HP:0012506": {
      "id": "HP:0012506",
      "status": "ok",
      "target": [
        "HP:0012506"
      ]
    },
    "HP:0008734": {
      "id": "HP:0008734",
      "status": "ok",
      "target": [
        "HP:0008734"
      ]
    }
  },
  "response": {
    "GLI3": {
      "rank": 1,
      "id": 2737,
      "score": 1.0,
      "status": "SeedGene"
    },
    "CHD7": {
      "rank": 2,
      "id": 55636,
      "score": 0.9872,
      "status": "SeedGene"
    },
    "CEP290": {
      "rank": 3,
      "id": 80184,
      "score": 0.8659,
      "status": "SeedGene"
    },
    "ATRX": {
      "rank": 4,
      "id": 546,
      "score": 0.8566,
      "status": "SeedGene"
    },
    "TGFB1": {
      "rank": 5,
      "id": 7040,
      "score": 0.8257,
      "status": "SeedGene"
    },
    "FGFR1": {
      "rank": 6,
      "id": 2260,
      "score": 0.8191,
      "status": "SeedGene"
    },
    "FGF8": {
      "rank": 7,
      "id": 2253,
      "score": 0.7736,
      "status": "SeedGene"
    },
    "SDCCAG8": {
      "rank": 8,
      "id": 10806,
      "score": 0.7491,
      "status": "SeedGene"
    },
    "VPS13B": {
      "rank": 9,
      "id": 157680,
      "score": 0.746,
      "status": "SeedGene"
    },
    "TRIM32": {
      "rank": 10,
      "id": 22954,
      "score": 0.7207,
      "status": "SeedGene"
    },
    "MKS1": {
      "rank": 11,
      "id": 54903,
      "score": 0.7137,
      "status": "SeedGene"
    },
    "HESX1": {
      "rank": 12,
      "id": 8820,
      "score": 0.6984,
      "status": "SeedGene"
    },
    "BBS1": {
      "rank": 13,
      "id": 582,
      "score": 0.6963,
      "status": "SeedGene"
    },
    "ATM": {
      "rank": 14,
      "id": 472,
      "score": 0.6741,
      "status": "SeedGene"
    },
    "PROP1": {
      "rank": 15,
      "id": 5626,
      "score": 0.6538,
      "status": "SeedGene"
    },
    "FGF17": {
      "rank": 16,
      "id": 8822,
      "score": 0.653,
      "status": "SeedGene"
    },
    "TTC8": {
      "rank": 17,
      "id": 123016,
      "score": 0.6468,
      "status": "SeedGene"
    },
    "HSPG2": {
      "rank": 18,
      "id": 3339,
      "score": 0.6419,
      "status": "SeedGene"
    },
    "MKKS": {
      "rank": 19,
      "id": 8195,
      "score": 0.637,
      "status": "SeedGene"
    },
    "ARL6": {
      "rank": 20,
      "id": 84100,
      "score": 0.6284,
      "status": "SeedGene"
    },
    "BBS12": {
      "rank": 21,
      "id": 166379,
      "score": 0.6273,
      "status": "SeedGene"
    },
    "BBS10": {
      "rank": 22,
      "id": 79738,
      "score": 0.6273,
      "status": "SeedGene"
    },
    "BBS4": {
      "rank": 23,
      "id": 585,
      "score": 0.6257,
      "status": "SeedGene"
    },
    "KISS1R": {
      "rank": 24,
      "id": 84634,
      "score": 0.6215,
      "status": "SeedGene"
    },
    "DUSP6": {
      "rank": 25,
      "id": 1848,
      "score": 0.6197,
      "status": "SeedGene"
    },
    "BBS2": {
      "rank": 26,
      "id": 583,
      "score": 0.619,
      "status": "SeedGene"
    },
    "PROKR2": {
      "rank": 27,
      "id": 128674,
      "score": 0.6188,
      "status": "SeedGene"
    },
    "TACR3": {
      "rank": 28,
      "id": 6870,
      "score": 0.616,
      "status": "SeedGene"
    },
    "PROK2": {
      "rank": 29,
      "id": 60675,
      "score": 0.6149,
      "status": "SeedGene"
    },
    "LZTFL1": {
      "rank": 30,
      "id": 54585,
      "score": 0.6085,
      "status": "SeedGene"
    },
    "BBS9": {
      "rank": 31,
      "id": 27241,
      "score": 0.603,
      "status": "SeedGene"
    },
    "BBS5": {
      "rank": 32,
      "id": 129880,
      "score": 0.603,
      "status": "SeedGene"
    },
    "BBS7": {
      "rank": 33,
      "id": 55212,
      "score": 0.603,
      "status": "SeedGene"
    },
    "GLA": {
      "rank": 34,
      "id": 2717,
      "score": 0.5952,
      "status": "SeedGene"
    },
    "HS6ST1": {
      "rank": 35,
      "id": 9394,
      "score": 0.5715,
      "status": "SeedGene"
    },
    "CUL4B": {
      "rank": 36,
      "id": 8450,
      "score": 0.5712,
      "status": "SeedGene"
    },
    "IL17RD": {
      "rank": 37,
      "id": 54756,
      "score": 0.5711,
      "status": "SeedGene"
    },
    "WDPCP": {
      "rank": 38,
      "id": 51057,
      "score": 0.5385,
      "status": "SeedGene"
    },
    "SEMA3A": {
      "rank": 39,
      "id": 10371,
      "score": 0.5329,
      "status": "SeedGene"
    },
    "FLRT3": {
      "rank": 40,
      "id": 23767,
      "score": 0.5195,
      "status": "SeedGene"
    },
    "SLC29A3": {
      "rank": 41,
      "id": 55315,
      "score": 0.5187,
      "status": "SeedGene"
    },
    "SEMA3E": {
      "rank": 42,
      "id": 9723,
      "score": 0.5154,
      "status": "SeedGene"
    },
    "BBIP1": {
      "rank": 43,
      "id": 92482,
      "score": 0.4966,
      "status": "SeedGene"
    },
    "TCF4": {
      "rank": 44,
      "id": 6925,
      "score": 0.4872,
      "status": "SeedGene"
    },
    "POU1F1": {
      "rank": 45,
      "id": 5449,
      "score": 0.4802,
      "status": "SeedGene"
    },
    "SOX10": {
      "rank": 46,
      "id": 6663,
      "score": 0.4772,
      "status": "SeedGene"
    },
    "BRAF": {
      "rank": 47,
      "id": 673,
      "score": 0.475,
      "status": "SeedGene"
    },
    "GH1": {
      "rank": 48,
      "id": 2688,
      "score": 0.4727,
      "status": "SeedGene"
    },
    "WDR11": {
      "rank": 49,
      "id": 55717,
      "score": 0.4641,
      "status": "SeedGene"
    },
    "ANK1": {
      "rank": 50,
      "id": 286,
      "score": 0.4457,
      "status": "SeedGene"
    },
    "BMP4": {
      "rank": 51,
      "id": 652,
      "score": 0.4423,
      "status": "SeedGene"
    },
    "G6PC": {
      "rank": 52,
      "id": 2538,
      "score": 0.4293,
      "status": "SeedGene"
    },
    "SPRY4": {
      "rank": 53,
      "id": 81848,
      "score": 0.4284,
      "status": "SeedGene"
    },
    "NSMF": {
      "rank": 54,
      "id": 26012,
      "score": 0.4279,
      "status": "SeedGene"
    },
    "HLA-DQB1": {
      "rank": 55,
      "id": 3119,
      "score": 0.4165,
      "status": "SeedGene"
    },
    "RAF1": {
      "rank": 56,
      "id": 5894,
      "score": 0.4113,
      "status": "SeedGene"
    },
    "SLC39A4": {
      "rank": 57,
      "id": 55630,
      "score": 0.4103,
      "status": "SeedGene"
    },
    "HLA-DQA1": {
      "rank": 58,
      "id": 3117,
      "score": 0.4069,
      "status": "SeedGene"
    },
    "IGF2": {
      "rank": 59,
      "id": 3481,
      "score": 0.4069,
      "status": "SeedGene"
    },
    "EP300": {
      "rank": 60,
      "id": 2033,
      "score": 0.3971,
      "status": "SeedGene"
    },
    "SLC37A4": {
      "rank": 61,
      "id": 2542,
      "score": 0.3955,
      "status": "SeedGene"
    },
    "PTPN11": {
      "rank": 62,
      "id": 5781,
      "score": 0.3946,
      "status": "SeedGene"
    },
    "CREBBP": {
      "rank": 63,
      "id": 1387,
      "score": 0.3916,
      "status": "SeedGene"
    },
    "ALMS1": {
      "rank": 64,
      "id": 7840,
      "score": 0.3903,
      "status": "SeedGene"
    },
    "KRAS": {
      "rank": 65,
      "id": 3845,
      "score": 0.3889,
      "status": "SeedGene"
    },
    "GLI2": {
      "rank": 66,
      "id": 2736,
      "score": 0.3858,
      "status": "SeedGene"
    },
    "NR0B1": {
      "rank": 67,
      "id": 190,
      "score": 0.3858,
      "status": "SeedGene"
    },
    "SOX3": {
      "rank": 68,
      "id": 6658,
      "score": 0.3807,
      "status": "SeedGene"
    },
    "FSHB": {
      "rank": 69,
      "id": 2488,
      "score": 0.3805,
      "status": "SeedGene"
    },
    "TNFRSF10A": {
      "rank": 70,
      "id": 8797,
      "score": 0.377,
      "status": "Predicted"
    },
    "ELN": {
      "rank": 71,
      "id": 2006,
      "score": 0.3726,
      "status": "SeedGene"
    },
    "CTNNB1": {
      "rank": 72,
      "id": 1499,
      "score": 0.3725,
      "status": "SeedGene"
    },
    "TP53": {
      "rank": 73,
      "id": 7157,
      "score": 0.3694,
      "status": "SeedGene"
    },
    "POMC": {
      "rank": 74,
      "id": 5443,
      "score": 0.3683,
      "status": "SeedGene"
    },
    "FGFR3": {
      "rank": 75,
      "id": 2261,
      "score": 0.3648,
      "status": "SeedGene"
    },
    "PRKACA": {
      "rank": 76,
      "id": 5566,
      "score": 0.3636,
      "status": "SeedGene"
    },
    "AKT1": {
      "rank": 77,
      "id": 207,
      "score": 0.363,
      "status": "SeedGene"
    },
    "IKBKG": {
      "rank": 78,
      "id": 8517,
      "score": 0.3623,
      "status": "SeedGene"
    },
    "DCAF17": {
      "rank": 79,
      "id": 80067,
      "score": 0.3601,
      "status": "SeedGene"
    },
    "COL2A1": {
      "rank": 80,
      "id": 1280,
      "score": 0.3562,
      "status": "SeedGene"
    },
    "LHX4": {
      "rank": 81,
      "id": 89884,
      "score": 0.356,
      "status": "SeedGene"
    },
    "MAP3K7": {
      "rank": 82,
      "id": 6885,
      "score": 0.3553,
      "status": "SeedGene"
    },
    "RPS6KA3": {
      "rank": 83,
      "id": 6197,
      "score": 0.3526,
      "status": "SeedGene"
    },
    "AAAS": {
      "rank": 84,
      "id": 8086,
      "score": 0.348,
      "status": "SeedGene"
    },
    "PTEN": {
      "rank": 85,
      "id": 5728,
      "score": 0.3443,
      "status": "SeedGene"
    },
    "PHF6": {
      "rank": 86,
      "id": 84295,
      "score": 0.3442,
      "status": "SeedGene"
    },
    "PPP2R1A": {
      "rank": 87,
      "id": 5518,
      "score": 0.34,
      "status": "SeedGene"
    },
    "RRM2B": {
      "rank": 88,
      "id": 50484,
      "score": 0.34,
      "status": "SeedGene"
    },
    "ACOX1": {
      "rank": 89,
      "id": 51,
      "score": 0.3397,
      "status": "SeedGene"
    },
    "PIK3CA": {
      "rank": 90,
      "id": 5290,
      "score": 0.3388,
      "status": "SeedGene"
    },
    "HDAC8": {
      "rank": 91,
      "id": 55869,
      "score": 0.337,
      "status": "SeedGene"
    },
    "RAC1": {
      "rank": 92,
      "id": 5879,
      "score": 0.3351,
      "status": "SeedGene"
    },
    "OTX2": {
      "rank": 93,
      "id": 5015,
      "score": 0.3341,
      "status": "SeedGene"
    },
    "LEPR": {
      "rank": 94,
      "id": 3953,
      "score": 0.3339,
      "status": "SeedGene"
    },
    "RPS27A": {
      "rank": 95,
      "id": 6233,
      "score": 0.3317,
      "status": "Predicted"
    },
    "ITPR1": {
      "rank": 96,
      "id": 3708,
      "score": 0.3312,
      "status": "SeedGene"
    },
    "UBA52": {
      "rank": 97,
      "id": 7311,
      "score": 0.3308,
      "status": "Predicted"
    },
    "HERC2": {
      "rank": 98,
      "id": 8924,
      "score": 0.3288,
      "status": "SeedGene"
    },
    "HSP90AA1": {
      "rank": 99,
      "id": 3320,
      "score": 0.3281,
      "status": "Predicted"
    },
    "PIK3R1": {
      "rank": 100,
      "id": 5295,
      "score": 0.3268,
      "status": "SeedGene"
    }
  }
}