{
  "query": {
    "HP:0000787": {
      "id": "HP:0000787",
      "status": "ok",
      "target": [
        "HP:0000787"
      ]
    },
    "HP:0012444": {
      "id": "HP:0012444",
      "status": "ok",
      "target": [
        "HP:0012444"
      ]
    },
    "HP:0001263": {
      "id": "HP:0001263",
      "status": "ok",
      "target": [
        "HP:0001263"
      ]
    },
    "HP:0000826": {
      "id": "HP:0000826",
      "status": "ok",
      "target": [
        "HP:0000826"
      ]
    },
    "HP:0011157": {
      "id": "HP:0011157",
      "status": "ok",
      "target": [
        "HP:0011157"
      ]
    },
    "HP:0001276": {
      "id": "HP:0001276",
      "status": "ok",
      "target": [
        "HP:0001276"
      ]
    },
    "HP:0001257": {
      "id": "HP:0001257",
      "status": "ok",
      "target": [
        "HP:0001257"
      ]
    }
  },
  "response": {
    "NHLRC1": {
      "rank": 1,
      "id": 378884,
      "score": 1.0,
      "status": "SeedGene"
    },
    "EPM2A": {
      "rank": 2,
      "id": 7957,
      "score": 0.9466,
      "status": "SeedGene"
    },
    "GNAS": {
      "rank": 3,
      "id": 2778,
      "score": 0.5343,
      "status": "SeedGene"
    },
    "MECP2": {
      "rank": 4,
      "id": 4204,
      "score": 0.4955,
      "status": "SeedGene"
    },
    "CDKL5": {
      "rank": 5,
      "id": 6792,
      "score": 0.4638,
      "status": "SeedGene"
    },
    "HGD": {
      "rank": 6,
      "id": 3081,
      "score": 0.4545,
      "status": "SeedGene"
    },
    "HPRT1": {
      "rank": 7,
      "id": 3251,
      "score": 0.4484,
      "status": "SeedGene"
    },
    "SLC3A1": {
      "rank": 8,
      "id": 6519,
      "score": 0.4442,
      "status": "SeedGene"
    },
    "DHCR7": {
      "rank": 9,
      "id": 1717,
      "score": 0.4214,
      "status": "SeedGene"
    },
    "APRT": {
      "rank": 10,
      "id": 353,
      "score": 0.4068,
      "status": "SeedGene"
    },
    "STK11": {
      "rank": 11,
      "id": 6794,
      "score": 0.3882,
      "status": "SeedGene"
    },
    "NTNG1": {
      "rank": 12,
      "id": 22854,
      "score": 0.3842,
      "status": "SeedGene"
    },
    "AGPAT2": {
      "rank": 13,
      "id": 10555,
      "score": 0.3711,
      "status": "SeedGene"
    },
    "FOXG1": {
      "rank": 14,
      "id": 2290,
      "score": 0.3684,
      "status": "SeedGene"
    },
    "FOS": {
      "rank": 15,
      "id": 2353,
      "score": 0.3319,
      "status": "SeedGene"
    },
    "TSC2": {
      "rank": 16,
      "id": 7249,
      "score": 0.3309,
      "status": "SeedGene"
    },
    "CAV1": {
      "rank": 17,
      "id": 857,
      "score": 0.3259,
      "status": "SeedGene"
    },
    "KDM6A": {
      "rank": 18,
      "id": 7403,
      "score": 0.3154,
      "status": "SeedGene"
    },
    "TSC1": {
      "rank": 19,
      "id": 7248,
      "score": 0.3111,
      "status": "SeedGene"
    },
    "CYP27A1": {
      "rank": 20,
      "id": 1593,
      "score": 0.311,
      "status": "SeedGene"
    },
    "NSD1": {
      "rank": 21,
      "id": 64324,
      "score": 0.2972,
      "status": "SeedGene"
    },
    "KMT2D": {
      "rank": 22,
      "id": 8085,
      "score": 0.2964,
      "status": "SeedGene"
    },
    "ELN": {
      "rank": 23,
      "id": 2006,
      "score": 0.2913,
      "status": "SeedGene"
    },
    "BSCL2": {
      "rank": 24,
      "id": 26580,
      "score": 0.2878,
      "status": "SeedGene"
    },
    "ATP7B": {
      "rank": 25,
      "id": 540,
      "score": 0.2874,
      "status": "SeedGene"
    },
    "GNA11": {
      "rank": 26,
      "id": 2767,
      "score": 0.2833,
      "status": "SeedGene"
    },
    "PREPL": {
      "rank": 27,
      "id": 9581,
      "score": 0.2674,
      "status": "SeedGene"
    },
    "G6PC": {
      "rank": 28,
      "id": 2538,
      "score": 0.2554,
      "status": "SeedGene"
    },
    "KCNA1": {
      "rank": 29,
      "id": 3736,
      "score": 0.2535,
      "status": "SeedGene"
    },
    "NFIX": {
      "rank": 30,
      "id": 4784,
      "score": 0.2516,
      "status": "SeedGene"
    },
    "SMAD4": {
      "rank": 31,
      "id": 4089,
      "score": 0.25,
      "status": "SeedGene"
    },
    "SLC37A4": {
      "rank": 32,
      "id": 2542,
      "score": 0.2487,
      "status": "SeedGene"
    },
    "VDR": {
      "rank": 33,
      "id": 7421,
      "score": 0.2486,
      "status": "SeedGene"
    },
    "CASR": {
      "rank": 34,
      "id": 846,
      "score": 0.2444,
      "status": "SeedGene"
    },
    "XDH": {
      "rank": 35,
      "id": 7498,
      "score": 0.2433,
      "status": "SeedGene"
    },
    "LIMK1": {
      "rank": 36,
      "id": 3984,
      "score": 0.2426,
      "status": "SeedGene"
    },
    "PRPS1": {
      "rank": 37,
      "id": 5631,
      "score": 0.2406,
      "status": "SeedGene"
    },
    "EP300": {
      "rank": 38,
      "id": 2033,
      "score": 0.2367,
      "status": "SeedGene"
    },
    "ERCC2": {
      "rank": 39,
      "id": 2068,
      "score": 0.231,
      "status": "SeedGene"
    },
    "KRAS": {
      "rank": 40,
      "id": 3845,
      "score": 0.2253,
      "status": "SeedGene"
    },
    "RFC2": {
      "rank": 41,
      "id": 5982,
      "score": 0.2238,
      "status": "SeedGene"
    },
    "HRAS": {
      "rank": 42,
      "id": 3265,
      "score": 0.222,
      "status": "SeedGene"
    },
    "CREBBP": {
      "rank": 43,
      "id": 1387,
      "score": 0.2193,
      "status": "SeedGene"
    },
    "GRHPR": {
      "rank": 44,
      "id": 9380,
      "score": 0.2176,
      "status": "SeedGene"
    },
    "ARG1": {
      "rank": 45,
      "id": 383,
      "score": 0.2166,
      "status": "SeedGene"
    },
    "PAFAH1B1": {
      "rank": 46,
      "id": 5048,
      "score": 0.2166,
      "status": "SeedGene"
    },
    "RARS2": {
      "rank": 47,
      "id": 57038,
      "score": 0.215,
      "status": "SeedGene"
    },
    "RAB23": {
      "rank": 48,
      "id": 51715,
      "score": 0.2139,
      "status": "SeedGene"
    },
    "RELN": {
      "rank": 49,
      "id": 5649,
      "score": 0.2126,
      "status": "SeedGene"
    },
    "SLC2A1": {
      "rank": 50,
      "id": 6513,
      "score": 0.2101,
      "status": "SeedGene"
    },
    "HSPG2": {
      "rank": 51,
      "id": 3339,
      "score": 0.2022,
      "status": "SeedGene"
    },
    "COX10": {
      "rank": 52,
      "id": 1352,
      "score": 0.1976,
      "status": "SeedGene"
    },
    "IKBKG": {
      "rank": 53,
      "id": 8517,
      "score": 0.1966,
      "status": "SeedGene"
    },
    "PDHA1": {
      "rank": 54,
      "id": 5160,
      "score": 0.1962,
      "status": "SeedGene"
    },
    "STAMBP": {
      "rank": 55,
      "id": 10617,
      "score": 0.1948,
      "status": "SeedGene"
    },
    "SLC17A5": {
      "rank": 56,
      "id": 26503,
      "score": 0.1937,
      "status": "SeedGene"
    },
    "EZH2": {
      "rank": 57,
      "id": 2146,
      "score": 0.1916,
      "status": "SeedGene"
    },
    "ASPA": {
      "rank": 58,
      "id": 443,
      "score": 0.1915,
      "status": "SeedGene"
    },
    "UBE3A": {
      "rank": 59,
      "id": 7337,
      "score": 0.1908,
      "status": "SeedGene"
    },
    "PLP1": {
      "rank": 60,
      "id": 5354,
      "score": 0.1898,
      "status": "SeedGene"
    },
    "SURF1": {
      "rank": 61,
      "id": 6834,
      "score": 0.1893,
      "status": "SeedGene"
    },
    "BAZ1B": {
      "rank": 62,
      "id": 9031,
      "score": 0.187,
      "status": "SeedGene"
    },
    "HNF1B": {
      "rank": 63,
      "id": 6928,
      "score": 0.1849,
      "status": "SeedGene"
    },
    "SLC7A9": {
      "rank": 64,
      "id": 11136,
      "score": 0.1835,
      "status": "SeedGene"
    },
    "AKT1": {
      "rank": 65,
      "id": 207,
      "score": 0.1828,
      "status": "SeedGene"
    },
    "SLC16A2": {
      "rank": 66,
      "id": 6567,
      "score": 0.1816,
      "status": "SeedGene"
    },
    "GTF2I": {
      "rank": 67,
      "id": 2969,
      "score": 0.1783,
      "status": "SeedGene"
    },
    "LETM1": {
      "rank": 68,
      "id": 3954,
      "score": 0.1777,
      "status": "SeedGene"
    },
    "TBL2": {
      "rank": 69,
      "id": 26608,
      "score": 0.1776,
      "status": "SeedGene"
    },
    "SMPD1": {
      "rank": 70,
      "id": 6609,
      "score": 0.1754,
      "status": "SeedGene"
    },
    "GTF2IRD1": {
      "rank": 71,
      "id": 9569,
      "score": 0.1747,
      "status": "SeedGene"
    },
    "SUMF1": {
      "rank": 72,
      "id": 285362,
      "score": 0.1737,
      "status": "SeedGene"
    },
    "GBA": {
      "rank": 73,
      "id": 2629,
      "score": 0.1734,
      "status": "SeedGene"
    },
    "PIK3R1": {
      "rank": 74,
      "id": 5295,
      "score": 0.1733,
      "status": "SeedGene"
    },
    "OCRL": {
      "rank": 75,
      "id": 4952,
      "score": 0.1715,
      "status": "SeedGene"
    },
    "GALC": {
      "rank": 76,
      "id": 2581,
      "score": 0.1715,
      "status": "SeedGene"
    },
    "ERCC6": {
      "rank": 77,
      "id": 2074,
      "score": 0.1713,
      "status": "SeedGene"
    },
    "CALM2": {
      "rank": 78,
      "id": 805,
      "score": 0.171,
      "status": "Predicted"
    },
    "CALM1": {
      "rank": 79,
      "id": 801,
      "score": 0.1701,
      "status": "Predicted"
    },
    "CALM3": {
      "rank": 80,
      "id": 808,
      "score": 0.1701,
      "status": "Predicted"
    },
    "PIK3CA": {
      "rank": 81,
      "id": 5290,
      "score": 0.1695,
      "status": "SeedGene"
    },
    "RAP1A": {
      "rank": 82,
      "id": 5906,
      "score": 0.1695,
      "status": "SeedGene"
    },
    "ADSL": {
      "rank": 83,
      "id": 158,
      "score": 0.1688,
      "status": "SeedGene"
    },
    "ARX": {
      "rank": 84,
      "id": 170302,
      "score": 0.1683,
      "status": "SeedGene"
    },
    "EXOSC3": {
      "rank": 85,
      "id": 51010,
      "score": 0.1674,
      "status": "SeedGene"
    },
    "GLI3": {
      "rank": 86,
      "id": 2737,
      "score": 0.1658,
      "status": "SeedGene"
    },
    "TP53": {
      "rank": 87,
      "id": 7157,
      "score": 0.1654,
      "status": "SeedGene"
    },
    "STXBP1": {
      "rank": 88,
      "id": 6812,
      "score": 0.1652,
      "status": "SeedGene"
    },
    "PEX7": {
      "rank": 89,
      "id": 5191,
      "score": 0.1651,
      "status": "SeedGene"
    },
    "GLB1": {
      "rank": 90,
      "id": 2720,
      "score": 0.1649,
      "status": "SeedGene"
    },
    "UBB": {
      "rank": 91,
      "id": 7314,
      "score": 0.1647,
      "status": "Predicted"
    },
    "LGI1": {
      "rank": 92,
      "id": 9211,
      "score": 0.1644,
      "status": "SeedGene"
    },
    "PTEN": {
      "rank": 93,
      "id": 5728,
      "score": 0.1642,
      "status": "SeedGene"
    },
    "NDUFS1": {
      "rank": 94,
      "id": 4719,
      "score": 0.164,
      "status": "SeedGene"
    },
    "NDUFA2": {
      "rank": 95,
      "id": 4695,
      "score": 0.1639,
      "status": "SeedGene"
    },
    "NDUFV1": {
      "rank": 96,
      "id": 4723,
      "score": 0.1639,
      "status": "SeedGene"
    },
    "MVK": {
      "rank": 97,
      "id": 4598,
      "score": 0.1637,
      "status": "SeedGene"
    },
    "AGL": {
      "rank": 98,
      "id": 178,
      "score": 0.1635,
      "status": "Predicted"
    },
    "AP2S1": {
      "rank": 99,
      "id": 1175,
      "score": 0.1634,
      "status": "SeedGene"
    },
    "DHCR24": {
      "rank": 100,
      "id": 1718,
      "score": 0.1633,
      "status": "SeedGene"
    }
  }
}