{
  "query": {
    "HP:0001251": {
      "id": "HP:0001251",
      "status": "ok",
      "target": [
        "HP:0001251"
      ]
    }
  },
  "response": {
    "TMEM237": {
      "rank": 1,
      "id": 65062,
      "score": 1.0,
      "status": "SeedGene"
    },
    "CACNA1A": {
      "rank": 2,
      "id": 773,
      "score": 0.9618,
      "status": "SeedGene"
    },
    "INPP5E": {
      "rank": 3,
      "id": 56623,
      "score": 0.9001,
      "status": "SeedGene"
    },
    "PRNP": {
      "rank": 4,
      "id": 5621,
      "score": 0.8583,
      "status": "SeedGene"
    },
    "KIF7": {
      "rank": 5,
      "id": 374654,
      "score": 0.8494,
      "status": "SeedGene"
    },
    "COX10": {
      "rank": 6,
      "id": 1352,
      "score": 0.797,
      "status": "SeedGene"
    },
    "PRPS1": {
      "rank": 7,
      "id": 5631,
      "score": 0.7812,
      "status": "SeedGene"
    },
    "CEP41": {
      "rank": 8,
      "id": 95681,
      "score": 0.7629,
      "status": "SeedGene"
    },
    "PDHA1": {
      "rank": 9,
      "id": 5160,
      "score": 0.7625,
      "status": "SeedGene"
    },
    "ASL": {
      "rank": 10,
      "id": 435,
      "score": 0.7584,
      "status": "SeedGene"
    },
    "ABCD1": {
      "rank": 11,
      "id": 215,
      "score": 0.7373,
      "status": "SeedGene"
    },
    "RPGRIP1L": {
      "rank": 12,
      "id": 23322,
      "score": 0.7369,
      "status": "SeedGene"
    },
    "UBE3A": {
      "rank": 13,
      "id": 7337,
      "score": 0.7251,
      "status": "SeedGene"
    },
    "CYP27A1": {
      "rank": 14,
      "id": 1593,
      "score": 0.7243,
      "status": "SeedGene"
    },
    "PLP1": {
      "rank": 15,
      "id": 5354,
      "score": 0.7219,
      "status": "SeedGene"
    },
    "TMEM67": {
      "rank": 16,
      "id": 91147,
      "score": 0.7048,
      "status": "SeedGene"
    },
    "SURF1": {
      "rank": 17,
      "id": 6834,
      "score": 0.7044,
      "status": "SeedGene"
    },
    "ALDH5A1": {
      "rank": 18,
      "id": 7915,
      "score": 0.7036,
      "status": "SeedGene"
    },
    "SLC16A2": {
      "rank": 19,
      "id": 6567,
      "score": 0.6959,
      "status": "SeedGene"
    },
    "GSS": {
      "rank": 20,
      "id": 2937,
      "score": 0.6947,
      "status": "SeedGene"
    },
    "PHYH": {
      "rank": 21,
      "id": 5264,
      "score": 0.6894,
      "status": "SeedGene"
    },
    "TMEM216": {
      "rank": 22,
      "id": 51259,
      "score": 0.6809,
      "status": "SeedGene"
    },
    "CC2D2A": {
      "rank": 23,
      "id": 57545,
      "score": 0.6788,
      "status": "SeedGene"
    },
    "TCF4": {
      "rank": 24,
      "id": 6925,
      "score": 0.6732,
      "status": "SeedGene"
    },
    "SLC17A5": {
      "rank": 25,
      "id": 26503,
      "score": 0.6719,
      "status": "SeedGene"
    },
    "SLC2A1": {
      "rank": 26,
      "id": 6513,
      "score": 0.6715,
      "status": "SeedGene"
    },
    "ITPR1": {
      "rank": 27,
      "id": 3708,
      "score": 0.6711,
      "status": "SeedGene"
    },
    "CEP290": {
      "rank": 28,
      "id": 80184,
      "score": 0.6411,
      "status": "SeedGene"
    },
    "FA2H": {
      "rank": 29,
      "id": 79152,
      "score": 0.6322,
      "status": "SeedGene"
    },
    "PEX7": {
      "rank": 30,
      "id": 5191,
      "score": 0.611,
      "status": "SeedGene"
    },
    "SCN1A": {
      "rank": 31,
      "id": 6323,
      "score": 0.5976,
      "status": "SeedGene"
    },
    "ATM": {
      "rank": 32,
      "id": 472,
      "score": 0.5956,
      "status": "SeedGene"
    },
    "AAAS": {
      "rank": 33,
      "id": 8086,
      "score": 0.5842,
      "status": "SeedGene"
    },
    "ATXN10": {
      "rank": 34,
      "id": 25814,
      "score": 0.5826,
      "status": "SeedGene"
    },
    "COX15": {
      "rank": 35,
      "id": 1355,
      "score": 0.5765,
      "status": "SeedGene"
    },
    "ARSA": {
      "rank": 36,
      "id": 410,
      "score": 0.5765,
      "status": "SeedGene"
    },
    "NDUFS4": {
      "rank": 37,
      "id": 4724,
      "score": 0.5696,
      "status": "SeedGene"
    },
    "NDUFS8": {
      "rank": 38,
      "id": 4728,
      "score": 0.5696,
      "status": "SeedGene"
    },
    "NDUFV1": {
      "rank": 39,
      "id": 4723,
      "score": 0.5696,
      "status": "SeedGene"
    },
    "NDUFS7": {
      "rank": 40,
      "id": 374291,
      "score": 0.5696,
      "status": "SeedGene"
    },
    "NDUFA2": {
      "rank": 41,
      "id": 4695,
      "score": 0.5696,
      "status": "SeedGene"
    },
    "NDUFS3": {
      "rank": 42,
      "id": 4722,
      "score": 0.5696,
      "status": "SeedGene"
    },
    "NDUFS1": {
      "rank": 43,
      "id": 4719,
      "score": 0.5696,
      "status": "SeedGene"
    },
    "NDUFA10": {
      "rank": 44,
      "id": 4705,
      "score": 0.5696,
      "status": "SeedGene"
    },
    "SLC46A1": {
      "rank": 45,
      "id": 113235,
      "score": 0.5688,
      "status": "SeedGene"
    },
    "SDHA": {
      "rank": 46,
      "id": 6389,
      "score": 0.566,
      "status": "SeedGene"
    },
    "TTR": {
      "rank": 47,
      "id": 7276,
      "score": 0.5652,
      "status": "SeedGene"
    },
    "OFD1": {
      "rank": 48,
      "id": 8481,
      "score": 0.5615,
      "status": "SeedGene"
    },
    "PRKCG": {
      "rank": 49,
      "id": 5582,
      "score": 0.5615,
      "status": "SeedGene"
    },
    "AHI1": {
      "rank": 50,
      "id": 54806,
      "score": 0.5457,
      "status": "SeedGene"
    },
    "MVK": {
      "rank": 51,
      "id": 4598,
      "score": 0.5343,
      "status": "SeedGene"
    },
    "NPC2": {
      "rank": 52,
      "id": 10577,
      "score": 0.5343,
      "status": "SeedGene"
    },
    "TMEM231": {
      "rank": 53,
      "id": 79583,
      "score": 0.5298,
      "status": "SeedGene"
    },
    "ALK": {
      "rank": 54,
      "id": 238,
      "score": 0.5294,
      "status": "SeedGene"
    },
    "DLAT": {
      "rank": 55,
      "id": 1737,
      "score": 0.5278,
      "status": "SeedGene"
    },
    "COX6B1": {
      "rank": 56,
      "id": 1340,
      "score": 0.5258,
      "status": "SeedGene"
    },
    "PNP": {
      "rank": 57,
      "id": 4860,
      "score": 0.5217,
      "status": "SeedGene"
    },
    "PDHX": {
      "rank": 58,
      "id": 8050,
      "score": 0.5217,
      "status": "SeedGene"
    },
    "ACO2": {
      "rank": 59,
      "id": 50,
      "score": 0.5168,
      "status": "SeedGene"
    },
    "DLD": {
      "rank": 60,
      "id": 1738,
      "score": 0.5116,
      "status": "SeedGene"
    },
    "SLC19A3": {
      "rank": 61,
      "id": 80704,
      "score": 0.5112,
      "status": "SeedGene"
    },
    "COQ2": {
      "rank": 62,
      "id": 27235,
      "score": 0.5095,
      "status": "SeedGene"
    },
    "NPC1": {
      "rank": 63,
      "id": 4864,
      "score": 0.5022,
      "status": "SeedGene"
    },
    "SUMF1": {
      "rank": 64,
      "id": 285362,
      "score": 0.5018,
      "status": "SeedGene"
    },
    "MECP2": {
      "rank": 65,
      "id": 4204,
      "score": 0.501,
      "status": "SeedGene"
    },
    "NPHP1": {
      "rank": 66,
      "id": 4867,
      "score": 0.5006,
      "status": "SeedGene"
    },
    "TBP": {
      "rank": 67,
      "id": 6908,
      "score": 0.5006,
      "status": "SeedGene"
    },
    "RRM2B": {
      "rank": 68,
      "id": 50484,
      "score": 0.499,
      "status": "SeedGene"
    },
    "SLC1A3": {
      "rank": 69,
      "id": 6507,
      "score": 0.497,
      "status": "SeedGene"
    },
    "ADSL": {
      "rank": 70,
      "id": 158,
      "score": 0.497,
      "status": "SeedGene"
    },
    "GCH1": {
      "rank": 71,
      "id": 2643,
      "score": 0.4965,
      "status": "SeedGene"
    },
    "POLG": {
      "rank": 72,
      "id": 5428,
      "score": 0.4945,
      "status": "SeedGene"
    },
    "TCTN3": {
      "rank": 73,
      "id": 26123,
      "score": 0.4921,
      "status": "SeedGene"
    },
    "TCTN2": {
      "rank": 74,
      "id": 79867,
      "score": 0.4921,
      "status": "SeedGene"
    },
    "TCTN1": {
      "rank": 75,
      "id": 79600,
      "score": 0.4921,
      "status": "SeedGene"
    },
    "SCO2": {
      "rank": 76,
      "id": 9997,
      "score": 0.4827,
      "status": "SeedGene"
    },
    "HLA-DQB1": {
      "rank": 77,
      "id": 3119,
      "score": 0.4811,
      "status": "SeedGene"
    },
    "HLA-DQA1": {
      "rank": 78,
      "id": 3117,
      "score": 0.4807,
      "status": "SeedGene"
    },
    "ARL13B": {
      "rank": 79,
      "id": 200894,
      "score": 0.4693,
      "status": "SeedGene"
    },
    "TERT": {
      "rank": 80,
      "id": 7015,
      "score": 0.4677,
      "status": "SeedGene"
    },
    "GAMT": {
      "rank": 81,
      "id": 2593,
      "score": 0.4661,
      "status": "SeedGene"
    },
    "GMPPA": {
      "rank": 82,
      "id": 29926,
      "score": 0.4641,
      "status": "SeedGene"
    },
    "ERCC2": {
      "rank": 83,
      "id": 2068,
      "score": 0.4641,
      "status": "SeedGene"
    },
    "FTL": {
      "rank": 84,
      "id": 2512,
      "score": 0.4584,
      "status": "SeedGene"
    },
    "ERCC6": {
      "rank": 85,
      "id": 2074,
      "score": 0.447,
      "status": "SeedGene"
    },
    "SLC39A4": {
      "rank": 86,
      "id": 55630,
      "score": 0.4466,
      "status": "SeedGene"
    },
    "NDUFAF6": {
      "rank": 87,
      "id": 137682,
      "score": 0.4462,
      "status": "SeedGene"
    },
    "ERCC8": {
      "rank": 88,
      "id": 1161,
      "score": 0.4442,
      "status": "SeedGene"
    },
    "AKT1": {
      "rank": 89,
      "id": 207,
      "score": 0.4413,
      "status": "SeedGene"
    },
    "BCS1L": {
      "rank": 90,
      "id": 617,
      "score": 0.4405,
      "status": "SeedGene"
    },
    "ATXN3": {
      "rank": 91,
      "id": 4287,
      "score": 0.4397,
      "status": "SeedGene"
    },
    "CACNB4": {
      "rank": 92,
      "id": 785,
      "score": 0.4361,
      "status": "SeedGene"
    },
    "PDP1": {
      "rank": 93,
      "id": 54704,
      "score": 0.4324,
      "status": "SeedGene"
    },
    "CTDP1": {
      "rank": 94,
      "id": 9150,
      "score": 0.43,
      "status": "SeedGene"
    },
    "PPT1": {
      "rank": 95,
      "id": 5538,
      "score": 0.43,
      "status": "SeedGene"
    },
    "EDNRB": {
      "rank": 96,
      "id": 1910,
      "score": 0.4287,
      "status": "SeedGene"
    },
    "TINF2": {
      "rank": 97,
      "id": 26277,
      "score": 0.4267,
      "status": "SeedGene"
    },
    "RTEL1": {
      "rank": 98,
      "id": 51750,
      "score": 0.4263,
      "status": "SeedGene"
    },
    "LIPT1": {
      "rank": 99,
      "id": 51601,
      "score": 0.421,
      "status": "SeedGene"
    },
    "GFAP": {
      "rank": 100,
      "id": 2670,
      "score": 0.4206,
      "status": "SeedGene"
    }
  }
}