{
  "query": {
    "HP:0011096": {
      "id": "HP:0011096",
      "status": "ok",
      "target": [
        "HP:0011096"
      ]
    },
    "HP:0009830": {
      "id": "HP:0009830",
      "status": "ok",
      "target": [
        "HP:0009830"
      ]
    },
    "HP:0003474": {
      "id": "HP:0003474",
      "status": "ok",
      "target": [
        "HP:0003474"
      ]
    },
    "HP:0003401": {
      "id": "HP:0003401",
      "status": "ok",
      "target": [
        "HP:0003401"
      ]
    }
  },
  "response": {
    "FGD4": {
      "rank": 1,
      "id": 121512,
      "score": 1.0,
      "status": "SeedGene"
    },
    "GLA": {
      "rank": 2,
      "id": 2717,
      "score": 0.9868,
      "status": "SeedGene"
    },
    "PRPS1": {
      "rank": 3,
      "id": 5631,
      "score": 0.9808,
      "status": "SeedGene"
    },
    "EGR2": {
      "rank": 4,
      "id": 1959,
      "score": 0.9796,
      "status": "SeedGene"
    },
    "SBF2": {
      "rank": 5,
      "id": 81846,
      "score": 0.9222,
      "status": "SeedGene"
    },
    "NDRG1": {
      "rank": 6,
      "id": 10397,
      "score": 0.9094,
      "status": "SeedGene"
    },
    "SH3TC2": {
      "rank": 7,
      "id": 79628,
      "score": 0.8933,
      "status": "SeedGene"
    },
    "PRX": {
      "rank": 8,
      "id": 57716,
      "score": 0.8799,
      "status": "SeedGene"
    },
    "JAK2": {
      "rank": 9,
      "id": 3717,
      "score": 0.8341,
      "status": "SeedGene"
    },
    "MPL": {
      "rank": 10,
      "id": 4352,
      "score": 0.7876,
      "status": "SeedGene"
    },
    "ABCA1": {
      "rank": 11,
      "id": 19,
      "score": 0.7765,
      "status": "SeedGene"
    },
    "ARSA": {
      "rank": 12,
      "id": 410,
      "score": 0.7744,
      "status": "SeedGene"
    },
    "GALC": {
      "rank": 13,
      "id": 2581,
      "score": 0.7504,
      "status": "SeedGene"
    },
    "MPZ": {
      "rank": 14,
      "id": 4359,
      "score": 0.731,
      "status": "SeedGene"
    },
    "CTDP1": {
      "rank": 15,
      "id": 9150,
      "score": 0.6924,
      "status": "SeedGene"
    },
    "PMP22": {
      "rank": 16,
      "id": 5376,
      "score": 0.6801,
      "status": "SeedGene"
    },
    "GDAP1": {
      "rank": 17,
      "id": 54332,
      "score": 0.6778,
      "status": "SeedGene"
    },
    "MTMR2": {
      "rank": 18,
      "id": 8898,
      "score": 0.6046,
      "status": "SeedGene"
    },
    "SUMF1": {
      "rank": 19,
      "id": 285362,
      "score": 0.5855,
      "status": "SeedGene"
    },
    "TP53": {
      "rank": 20,
      "id": 7157,
      "score": 0.5625,
      "status": "SeedGene"
    },
    "SBF1": {
      "rank": 21,
      "id": 6305,
      "score": 0.538,
      "status": "SeedGene"
    },
    "GNA11": {
      "rank": 22,
      "id": 2767,
      "score": 0.5367,
      "status": "SeedGene"
    },
    "CASR": {
      "rank": 23,
      "id": 846,
      "score": 0.5305,
      "status": "SeedGene"
    },
    "RAI1": {
      "rank": 24,
      "id": 10743,
      "score": 0.5289,
      "status": "SeedGene"
    },
    "SHANK3": {
      "rank": 25,
      "id": 85358,
      "score": 0.5268,
      "status": "SeedGene"
    },
    "CALR": {
      "rank": 26,
      "id": 811,
      "score": 0.5254,
      "status": "SeedGene"
    },
    "GCDH": {
      "rank": 27,
      "id": 2639,
      "score": 0.5207,
      "status": "SeedGene"
    },
    "MTTP": {
      "rank": 28,
      "id": 4547,
      "score": 0.5185,
      "status": "SeedGene"
    },
    "PHYH": {
      "rank": 29,
      "id": 5264,
      "score": 0.5131,
      "status": "SeedGene"
    },
    "LYST": {
      "rank": 30,
      "id": 1130,
      "score": 0.5079,
      "status": "SeedGene"
    },
    "GBE1": {
      "rank": 31,
      "id": 2632,
      "score": 0.4888,
      "status": "SeedGene"
    },
    "PEX7": {
      "rank": 32,
      "id": 5191,
      "score": 0.4603,
      "status": "SeedGene"
    },
    "KIT": {
      "rank": 33,
      "id": 3815,
      "score": 0.4178,
      "status": "SeedGene"
    },
    "TET2": {
      "rank": 34,
      "id": 54790,
      "score": 0.3766,
      "status": "SeedGene"
    },
    "SCN9A": {
      "rank": 35,
      "id": 6335,
      "score": 0.3726,
      "status": "SeedGene"
    },
    "FIG4": {
      "rank": 36,
      "id": 9896,
      "score": 0.3672,
      "status": "SeedGene"
    },
    "CACNA1A": {
      "rank": 37,
      "id": 773,
      "score": 0.3629,
      "status": "SeedGene"
    },
    "THPO": {
      "rank": 38,
      "id": 7066,
      "score": 0.356,
      "status": "SeedGene"
    },
    "NEFL": {
      "rank": 39,
      "id": 4747,
      "score": 0.3539,
      "status": "SeedGene"
    },
    "NF1": {
      "rank": 40,
      "id": 4763,
      "score": 0.3524,
      "status": "SeedGene"
    },
    "KCNQ2": {
      "rank": 41,
      "id": 3785,
      "score": 0.3457,
      "status": "SeedGene"
    },
    "KCNQ3": {
      "rank": 42,
      "id": 3786,
      "score": 0.3457,
      "status": "SeedGene"
    },
    "SCN2A": {
      "rank": 43,
      "id": 6326,
      "score": 0.3372,
      "status": "SeedGene"
    },
    "PRKCG": {
      "rank": 44,
      "id": 5582,
      "score": 0.3355,
      "status": "SeedGene"
    },
    "HMBS": {
      "rank": 45,
      "id": 3145,
      "score": 0.3265,
      "status": "SeedGene"
    },
    "DNM2": {
      "rank": 46,
      "id": 1785,
      "score": 0.3225,
      "status": "SeedGene"
    },
    "SPTLC1": {
      "rank": 47,
      "id": 10558,
      "score": 0.3008,
      "status": "SeedGene"
    },
    "SAR1B": {
      "rank": 48,
      "id": 51128,
      "score": 0.2881,
      "status": "SeedGene"
    },
    "FMR1": {
      "rank": 49,
      "id": 2332,
      "score": 0.2871,
      "status": "SeedGene"
    },
    "TBP": {
      "rank": 50,
      "id": 6908,
      "score": 0.2825,
      "status": "SeedGene"
    },
    "NTRK1": {
      "rank": 51,
      "id": 4914,
      "score": 0.2762,
      "status": "SeedGene"
    },
    "PSAP": {
      "rank": 52,
      "id": 5660,
      "score": 0.2495,
      "status": "SeedGene"
    },
    "ATXN3": {
      "rank": 53,
      "id": 4287,
      "score": 0.2487,
      "status": "SeedGene"
    },
    "APP": {
      "rank": 54,
      "id": 351,
      "score": 0.2485,
      "status": "SeedGene"
    },
    "GAN": {
      "rank": 55,
      "id": 8139,
      "score": 0.2455,
      "status": "SeedGene"
    },
    "SETX": {
      "rank": 56,
      "id": 23064,
      "score": 0.2427,
      "status": "SeedGene"
    },
    "ATXN2": {
      "rank": 57,
      "id": 6311,
      "score": 0.2391,
      "status": "SeedGene"
    },
    "SCN11A": {
      "rank": 58,
      "id": 11280,
      "score": 0.2362,
      "status": "SeedGene"
    },
    "SCN10A": {
      "rank": 59,
      "id": 6336,
      "score": 0.2362,
      "status": "SeedGene"
    },
    "SACS": {
      "rank": 60,
      "id": 26278,
      "score": 0.2358,
      "status": "SeedGene"
    },
    "ATXN1": {
      "rank": 61,
      "id": 6310,
      "score": 0.2358,
      "status": "SeedGene"
    },
    "SPAST": {
      "rank": 62,
      "id": 6683,
      "score": 0.2325,
      "status": "SeedGene"
    },
    "IGF2": {
      "rank": 63,
      "id": 3481,
      "score": 0.2317,
      "status": "SeedGene"
    },
    "FLII": {
      "rank": 64,
      "id": 2314,
      "score": 0.2267,
      "status": "SeedGene"
    },
    "SPG11": {
      "rank": 65,
      "id": 80208,
      "score": 0.2234,
      "status": "SeedGene"
    },
    "HDAC4": {
      "rank": 66,
      "id": 9759,
      "score": 0.2224,
      "status": "SeedGene"
    },
    "SPG7": {
      "rank": 67,
      "id": 6687,
      "score": 0.2224,
      "status": "SeedGene"
    },
    "PRRT2": {
      "rank": 68,
      "id": 112476,
      "score": 0.2219,
      "status": "SeedGene"
    },
    "SLC12A3": {
      "rank": 69,
      "id": 6559,
      "score": 0.2133,
      "status": "SeedGene"
    },
    "LRPPRC": {
      "rank": 70,
      "id": 10128,
      "score": 0.21,
      "status": "SeedGene"
    },
    "SOX10": {
      "rank": 71,
      "id": 6663,
      "score": 0.2088,
      "status": "SeedGene"
    },
    "PIK3CA": {
      "rank": 72,
      "id": 5290,
      "score": 0.2084,
      "status": "SeedGene"
    },
    "PRKAR1A": {
      "rank": 73,
      "id": 5573,
      "score": 0.2065,
      "status": "SeedGene"
    },
    "CDKN2A": {
      "rank": 74,
      "id": 1029,
      "score": 0.2051,
      "status": "Predicted"
    },
    "GNB4": {
      "rank": 75,
      "id": 59345,
      "score": 0.2049,
      "status": "SeedGene"
    },
    "LIFR": {
      "rank": 76,
      "id": 3977,
      "score": 0.2017,
      "status": "SeedGene"
    },
    "MOCS2": {
      "rank": 77,
      "id": 4338,
      "score": 0.2016,
      "status": "SeedGene"
    },
    "MOCS1": {
      "rank": 78,
      "id": 4337,
      "score": 0.2016,
      "status": "SeedGene"
    },
    "MED25": {
      "rank": 79,
      "id": 81857,
      "score": 0.2006,
      "status": "SeedGene"
    },
    "SURF1": {
      "rank": 80,
      "id": 6834,
      "score": 0.2002,
      "status": "SeedGene"
    },
    "RAB7A": {
      "rank": 81,
      "id": 7879,
      "score": 0.1962,
      "status": "SeedGene"
    },
    "LITAF": {
      "rank": 82,
      "id": 9516,
      "score": 0.196,
      "status": "SeedGene"
    },
    "CLCNKB": {
      "rank": 83,
      "id": 1188,
      "score": 0.1912,
      "status": "SeedGene"
    },
    "ND5": {
      "rank": 84,
      "id": 8923210,
      "score": 0.191,
      "status": "SeedGene"
    },
    "ND4": {
      "rank": 85,
      "id": 8923197,
      "score": 0.191,
      "status": "SeedGene"
    },
    "ND1": {
      "rank": 86,
      "id": 8923209,
      "score": 0.191,
      "status": "SeedGene"
    },
    "ND6": {
      "rank": 87,
      "id": 8923198,
      "score": 0.191,
      "status": "SeedGene"
    },
    "DYNC1H1": {
      "rank": 88,
      "id": 1778,
      "score": 0.1902,
      "status": "SeedGene"
    },
    "AKT1": {
      "rank": 89,
      "id": 207,
      "score": 0.1883,
      "status": "Predicted"
    },
    "MPV17": {
      "rank": 90,
      "id": 4358,
      "score": 0.1867,
      "status": "SeedGene"
    },
    "TRNW": {
      "rank": 91,
      "id": 8923194,
      "score": 0.1864,
      "status": "SeedGene"
    },
    "TRNL1": {
      "rank": 92,
      "id": 4567,
      "score": 0.1864,
      "status": "SeedGene"
    },
    "COQ7": {
      "rank": 93,
      "id": 10229,
      "score": 0.1863,
      "status": "SeedGene"
    },
    "MFN2": {
      "rank": 94,
      "id": 9927,
      "score": 0.1841,
      "status": "SeedGene"
    },
    "ARHGEF10": {
      "rank": 95,
      "id": 9639,
      "score": 0.183,
      "status": "SeedGene"
    },
    "SPTLC2": {
      "rank": 96,
      "id": 9517,
      "score": 0.1811,
      "status": "SeedGene"
    },
    "POLG": {
      "rank": 97,
      "id": 5428,
      "score": 0.1809,
      "status": "SeedGene"
    },
    "PIK3R1": {
      "rank": 98,
      "id": 5295,
      "score": 0.1803,
      "status": "Predicted"
    },
    "MAT1A": {
      "rank": 99,
      "id": 4143,
      "score": 0.1802,
      "status": "SeedGene"
    },
    "FA2H": {
      "rank": 100,
      "id": 79152,
      "score": 0.18,
      "status": "SeedGene"
    }
  }
}