{
  "query": {
    "HP:0001508": {
      "id": "HP:0001508",
      "status": "ok",
      "target": [
        "HP:0001508"
      ]
    },
    "HP:0001252": {
      "id": "HP:0001252",
      "status": "ok",
      "target": [
        "HP:0001252"
      ]
    },
    "HP:0003128": {
      "id": "HP:0003128",
      "status": "ok",
      "target": [
        "HP:0003128"
      ]
    }
  },
  "response": {
    "COX10": {
      "rank": 1,
      "id": 1352,
      "score": 1.0,
      "status": "SeedGene"
    },
    "FH": {
      "rank": 2,
      "id": 2271,
      "score": 0.8869,
      "status": "SeedGene"
    },
    "SURF1": {
      "rank": 3,
      "id": 6834,
      "score": 0.8777,
      "status": "SeedGene"
    },
    "PDHA1": {
      "rank": 4,
      "id": 5160,
      "score": 0.8476,
      "status": "SeedGene"
    },
    "BCS1L": {
      "rank": 5,
      "id": 617,
      "score": 0.7779,
      "status": "SeedGene"
    },
    "SLC25A19": {
      "rank": 6,
      "id": 60386,
      "score": 0.7243,
      "status": "SeedGene"
    },
    "COX15": {
      "rank": 7,
      "id": 1355,
      "score": 0.7004,
      "status": "SeedGene"
    },
    "SDHA": {
      "rank": 8,
      "id": 6389,
      "score": 0.67,
      "status": "SeedGene"
    },
    "NDUFS1": {
      "rank": 9,
      "id": 4719,
      "score": 0.664,
      "status": "SeedGene"
    },
    "NDUFV1": {
      "rank": 10,
      "id": 4723,
      "score": 0.6637,
      "status": "SeedGene"
    },
    "NDUFS3": {
      "rank": 11,
      "id": 4722,
      "score": 0.6637,
      "status": "SeedGene"
    },
    "NDUFS8": {
      "rank": 12,
      "id": 4728,
      "score": 0.6637,
      "status": "SeedGene"
    },
    "NDUFS4": {
      "rank": 13,
      "id": 4724,
      "score": 0.6637,
      "status": "SeedGene"
    },
    "NDUFS7": {
      "rank": 14,
      "id": 374291,
      "score": 0.6637,
      "status": "SeedGene"
    },
    "NDUFA10": {
      "rank": 15,
      "id": 4705,
      "score": 0.6637,
      "status": "SeedGene"
    },
    "COX6B1": {
      "rank": 16,
      "id": 1340,
      "score": 0.6048,
      "status": "SeedGene"
    },
    "NDUFA2": {
      "rank": 17,
      "id": 4695,
      "score": 0.5942,
      "status": "SeedGene"
    },
    "DLD": {
      "rank": 18,
      "id": 1738,
      "score": 0.5925,
      "status": "SeedGene"
    },
    "SCO2": {
      "rank": 19,
      "id": 9997,
      "score": 0.5754,
      "status": "SeedGene"
    },
    "PCCA": {
      "rank": 20,
      "id": 5095,
      "score": 0.5719,
      "status": "SeedGene"
    },
    "PCCB": {
      "rank": 21,
      "id": 5096,
      "score": 0.5714,
      "status": "SeedGene"
    },
    "COQ2": {
      "rank": 22,
      "id": 27235,
      "score": 0.5683,
      "status": "SeedGene"
    },
    "CACNA1S": {
      "rank": 23,
      "id": 779,
      "score": 0.5581,
      "status": "SeedGene"
    },
    "NDUFAF6": {
      "rank": 24,
      "id": 137682,
      "score": 0.5435,
      "status": "SeedGene"
    },
    "PC": {
      "rank": 25,
      "id": 5091,
      "score": 0.5431,
      "status": "SeedGene"
    },
    "PDHB": {
      "rank": 26,
      "id": 5162,
      "score": 0.533,
      "status": "SeedGene"
    },
    "RYR1": {
      "rank": 27,
      "id": 6261,
      "score": 0.5275,
      "status": "SeedGene"
    },
    "DLAT": {
      "rank": 28,
      "id": 1737,
      "score": 0.5124,
      "status": "SeedGene"
    },
    "PDHX": {
      "rank": 29,
      "id": 8050,
      "score": 0.5101,
      "status": "SeedGene"
    },
    "RRM2B": {
      "rank": 30,
      "id": 50484,
      "score": 0.5048,
      "status": "SeedGene"
    },
    "G6PC": {
      "rank": 31,
      "id": 2538,
      "score": 0.5009,
      "status": "SeedGene"
    },
    "SLC19A3": {
      "rank": 32,
      "id": 80704,
      "score": 0.4974,
      "status": "SeedGene"
    },
    "SLC3A1": {
      "rank": 33,
      "id": 6519,
      "score": 0.495,
      "status": "SeedGene"
    },
    "LIPT1": {
      "rank": 34,
      "id": 51601,
      "score": 0.4944,
      "status": "SeedGene"
    },
    "SLC37A4": {
      "rank": 35,
      "id": 2542,
      "score": 0.4841,
      "status": "SeedGene"
    },
    "PDSS2": {
      "rank": 36,
      "id": 57107,
      "score": 0.4807,
      "status": "SeedGene"
    },
    "TACO1": {
      "rank": 37,
      "id": 51204,
      "score": 0.4787,
      "status": "SeedGene"
    },
    "TAZ": {
      "rank": 38,
      "id": 6901,
      "score": 0.4507,
      "status": "SeedGene"
    },
    "PDP1": {
      "rank": 39,
      "id": 54704,
      "score": 0.43,
      "status": "SeedGene"
    },
    "YARS2": {
      "rank": 40,
      "id": 51067,
      "score": 0.4158,
      "status": "SeedGene"
    },
    "KRAS": {
      "rank": 41,
      "id": 3845,
      "score": 0.3915,
      "status": "SeedGene"
    },
    "BRAF": {
      "rank": 42,
      "id": 673,
      "score": 0.3674,
      "status": "SeedGene"
    },
    "NDUFS6": {
      "rank": 43,
      "id": 4726,
      "score": 0.3645,
      "status": "SeedGene"
    },
    "NDUFV2": {
      "rank": 44,
      "id": 4729,
      "score": 0.3642,
      "status": "SeedGene"
    },
    "NDUFS2": {
      "rank": 45,
      "id": 4720,
      "score": 0.3639,
      "status": "SeedGene"
    },
    "NDUFB3": {
      "rank": 46,
      "id": 4709,
      "score": 0.3639,
      "status": "SeedGene"
    },
    "NDUFA11": {
      "rank": 47,
      "id": 126328,
      "score": 0.3639,
      "status": "SeedGene"
    },
    "NDUFB10": {
      "rank": 48,
      "id": 4716,
      "score": 0.3639,
      "status": "SeedGene"
    },
    "NDUFA1": {
      "rank": 49,
      "id": 4694,
      "score": 0.3639,
      "status": "SeedGene"
    },
    "NDUFB11": {
      "rank": 50,
      "id": 54539,
      "score": 0.3639,
      "status": "SeedGene"
    },
    "PUS1": {
      "rank": 51,
      "id": 80324,
      "score": 0.36,
      "status": "SeedGene"
    },
    "SLC25A4": {
      "rank": 52,
      "id": 291,
      "score": 0.3533,
      "status": "SeedGene"
    },
    "PREPL": {
      "rank": 53,
      "id": 9581,
      "score": 0.3517,
      "status": "SeedGene"
    },
    "KIF7": {
      "rank": 54,
      "id": 374654,
      "score": 0.3438,
      "status": "SeedGene"
    },
    "COA5": {
      "rank": 55,
      "id": 493753,
      "score": 0.3418,
      "status": "SeedGene"
    },
    "MPV17": {
      "rank": 56,
      "id": 4358,
      "score": 0.3401,
      "status": "SeedGene"
    },
    "ELN": {
      "rank": 57,
      "id": 2006,
      "score": 0.3313,
      "status": "SeedGene"
    },
    "MVK": {
      "rank": 58,
      "id": 4598,
      "score": 0.3233,
      "status": "SeedGene"
    },
    "INPP5E": {
      "rank": 59,
      "id": 56623,
      "score": 0.3173,
      "status": "SeedGene"
    },
    "DHCR7": {
      "rank": 60,
      "id": 1717,
      "score": 0.3169,
      "status": "SeedGene"
    },
    "FGFR3": {
      "rank": 61,
      "id": 2261,
      "score": 0.3155,
      "status": "SeedGene"
    },
    "NDUFA4": {
      "rank": 62,
      "id": 4697,
      "score": 0.3147,
      "status": "SeedGene"
    },
    "PAFAH1B1": {
      "rank": 63,
      "id": 5048,
      "score": 0.3126,
      "status": "SeedGene"
    },
    "SCO1": {
      "rank": 64,
      "id": 6341,
      "score": 0.3126,
      "status": "SeedGene"
    },
    "PSMB8": {
      "rank": 65,
      "id": 5696,
      "score": 0.3125,
      "status": "SeedGene"
    },
    "PIK3CA": {
      "rank": 66,
      "id": 5290,
      "score": 0.3124,
      "status": "SeedGene"
    },
    "BCKDHB": {
      "rank": 67,
      "id": 594,
      "score": 0.3122,
      "status": "SeedGene"
    },
    "BCKDHA": {
      "rank": 68,
      "id": 593,
      "score": 0.3122,
      "status": "SeedGene"
    },
    "ATP6V0A2": {
      "rank": 69,
      "id": 23545,
      "score": 0.3113,
      "status": "SeedGene"
    },
    "SLC25A13": {
      "rank": 70,
      "id": 10165,
      "score": 0.311,
      "status": "SeedGene"
    },
    "COX20": {
      "rank": 71,
      "id": 116228,
      "score": 0.311,
      "status": "SeedGene"
    },
    "COX14": {
      "rank": 72,
      "id": 84987,
      "score": 0.311,
      "status": "SeedGene"
    },
    "ACAD9": {
      "rank": 73,
      "id": 28976,
      "score": 0.3078,
      "status": "SeedGene"
    },
    "EP300": {
      "rank": 74,
      "id": 2033,
      "score": 0.3065,
      "status": "SeedGene"
    },
    "COX8A": {
      "rank": 75,
      "id": 1351,
      "score": 0.3048,
      "status": "SeedGene"
    },
    "SDHD": {
      "rank": 76,
      "id": 6392,
      "score": 0.3043,
      "status": "SeedGene"
    },
    "DBT": {
      "rank": 77,
      "id": 1629,
      "score": 0.3034,
      "status": "SeedGene"
    },
    "NDUFA13": {
      "rank": 78,
      "id": 51079,
      "score": 0.3012,
      "status": "SeedGene"
    },
    "MLXIPL": {
      "rank": 79,
      "id": 51085,
      "score": 0.2968,
      "status": "SeedGene"
    },
    "PEX19": {
      "rank": 80,
      "id": 5824,
      "score": 0.2964,
      "status": "SeedGene"
    },
    "MAP2K1": {
      "rank": 81,
      "id": 5604,
      "score": 0.2955,
      "status": "SeedGene"
    },
    "NDUFB8": {
      "rank": 82,
      "id": 4714,
      "score": 0.2946,
      "status": "SeedGene"
    },
    "NDUFA9": {
      "rank": 83,
      "id": 4704,
      "score": 0.2943,
      "status": "SeedGene"
    },
    "NDUFA12": {
      "rank": 84,
      "id": 55967,
      "score": 0.2943,
      "status": "SeedGene"
    },
    "NDUFAF2": {
      "rank": 85,
      "id": 91942,
      "score": 0.2941,
      "status": "SeedGene"
    },
    "AKT1": {
      "rank": 86,
      "id": 207,
      "score": 0.2936,
      "status": "SeedGene"
    },
    "NDUFAF4": {
      "rank": 87,
      "id": 29078,
      "score": 0.2934,
      "status": "SeedGene"
    },
    "NUBPL": {
      "rank": 88,
      "id": 80224,
      "score": 0.2934,
      "status": "SeedGene"
    },
    "NDUFAF3": {
      "rank": 89,
      "id": 25915,
      "score": 0.2934,
      "status": "SeedGene"
    },
    "NDUFAF5": {
      "rank": 90,
      "id": 79133,
      "score": 0.2934,
      "status": "SeedGene"
    },
    "TMEM126B": {
      "rank": 91,
      "id": 55863,
      "score": 0.2934,
      "status": "SeedGene"
    },
    "NDUFAF1": {
      "rank": 92,
      "id": 51103,
      "score": 0.2934,
      "status": "SeedGene"
    },
    "OCRL": {
      "rank": 93,
      "id": 4952,
      "score": 0.2931,
      "status": "SeedGene"
    },
    "NDUFC2": {
      "rank": 94,
      "id": 4718,
      "score": 0.2928,
      "status": "Predicted"
    },
    "GALE": {
      "rank": 95,
      "id": 2582,
      "score": 0.2922,
      "status": "SeedGene"
    },
    "SMPD1": {
      "rank": 96,
      "id": 6609,
      "score": 0.2911,
      "status": "SeedGene"
    },
    "CREBBP": {
      "rank": 97,
      "id": 1387,
      "score": 0.2884,
      "status": "SeedGene"
    },
    "RAF1": {
      "rank": 98,
      "id": 5894,
      "score": 0.2832,
      "status": "SeedGene"
    },
    "PLA2G6": {
      "rank": 99,
      "id": 8398,
      "score": 0.2826,
      "status": "SeedGene"
    },
    "CYC1": {
      "rank": 100,
      "id": 1537,
      "score": 0.282,
      "status": "SeedGene"
    }
  }
}