{
  "query": {
    "HP:0001007": {
      "id": "HP:0001007",
      "status": "ok",
      "target": [
        "HP:0001007"
      ]
    },
    "HP:0001263": {
      "id": "HP:0001263",
      "status": "ok",
      "target": [
        "HP:0001263"
      ]
    },
    "HP:0001999": {
      "id": "HP:0001999",
      "status": "ok",
      "target": [
        "HP:0001999"
      ]
    },
    "HP:0002020": {
      "id": "HP:0002020",
      "status": "ok",
      "target": [
        "HP:0002020"
      ]
    },
    "HP:0011471": {
      "id": "HP:0011471",
      "status": "ok",
      "target": [
        "HP:0011471"
      ]
    },
    "HP:0000998": {
      "id": "HP:0000998",
      "status": "ok",
      "target": [
        "HP:0000998"
      ]
    },
    "HP:0001252": {
      "id": "HP:0001252",
      "status": "ok",
      "target": [
        "HP:0001252"
      ]
    },
    "HP:0000473": {
      "id": "HP:0000473",
      "status": "ok",
      "target": [
        "HP:0000473"
      ]
    }
  },
  "response": {
    "ATP1A3": {
      "rank": 1,
      "id": 478,
      "score": 1.0,
      "status": "SeedGene"
    },
    "COL6A3": {
      "rank": 2,
      "id": 1293,
      "score": 0.9866,
      "status": "SeedGene"
    },
    "COL6A1": {
      "rank": 3,
      "id": 1291,
      "score": 0.9834,
      "status": "SeedGene"
    },
    "COL6A2": {
      "rank": 4,
      "id": 1292,
      "score": 0.9551,
      "status": "SeedGene"
    },
    "GCH1": {
      "rank": 5,
      "id": 2643,
      "score": 0.9174,
      "status": "SeedGene"
    },
    "SMARCA4": {
      "rank": 6,
      "id": 6597,
      "score": 0.8614,
      "status": "SeedGene"
    },
    "PRKRA": {
      "rank": 7,
      "id": 8575,
      "score": 0.8421,
      "status": "SeedGene"
    },
    "IDUA": {
      "rank": 8,
      "id": 3425,
      "score": 0.8384,
      "status": "SeedGene"
    },
    "GNE": {
      "rank": 9,
      "id": 10020,
      "score": 0.8047,
      "status": "SeedGene"
    },
    "ELN": {
      "rank": 10,
      "id": 2006,
      "score": 0.7771,
      "status": "SeedGene"
    },
    "ARID1A": {
      "rank": 11,
      "id": 8289,
      "score": 0.7658,
      "status": "SeedGene"
    },
    "ARID1B": {
      "rank": 12,
      "id": 57492,
      "score": 0.7617,
      "status": "SeedGene"
    },
    "SRCAP": {
      "rank": 13,
      "id": 10847,
      "score": 0.7531,
      "status": "SeedGene"
    },
    "SMARCB1": {
      "rank": 14,
      "id": 6598,
      "score": 0.752,
      "status": "SeedGene"
    },
    "SMARCE1": {
      "rank": 15,
      "id": 6605,
      "score": 0.7377,
      "status": "SeedGene"
    },
    "HDAC8": {
      "rank": 16,
      "id": 55869,
      "score": 0.7338,
      "status": "SeedGene"
    },
    "BRAF": {
      "rank": 17,
      "id": 673,
      "score": 0.6976,
      "status": "SeedGene"
    },
    "ATP13A2": {
      "rank": 18,
      "id": 23400,
      "score": 0.687,
      "status": "SeedGene"
    },
    "SMC1A": {
      "rank": 19,
      "id": 8243,
      "score": 0.6813,
      "status": "SeedGene"
    },
    "SMC3": {
      "rank": 20,
      "id": 9126,
      "score": 0.6776,
      "status": "SeedGene"
    },
    "KRAS": {
      "rank": 21,
      "id": 3845,
      "score": 0.6356,
      "status": "SeedGene"
    },
    "RAD21": {
      "rank": 22,
      "id": 5885,
      "score": 0.6319,
      "status": "SeedGene"
    },
    "MAP2K1": {
      "rank": 23,
      "id": 5604,
      "score": 0.624,
      "status": "SeedGene"
    },
    "MAP2K2": {
      "rank": 24,
      "id": 5605,
      "score": 0.6023,
      "status": "SeedGene"
    },
    "FLNA": {
      "rank": 25,
      "id": 2316,
      "score": 0.6011,
      "status": "SeedGene"
    },
    "KDM6A": {
      "rank": 26,
      "id": 7403,
      "score": 0.5902,
      "status": "SeedGene"
    },
    "MMP2": {
      "rank": 27,
      "id": 4313,
      "score": 0.5885,
      "status": "SeedGene"
    },
    "NIPBL": {
      "rank": 28,
      "id": 25836,
      "score": 0.5829,
      "status": "SeedGene"
    },
    "AKT1": {
      "rank": 29,
      "id": 207,
      "score": 0.5509,
      "status": "SeedGene"
    },
    "ASXL1": {
      "rank": 30,
      "id": 171023,
      "score": 0.5458,
      "status": "SeedGene"
    },
    "PIK3CA": {
      "rank": 31,
      "id": 5290,
      "score": 0.5169,
      "status": "SeedGene"
    },
    "AGPAT2": {
      "rank": 32,
      "id": 10555,
      "score": 0.5143,
      "status": "SeedGene"
    },
    "HSPG2": {
      "rank": 33,
      "id": 3339,
      "score": 0.5122,
      "status": "SeedGene"
    },
    "KMT2D": {
      "rank": 34,
      "id": 8085,
      "score": 0.5037,
      "status": "SeedGene"
    },
    "EP300": {
      "rank": 35,
      "id": 2033,
      "score": 0.4979,
      "status": "SeedGene"
    },
    "LIMK1": {
      "rank": 36,
      "id": 3984,
      "score": 0.4965,
      "status": "SeedGene"
    },
    "RAI1": {
      "rank": 37,
      "id": 10743,
      "score": 0.4814,
      "status": "SeedGene"
    },
    "PTEN": {
      "rank": 38,
      "id": 5728,
      "score": 0.4805,
      "status": "SeedGene"
    },
    "TCF4": {
      "rank": 39,
      "id": 6925,
      "score": 0.4784,
      "status": "SeedGene"
    },
    "CREBBP": {
      "rank": 40,
      "id": 1387,
      "score": 0.4726,
      "status": "SeedGene"
    },
    "MLXIPL": {
      "rank": 41,
      "id": 51085,
      "score": 0.4681,
      "status": "SeedGene"
    },
    "MMP14": {
      "rank": 42,
      "id": 4323,
      "score": 0.4645,
      "status": "SeedGene"
    },
    "PRKAR1A": {
      "rank": 43,
      "id": 5573,
      "score": 0.4631,
      "status": "SeedGene"
    },
    "EHMT1": {
      "rank": 44,
      "id": 79813,
      "score": 0.4555,
      "status": "SeedGene"
    },
    "INSR": {
      "rank": 45,
      "id": 3643,
      "score": 0.4508,
      "status": "SeedGene"
    },
    "ATRX": {
      "rank": 46,
      "id": 546,
      "score": 0.4281,
      "status": "SeedGene"
    },
    "RFC2": {
      "rank": 47,
      "id": 5982,
      "score": 0.4223,
      "status": "SeedGene"
    },
    "GNPTAB": {
      "rank": 48,
      "id": 79158,
      "score": 0.4184,
      "status": "SeedGene"
    },
    "NOTCH2": {
      "rank": 49,
      "id": 4853,
      "score": 0.4175,
      "status": "SeedGene"
    },
    "ADAMTS2": {
      "rank": 50,
      "id": 9509,
      "score": 0.4143,
      "status": "SeedGene"
    },
    "FGFR3": {
      "rank": 51,
      "id": 2261,
      "score": 0.4045,
      "status": "SeedGene"
    },
    "DHCR7": {
      "rank": 52,
      "id": 1717,
      "score": 0.3943,
      "status": "SeedGene"
    },
    "BLM": {
      "rank": 53,
      "id": 641,
      "score": 0.3901,
      "status": "SeedGene"
    },
    "PRKACA": {
      "rank": 54,
      "id": 5566,
      "score": 0.3898,
      "status": "SeedGene"
    },
    "RAF1": {
      "rank": 55,
      "id": 5894,
      "score": 0.3875,
      "status": "SeedGene"
    },
    "TRPV4": {
      "rank": 56,
      "id": 59341,
      "score": 0.3858,
      "status": "SeedGene"
    },
    "CAV1": {
      "rank": 57,
      "id": 857,
      "score": 0.3772,
      "status": "SeedGene"
    },
    "NRAS": {
      "rank": 58,
      "id": 4893,
      "score": 0.3731,
      "status": "SeedGene"
    },
    "SYNGAP1": {
      "rank": 59,
      "id": 8831,
      "score": 0.3658,
      "status": "SeedGene"
    },
    "EIF4H": {
      "rank": 60,
      "id": 7458,
      "score": 0.3626,
      "status": "SeedGene"
    },
    "TP53": {
      "rank": 61,
      "id": 7157,
      "score": 0.3607,
      "status": "SeedGene"
    },
    "PCGF2": {
      "rank": 62,
      "id": 7703,
      "score": 0.3606,
      "status": "SeedGene"
    },
    "CACNA1A": {
      "rank": 63,
      "id": 773,
      "score": 0.3601,
      "status": "SeedGene"
    },
    "COX10": {
      "rank": 64,
      "id": 1352,
      "score": 0.3597,
      "status": "SeedGene"
    },
    "PAX3": {
      "rank": 65,
      "id": 5077,
      "score": 0.359,
      "status": "SeedGene"
    },
    "TGFB2": {
      "rank": 66,
      "id": 7042,
      "score": 0.3577,
      "status": "SeedGene"
    },
    "FGFR1": {
      "rank": 67,
      "id": 2260,
      "score": 0.3556,
      "status": "SeedGene"
    },
    "BSCL2": {
      "rank": 68,
      "id": 26580,
      "score": 0.3517,
      "status": "SeedGene"
    },
    "PAPSS2": {
      "rank": 69,
      "id": 9060,
      "score": 0.3511,
      "status": "SeedGene"
    },
    "FGFR2": {
      "rank": 70,
      "id": 2263,
      "score": 0.3438,
      "status": "SeedGene"
    },
    "BAZ1B": {
      "rank": 71,
      "id": 9031,
      "score": 0.3415,
      "status": "SeedGene"
    },
    "PDHA1": {
      "rank": 72,
      "id": 5160,
      "score": 0.3411,
      "status": "SeedGene"
    },
    "FOS": {
      "rank": 73,
      "id": 2353,
      "score": 0.3381,
      "status": "SeedGene"
    },
    "LMNA": {
      "rank": 74,
      "id": 4000,
      "score": 0.338,
      "status": "SeedGene"
    },
    "RPS6KA3": {
      "rank": 75,
      "id": 6197,
      "score": 0.3376,
      "status": "SeedGene"
    },
    "FKBP6": {
      "rank": 76,
      "id": 8468,
      "score": 0.3372,
      "status": "SeedGene"
    },
    "ERCC2": {
      "rank": 77,
      "id": 2068,
      "score": 0.3361,
      "status": "SeedGene"
    },
    "GNAL": {
      "rank": 78,
      "id": 2774,
      "score": 0.3343,
      "status": "SeedGene"
    },
    "LAT2": {
      "rank": 79,
      "id": 7462,
      "score": 0.3322,
      "status": "SeedGene"
    },
    "DDC": {
      "rank": 80,
      "id": 1644,
      "score": 0.3292,
      "status": "SeedGene"
    },
    "CALM1": {
      "rank": 81,
      "id": 801,
      "score": 0.3287,
      "status": "Predicted"
    },
    "CALM2": {
      "rank": 82,
      "id": 805,
      "score": 0.3273,
      "status": "Predicted"
    },
    "SURF1": {
      "rank": 83,
      "id": 6834,
      "score": 0.3259,
      "status": "SeedGene"
    },
    "GTF2I": {
      "rank": 84,
      "id": 2969,
      "score": 0.3246,
      "status": "SeedGene"
    },
    "CALM3": {
      "rank": 85,
      "id": 808,
      "score": 0.3246,
      "status": "Predicted"
    },
    "HRAS": {
      "rank": 86,
      "id": 3265,
      "score": 0.3243,
      "status": "SeedGene"
    },
    "MYC": {
      "rank": 87,
      "id": 4609,
      "score": 0.3223,
      "status": "Predicted"
    },
    "CEP290": {
      "rank": 88,
      "id": 80184,
      "score": 0.3212,
      "status": "SeedGene"
    },
    "DRD2": {
      "rank": 89,
      "id": 1813,
      "score": 0.3201,
      "status": "SeedGene"
    },
    "GNAS": {
      "rank": 90,
      "id": 2778,
      "score": 0.3175,
      "status": "SeedGene"
    },
    "TBP": {
      "rank": 91,
      "id": 6908,
      "score": 0.3162,
      "status": "SeedGene"
    },
    "GATA1": {
      "rank": 92,
      "id": 2623,
      "score": 0.3156,
      "status": "SeedGene"
    },
    "GTF2IRD1": {
      "rank": 93,
      "id": 9569,
      "score": 0.3156,
      "status": "SeedGene"
    },
    "ERCC6": {
      "rank": 94,
      "id": 2074,
      "score": 0.3148,
      "status": "SeedGene"
    },
    "MAPK1": {
      "rank": 95,
      "id": 5594,
      "score": 0.313,
      "status": "SeedGene"
    },
    "TUBB4A": {
      "rank": 96,
      "id": 10382,
      "score": 0.3121,
      "status": "SeedGene"
    },
    "ACTB": {
      "rank": 97,
      "id": 60,
      "score": 0.311,
      "status": "SeedGene"
    },
    "EZH2": {
      "rank": 98,
      "id": 2146,
      "score": 0.3098,
      "status": "SeedGene"
    },
    "OFD1": {
      "rank": 99,
      "id": 8481,
      "score": 0.3088,
      "status": "SeedGene"
    },
    "UBB": {
      "rank": 100,
      "id": 7314,
      "score": 0.3082,
      "status": "SeedGene"
    }
  }
}