{
  "query": {
    "HP:0100021": {
      "id": "HP:0100021",
      "status": "ok",
      "target": [
        "HP:0100021"
      ]
    },
    "HP:0002019": {
      "id": "HP:0002019",
      "status": "ok",
      "target": [
        "HP:0002019"
      ]
    },
    "HP:0001263": {
      "id": "HP:0001263",
      "status": "ok",
      "target": [
        "HP:0001263"
      ]
    },
    "HP:0002151": {
      "id": "HP:0002151",
      "status": "ok",
      "target": [
        "HP:0002151"
      ]
    },
    "HP:0030895": {
      "id": "HP:0030895",
      "status": "ok",
      "target": [
        "HP:0030895"
      ]
    },
    "HP:0001276": {
      "id": "HP:0001276",
      "status": "ok",
      "target": [
        "HP:0001276"
      ]
    },
    "HP:0001252": {
      "id": "HP:0001252",
      "status": "ok",
      "target": [
        "HP:0001252"
      ]
    }
  },
  "response": {
    "IDUA": {
      "rank": 1,
      "id": 3425,
      "score": 1.0,
      "status": "SeedGene"
    },
    "SCN4A": {
      "rank": 2,
      "id": 6329,
      "score": 0.5876,
      "status": "SeedGene"
    },
    "DHCR7": {
      "rank": 3,
      "id": 1717,
      "score": 0.4035,
      "status": "SeedGene"
    },
    "SLC6A8": {
      "rank": 4,
      "id": 6535,
      "score": 0.2821,
      "status": "SeedGene"
    },
    "CFTR": {
      "rank": 5,
      "id": 1080,
      "score": 0.2802,
      "status": "SeedGene"
    },
    "TGFB1": {
      "rank": 6,
      "id": 7040,
      "score": 0.2705,
      "status": "SeedGene"
    },
    "GAMT": {
      "rank": 7,
      "id": 2593,
      "score": 0.2541,
      "status": "SeedGene"
    },
    "COX10": {
      "rank": 8,
      "id": 1352,
      "score": 0.2512,
      "status": "SeedGene"
    },
    "HMBS": {
      "rank": 9,
      "id": 3145,
      "score": 0.25,
      "status": "SeedGene"
    },
    "AAAS": {
      "rank": 10,
      "id": 8086,
      "score": 0.24,
      "status": "SeedGene"
    },
    "FAH": {
      "rank": 11,
      "id": 2184,
      "score": 0.2351,
      "status": "SeedGene"
    },
    "GATM": {
      "rank": 12,
      "id": 2628,
      "score": 0.2295,
      "status": "SeedGene"
    },
    "PDHA1": {
      "rank": 13,
      "id": 5160,
      "score": 0.226,
      "status": "SeedGene"
    },
    "GMPPA": {
      "rank": 14,
      "id": 29926,
      "score": 0.2253,
      "status": "SeedGene"
    },
    "SURF1": {
      "rank": 15,
      "id": 6834,
      "score": 0.2204,
      "status": "SeedGene"
    },
    "SDHA": {
      "rank": 16,
      "id": 6389,
      "score": 0.2088,
      "status": "SeedGene"
    },
    "EDNRB": {
      "rank": 17,
      "id": 1910,
      "score": 0.2063,
      "status": "SeedGene"
    },
    "POLG": {
      "rank": 18,
      "id": 5428,
      "score": 0.2002,
      "status": "SeedGene"
    },
    "EDN3": {
      "rank": 19,
      "id": 1908,
      "score": 0.1835,
      "status": "SeedGene"
    },
    "COX15": {
      "rank": 20,
      "id": 1355,
      "score": 0.1816,
      "status": "SeedGene"
    },
    "STX1A": {
      "rank": 21,
      "id": 6804,
      "score": 0.1809,
      "status": "SeedGene"
    },
    "NDUFS1": {
      "rank": 22,
      "id": 4719,
      "score": 0.1805,
      "status": "SeedGene"
    },
    "NDUFV1": {
      "rank": 23,
      "id": 4723,
      "score": 0.1801,
      "status": "SeedGene"
    },
    "NDUFS8": {
      "rank": 24,
      "id": 4728,
      "score": 0.1801,
      "status": "SeedGene"
    },
    "NDUFA10": {
      "rank": 25,
      "id": 4705,
      "score": 0.18,
      "status": "SeedGene"
    },
    "NDUFS7": {
      "rank": 26,
      "id": 374291,
      "score": 0.18,
      "status": "SeedGene"
    },
    "NDUFA2": {
      "rank": 27,
      "id": 4695,
      "score": 0.18,
      "status": "SeedGene"
    },
    "NDUFS4": {
      "rank": 28,
      "id": 4724,
      "score": 0.18,
      "status": "SeedGene"
    },
    "NDUFS3": {
      "rank": 29,
      "id": 4722,
      "score": 0.18,
      "status": "SeedGene"
    },
    "ST3GAL5": {
      "rank": 30,
      "id": 8869,
      "score": 0.1781,
      "status": "SeedGene"
    },
    "FOXP3": {
      "rank": 31,
      "id": 50943,
      "score": 0.1754,
      "status": "SeedGene"
    },
    "COX6B1": {
      "rank": 32,
      "id": 1340,
      "score": 0.1677,
      "status": "SeedGene"
    },
    "IDH1": {
      "rank": 33,
      "id": 3417,
      "score": 0.1671,
      "status": "SeedGene"
    },
    "DLD": {
      "rank": 34,
      "id": 1738,
      "score": 0.1653,
      "status": "SeedGene"
    },
    "COQ2": {
      "rank": 35,
      "id": 27235,
      "score": 0.1587,
      "status": "SeedGene"
    },
    "TSHR": {
      "rank": 36,
      "id": 7253,
      "score": 0.1582,
      "status": "SeedGene"
    },
    "IDH2": {
      "rank": 37,
      "id": 3418,
      "score": 0.1557,
      "status": "SeedGene"
    },
    "PC": {
      "rank": 38,
      "id": 5091,
      "score": 0.1533,
      "status": "SeedGene"
    },
    "TCF4": {
      "rank": 39,
      "id": 6925,
      "score": 0.1524,
      "status": "SeedGene"
    },
    "SCO2": {
      "rank": 40,
      "id": 9997,
      "score": 0.152,
      "status": "SeedGene"
    },
    "DCTN4": {
      "rank": 41,
      "id": 51164,
      "score": 0.1519,
      "status": "SeedGene"
    },
    "SLC19A3": {
      "rank": 42,
      "id": 80704,
      "score": 0.151,
      "status": "SeedGene"
    },
    "KRAS": {
      "rank": 43,
      "id": 3845,
      "score": 0.1502,
      "status": "SeedGene"
    },
    "CACNA1D": {
      "rank": 44,
      "id": 776,
      "score": 0.1476,
      "status": "SeedGene"
    },
    "SLC26A4": {
      "rank": 45,
      "id": 5172,
      "score": 0.1456,
      "status": "SeedGene"
    },
    "EP300": {
      "rank": 46,
      "id": 2033,
      "score": 0.145,
      "status": "SeedGene"
    },
    "TP53": {
      "rank": 47,
      "id": 7157,
      "score": 0.1434,
      "status": "SeedGene"
    },
    "BRCA1": {
      "rank": 48,
      "id": 672,
      "score": 0.1432,
      "status": "SeedGene"
    },
    "RET": {
      "rank": 49,
      "id": 5979,
      "score": 0.1418,
      "status": "SeedGene"
    },
    "PCCA": {
      "rank": 50,
      "id": 5095,
      "score": 0.1395,
      "status": "SeedGene"
    },
    "PCCB": {
      "rank": 51,
      "id": 5096,
      "score": 0.1395,
      "status": "SeedGene"
    },
    "GDNF": {
      "rank": 52,
      "id": 2668,
      "score": 0.1393,
      "status": "SeedGene"
    },
    "RRM2B": {
      "rank": 53,
      "id": 50484,
      "score": 0.1377,
      "status": "SeedGene"
    },
    "RARS2": {
      "rank": 54,
      "id": 57038,
      "score": 0.1377,
      "status": "SeedGene"
    },
    "OCRL": {
      "rank": 55,
      "id": 4952,
      "score": 0.1372,
      "status": "SeedGene"
    },
    "BCS1L": {
      "rank": 56,
      "id": 617,
      "score": 0.1372,
      "status": "SeedGene"
    },
    "NRTN": {
      "rank": 57,
      "id": 4902,
      "score": 0.137,
      "status": "SeedGene"
    },
    "NDUFAF6": {
      "rank": 58,
      "id": 137682,
      "score": 0.1366,
      "status": "SeedGene"
    },
    "CREBBP": {
      "rank": 59,
      "id": 1387,
      "score": 0.1364,
      "status": "SeedGene"
    },
    "LIPT1": {
      "rank": 60,
      "id": 51601,
      "score": 0.1348,
      "status": "SeedGene"
    },
    "PIK3CA": {
      "rank": 61,
      "id": 5290,
      "score": 0.1308,
      "status": "SeedGene"
    },
    "UROD": {
      "rank": 62,
      "id": 7389,
      "score": 0.1306,
      "status": "SeedGene"
    },
    "HPGD": {
      "rank": 63,
      "id": 3248,
      "score": 0.1292,
      "status": "SeedGene"
    },
    "TACO1": {
      "rank": 64,
      "id": 51204,
      "score": 0.1289,
      "status": "SeedGene"
    },
    "SLC5A5": {
      "rank": 65,
      "id": 6528,
      "score": 0.1288,
      "status": "SeedGene"
    },
    "TPO": {
      "rank": 66,
      "id": 7173,
      "score": 0.128,
      "status": "SeedGene"
    },
    "SMPD1": {
      "rank": 67,
      "id": 6609,
      "score": 0.1279,
      "status": "SeedGene"
    },
    "ITGB3": {
      "rank": 68,
      "id": 3690,
      "score": 0.1278,
      "status": "SeedGene"
    },
    "PAX8": {
      "rank": 69,
      "id": 7849,
      "score": 0.127,
      "status": "SeedGene"
    },
    "ITGA2B": {
      "rank": 70,
      "id": 3674,
      "score": 0.1253,
      "status": "SeedGene"
    },
    "PDSS2": {
      "rank": 71,
      "id": 57107,
      "score": 0.1248,
      "status": "SeedGene"
    },
    "MLH1": {
      "rank": 72,
      "id": 4292,
      "score": 0.1245,
      "status": "SeedGene"
    },
    "SLC6A3": {
      "rank": 73,
      "id": 6531,
      "score": 0.1227,
      "status": "SeedGene"
    },
    "APC": {
      "rank": 74,
      "id": 324,
      "score": 0.1226,
      "status": "SeedGene"
    },
    "SLCO2A1": {
      "rank": 75,
      "id": 6578,
      "score": 0.1226,
      "status": "SeedGene"
    },
    "GP1BB": {
      "rank": 76,
      "id": 2812,
      "score": 0.122,
      "status": "SeedGene"
    },
    "TNXB": {
      "rank": 77,
      "id": 7148,
      "score": 0.1214,
      "status": "SeedGene"
    },
    "SLC25A4": {
      "rank": 78,
      "id": 291,
      "score": 0.1213,
      "status": "SeedGene"
    },
    "NDUFA4": {
      "rank": 79,
      "id": 4697,
      "score": 0.1208,
      "status": "SeedGene"
    },
    "AKT1": {
      "rank": 80,
      "id": 207,
      "score": 0.1204,
      "status": "SeedGene"
    },
    "PAFAH1B1": {
      "rank": 81,
      "id": 5048,
      "score": 0.1195,
      "status": "SeedGene"
    },
    "SPR": {
      "rank": 82,
      "id": 6697,
      "score": 0.1193,
      "status": "SeedGene"
    },
    "ITGA2": {
      "rank": 83,
      "id": 3673,
      "score": 0.1177,
      "status": "SeedGene"
    },
    "CGA": {
      "rank": 84,
      "id": 1081,
      "score": 0.1173,
      "status": "Predicted"
    },
    "NKX2-5": {
      "rank": 85,
      "id": 1482,
      "score": 0.1167,
      "status": "SeedGene"
    },
    "PRKACA": {
      "rank": 86,
      "id": 5566,
      "score": 0.1151,
      "status": "Predicted"
    },
    "DDC": {
      "rank": 87,
      "id": 1644,
      "score": 0.115,
      "status": "SeedGene"
    },
    "ACTB": {
      "rank": 88,
      "id": 60,
      "score": 0.1142,
      "status": "SeedGene"
    },
    "MDM2": {
      "rank": 89,
      "id": 4193,
      "score": 0.1141,
      "status": "SeedGene"
    },
    "UGT1A1": {
      "rank": 90,
      "id": 54658,
      "score": 0.1138,
      "status": "SeedGene"
    },
    "CALM2": {
      "rank": 91,
      "id": 805,
      "score": 0.1135,
      "status": "Predicted"
    },
    "CALM1": {
      "rank": 92,
      "id": 801,
      "score": 0.1129,
      "status": "Predicted"
    },
    "CALM3": {
      "rank": 93,
      "id": 808,
      "score": 0.1127,
      "status": "Predicted"
    },
    "MSH2": {
      "rank": 94,
      "id": 4436,
      "score": 0.1126,
      "status": "SeedGene"
    },
    "NDUFA13": {
      "rank": 95,
      "id": 51079,
      "score": 0.1124,
      "status": "SeedGene"
    },
    "ECE1": {
      "rank": 96,
      "id": 1889,
      "score": 0.1122,
      "status": "SeedGene"
    },
    "FGFR3": {
      "rank": 97,
      "id": 2261,
      "score": 0.1121,
      "status": "SeedGene"
    },
    "RPS6KA3": {
      "rank": 98,
      "id": 6197,
      "score": 0.1113,
      "status": "SeedGene"
    },
    "RAI1": {
      "rank": 99,
      "id": 10743,
      "score": 0.1111,
      "status": "SeedGene"
    },
    "EZH2": {
      "rank": 100,
      "id": 2146,
      "score": 0.1109,
      "status": "SeedGene"
    }
  }
}