{
  "query": {
    "HP:0007018": {
      "id": "HP:0007018",
      "status": "ok",
      "target": [
        "HP:0007018"
      ]
    },
    "HP:0000717": {
      "id": "HP:0000717",
      "status": "ok",
      "target": [
        "HP:0000717"
      ]
    },
    "HP:0001263": {
      "id": "HP:0001263",
      "status": "ok",
      "target": [
        "HP:0001263"
      ]
    },
    "HP:0000709": {
      "id": "HP:0000709",
      "status": "ok",
      "target": [
        "HP:0000709"
      ]
    }
  },
  "response": {
    "ALDH5A1": {
      "rank": 1,
      "id": 7915,
      "score": 1.0,
      "status": "SeedGene"
    },
    "ELN": {
      "rank": 2,
      "id": 2006,
      "score": 0.9964,
      "status": "SeedGene"
    },
    "PAH": {
      "rank": 3,
      "id": 5053,
      "score": 0.9787,
      "status": "SeedGene"
    },
    "ABCD1": {
      "rank": 4,
      "id": 215,
      "score": 0.9055,
      "status": "SeedGene"
    },
    "VPS13A": {
      "rank": 5,
      "id": 23230,
      "score": 0.8535,
      "status": "SeedGene"
    },
    "DHCR7": {
      "rank": 6,
      "id": 1717,
      "score": 0.8283,
      "status": "SeedGene"
    },
    "SLC7A7": {
      "rank": 7,
      "id": 9056,
      "score": 0.7243,
      "status": "SeedGene"
    },
    "NHLRC1": {
      "rank": 8,
      "id": 378884,
      "score": 0.712,
      "status": "SeedGene"
    },
    "PPOX": {
      "rank": 9,
      "id": 5498,
      "score": 0.6951,
      "status": "SeedGene"
    },
    "EPM2A": {
      "rank": 10,
      "id": 7957,
      "score": 0.6766,
      "status": "SeedGene"
    },
    "CHD7": {
      "rank": 11,
      "id": 55636,
      "score": 0.6674,
      "status": "SeedGene"
    },
    "GSS": {
      "rank": 12,
      "id": 2937,
      "score": 0.6554,
      "status": "SeedGene"
    },
    "SHANK3": {
      "rank": 13,
      "id": 85358,
      "score": 0.6185,
      "status": "SeedGene"
    },
    "MED12": {
      "rank": 14,
      "id": 9968,
      "score": 0.6069,
      "status": "SeedGene"
    },
    "RAI1": {
      "rank": 15,
      "id": 10743,
      "score": 0.585,
      "status": "SeedGene"
    },
    "LIMK1": {
      "rank": 16,
      "id": 3984,
      "score": 0.5775,
      "status": "SeedGene"
    },
    "NDP": {
      "rank": 17,
      "id": 4693,
      "score": 0.5752,
      "status": "SeedGene"
    },
    "MLXIPL": {
      "rank": 18,
      "id": 51085,
      "score": 0.5502,
      "status": "SeedGene"
    },
    "GNAQ": {
      "rank": 19,
      "id": 2776,
      "score": 0.5453,
      "status": "SeedGene"
    },
    "MECP2": {
      "rank": 20,
      "id": 4204,
      "score": 0.5222,
      "status": "SeedGene"
    },
    "RFC2": {
      "rank": 21,
      "id": 5982,
      "score": 0.5011,
      "status": "SeedGene"
    },
    "NPC2": {
      "rank": 22,
      "id": 10577,
      "score": 0.4996,
      "status": "SeedGene"
    },
    "NBN": {
      "rank": 23,
      "id": 4683,
      "score": 0.4993,
      "status": "SeedGene"
    },
    "NPC1": {
      "rank": 24,
      "id": 4864,
      "score": 0.4892,
      "status": "SeedGene"
    },
    "ACADS": {
      "rank": 25,
      "id": 35,
      "score": 0.4689,
      "status": "SeedGene"
    },
    "HMBS": {
      "rank": 26,
      "id": 3145,
      "score": 0.448,
      "status": "SeedGene"
    },
    "GAMT": {
      "rank": 27,
      "id": 2593,
      "score": 0.4435,
      "status": "SeedGene"
    },
    "SH2B1": {
      "rank": 28,
      "id": 25970,
      "score": 0.4266,
      "status": "SeedGene"
    },
    "GATM": {
      "rank": 29,
      "id": 2628,
      "score": 0.4243,
      "status": "SeedGene"
    },
    "EIF4H": {
      "rank": 30,
      "id": 7458,
      "score": 0.4242,
      "status": "SeedGene"
    },
    "SLC6A8": {
      "rank": 31,
      "id": 6535,
      "score": 0.4237,
      "status": "SeedGene"
    },
    "TSC2": {
      "rank": 32,
      "id": 7249,
      "score": 0.4203,
      "status": "SeedGene"
    },
    "BAZ1B": {
      "rank": 33,
      "id": 9031,
      "score": 0.4174,
      "status": "SeedGene"
    },
    "FKBP6": {
      "rank": 34,
      "id": 8468,
      "score": 0.4124,
      "status": "SeedGene"
    },
    "LAT2": {
      "rank": 35,
      "id": 7462,
      "score": 0.4109,
      "status": "SeedGene"
    },
    "GTF2I": {
      "rank": 36,
      "id": 2969,
      "score": 0.4063,
      "status": "SeedGene"
    },
    "GTF2IRD1": {
      "rank": 37,
      "id": 9569,
      "score": 0.4041,
      "status": "SeedGene"
    },
    "TSC1": {
      "rank": 38,
      "id": 7248,
      "score": 0.4021,
      "status": "SeedGene"
    },
    "TBL2": {
      "rank": 39,
      "id": 26608,
      "score": 0.3984,
      "status": "SeedGene"
    },
    "SEMA3E": {
      "rank": 40,
      "id": 9723,
      "score": 0.3971,
      "status": "SeedGene"
    },
    "CLIP2": {
      "rank": 41,
      "id": 7461,
      "score": 0.3888,
      "status": "SeedGene"
    },
    "PTEN": {
      "rank": 42,
      "id": 5728,
      "score": 0.3817,
      "status": "SeedGene"
    },
    "SNRPN": {
      "rank": 43,
      "id": 6638,
      "score": 0.3797,
      "status": "SeedGene"
    },
    "IKBKG": {
      "rank": 44,
      "id": 8517,
      "score": 0.3756,
      "status": "SeedGene"
    },
    "CACNA1A": {
      "rank": 45,
      "id": 773,
      "score": 0.3525,
      "status": "SeedGene"
    },
    "ANKRD11": {
      "rank": 46,
      "id": 29123,
      "score": 0.3469,
      "status": "SeedGene"
    },
    "EHMT1": {
      "rank": 47,
      "id": 79813,
      "score": 0.3409,
      "status": "SeedGene"
    },
    "ATP13A2": {
      "rank": 48,
      "id": 23400,
      "score": 0.3333,
      "status": "SeedGene"
    },
    "EP300": {
      "rank": 49,
      "id": 2033,
      "score": 0.3264,
      "status": "SeedGene"
    },
    "COMT": {
      "rank": 50,
      "id": 1312,
      "score": 0.3231,
      "status": "SeedGene"
    },
    "BCL7B": {
      "rank": 51,
      "id": 9275,
      "score": 0.3196,
      "status": "SeedGene"
    },
    "CREBBP": {
      "rank": 52,
      "id": 1387,
      "score": 0.311,
      "status": "SeedGene"
    },
    "SMAD4": {
      "rank": 53,
      "id": 4089,
      "score": 0.3039,
      "status": "SeedGene"
    },
    "HDAC8": {
      "rank": 54,
      "id": 55869,
      "score": 0.3037,
      "status": "SeedGene"
    },
    "PDGFRB": {
      "rank": 55,
      "id": 5159,
      "score": 0.2985,
      "status": "SeedGene"
    },
    "OCRL": {
      "rank": 56,
      "id": 4952,
      "score": 0.2953,
      "status": "SeedGene"
    },
    "HFE": {
      "rank": 57,
      "id": 3077,
      "score": 0.2946,
      "status": "SeedGene"
    },
    "GNE": {
      "rank": 58,
      "id": 10020,
      "score": 0.2927,
      "status": "SeedGene"
    },
    "PIK3CA": {
      "rank": 59,
      "id": 5290,
      "score": 0.2898,
      "status": "SeedGene"
    },
    "AKT1": {
      "rank": 60,
      "id": 207,
      "score": 0.2852,
      "status": "SeedGene"
    },
    "SMC1A": {
      "rank": 61,
      "id": 8243,
      "score": 0.2832,
      "status": "SeedGene"
    },
    "HERC2": {
      "rank": 62,
      "id": 8924,
      "score": 0.2827,
      "status": "SeedGene"
    },
    "ADSL": {
      "rank": 63,
      "id": 158,
      "score": 0.2795,
      "status": "SeedGene"
    },
    "SMC3": {
      "rank": 64,
      "id": 9126,
      "score": 0.2782,
      "status": "SeedGene"
    },
    "STS": {
      "rank": 65,
      "id": 412,
      "score": 0.2775,
      "status": "SeedGene"
    },
    "PRKAR1A": {
      "rank": 66,
      "id": 5573,
      "score": 0.2689,
      "status": "SeedGene"
    },
    "RAD21": {
      "rank": 67,
      "id": 5885,
      "score": 0.2652,
      "status": "SeedGene"
    },
    "PTCH1": {
      "rank": 68,
      "id": 5727,
      "score": 0.2628,
      "status": "SeedGene"
    },
    "DNAJC30": {
      "rank": 69,
      "id": 84277,
      "score": 0.257,
      "status": "SeedGene"
    },
    "DPYD": {
      "rank": 70,
      "id": 1806,
      "score": 0.2523,
      "status": "SeedGene"
    },
    "GP1BB": {
      "rank": 71,
      "id": 2812,
      "score": 0.2523,
      "status": "SeedGene"
    },
    "RPL10": {
      "rank": 72,
      "id": 6134,
      "score": 0.2486,
      "status": "SeedGene"
    },
    "TBX1": {
      "rank": 73,
      "id": 6899,
      "score": 0.2444,
      "status": "SeedGene"
    },
    "NDN": {
      "rank": 74,
      "id": 4692,
      "score": 0.2431,
      "status": "SeedGene"
    },
    "SPRED1": {
      "rank": 75,
      "id": 161742,
      "score": 0.2377,
      "status": "SeedGene"
    },
    "SLC20A2": {
      "rank": 76,
      "id": 6575,
      "score": 0.2374,
      "status": "SeedGene"
    },
    "MLH1": {
      "rank": 77,
      "id": 4292,
      "score": 0.2372,
      "status": "SeedGene"
    },
    "HIRA": {
      "rank": 78,
      "id": 7290,
      "score": 0.235,
      "status": "SeedGene"
    },
    "AIP": {
      "rank": 79,
      "id": 9049,
      "score": 0.2348,
      "status": "SeedGene"
    },
    "PRKCG": {
      "rank": 80,
      "id": 5582,
      "score": 0.2336,
      "status": "SeedGene"
    },
    "NF1": {
      "rank": 81,
      "id": 4763,
      "score": 0.231,
      "status": "SeedGene"
    },
    "NIPBL": {
      "rank": 82,
      "id": 25836,
      "score": 0.2271,
      "status": "SeedGene"
    },
    "MKRN3-AS1": {
      "rank": 83,
      "id": 10108,
      "score": 0.2267,
      "status": "SeedGene"
    },
    "PWRN1": {
      "rank": 84,
      "id": 791114,
      "score": 0.2267,
      "status": "SeedGene"
    },
    "IPW": {
      "rank": 85,
      "id": 3653,
      "score": 0.2267,
      "status": "SeedGene"
    },
    "PWAR1": {
      "rank": 86,
      "id": 145624,
      "score": 0.2267,
      "status": "SeedGene"
    },
    "GATA4": {
      "rank": 87,
      "id": 2626,
      "score": 0.2242,
      "status": "SeedGene"
    },
    "MAGEL2": {
      "rank": 88,
      "id": 54551,
      "score": 0.22,
      "status": "SeedGene"
    },
    "FLII": {
      "rank": 89,
      "id": 2314,
      "score": 0.2196,
      "status": "SeedGene"
    },
    "NLGN3": {
      "rank": 90,
      "id": 54413,
      "score": 0.2181,
      "status": "SeedGene"
    },
    "NLGN4X": {
      "rank": 91,
      "id": 57502,
      "score": 0.2174,
      "status": "SeedGene"
    },
    "RPS6KA3": {
      "rank": 92,
      "id": 6197,
      "score": 0.2174,
      "status": "SeedGene"
    },
    "SNORD115-1": {
      "rank": 93,
      "id": 338433,
      "score": 0.2172,
      "status": "SeedGene"
    },
    "SNORD116-1": {
      "rank": 94,
      "id": 100033413,
      "score": 0.2172,
      "status": "SeedGene"
    },
    "MSH2": {
      "rank": 95,
      "id": 4436,
      "score": 0.2159,
      "status": "SeedGene"
    },
    "GNAS": {
      "rank": 96,
      "id": 2778,
      "score": 0.2149,
      "status": "SeedGene"
    },
    "MKRN3": {
      "rank": 97,
      "id": 7681,
      "score": 0.2145,
      "status": "SeedGene"
    },
    "GRIN2A": {
      "rank": 98,
      "id": 2903,
      "score": 0.2139,
      "status": "SeedGene"
    },
    "NPAP1": {
      "rank": 99,
      "id": 23742,
      "score": 0.2125,
      "status": "SeedGene"
    },
    "ARMC5": {
      "rank": 100,
      "id": 79798,
      "score": 0.2114,
      "status": "SeedGene"
    }
  }
}