{
  "query": {
    "HP:0100021": {
      "id": "HP:0100021",
      "status": "ok",
      "target": [
        "HP:0100021"
      ]
    },
    "HP:0001263": {
      "id": "HP:0001263",
      "status": "ok",
      "target": [
        "HP:0001263"
      ]
    },
    "HP:0001252": {
      "id": "HP:0001252",
      "status": "ok",
      "target": [
        "HP:0001252"
      ]
    },
    "HP:0002650": {
      "id": "HP:0002650",
      "status": "ok",
      "target": [
        "HP:0002650"
      ]
    },
    "HP:0001250": {
      "id": "HP:0001250",
      "status": "ok",
      "target": [
        "HP:0001250"
      ]
    }
  },
  "response": {
    "IDUA": {
      "rank": 1,
      "id": 3425,
      "score": 1.0,
      "status": "SeedGene"
    },
    "SCN4A": {
      "rank": 2,
      "id": 6329,
      "score": 0.5826,
      "status": "SeedGene"
    },
    "IDH1": {
      "rank": 3,
      "id": 3417,
      "score": 0.1572,
      "status": "SeedGene"
    },
    "IDH2": {
      "rank": 4,
      "id": 3418,
      "score": 0.15,
      "status": "SeedGene"
    },
    "SMARCB1": {
      "rank": 5,
      "id": 6598,
      "score": 0.1298,
      "status": "SeedGene"
    },
    "RPS6KA3": {
      "rank": 6,
      "id": 6197,
      "score": 0.1215,
      "status": "SeedGene"
    },
    "CACNA1D": {
      "rank": 7,
      "id": 776,
      "score": 0.1195,
      "status": "SeedGene"
    },
    "FGFR3": {
      "rank": 8,
      "id": 2261,
      "score": 0.1188,
      "status": "SeedGene"
    },
    "HPGD": {
      "rank": 9,
      "id": 3248,
      "score": 0.1177,
      "status": "SeedGene"
    },
    "SLCO2A1": {
      "rank": 10,
      "id": 6578,
      "score": 0.1153,
      "status": "SeedGene"
    },
    "KRAS": {
      "rank": 11,
      "id": 3845,
      "score": 0.1148,
      "status": "SeedGene"
    },
    "ITGB3": {
      "rank": 12,
      "id": 3690,
      "score": 0.1139,
      "status": "SeedGene"
    },
    "BRAF": {
      "rank": 13,
      "id": 673,
      "score": 0.1133,
      "status": "SeedGene"
    },
    "ITGA2B": {
      "rank": 14,
      "id": 3674,
      "score": 0.1114,
      "status": "SeedGene"
    },
    "UROD": {
      "rank": 15,
      "id": 7389,
      "score": 0.1104,
      "status": "SeedGene"
    },
    "PTEN": {
      "rank": 16,
      "id": 5728,
      "score": 0.1104,
      "status": "SeedGene"
    },
    "ST3GAL5": {
      "rank": 17,
      "id": 8869,
      "score": 0.1067,
      "status": "SeedGene"
    },
    "ITGA2": {
      "rank": 18,
      "id": 3673,
      "score": 0.1056,
      "status": "SeedGene"
    },
    "PIK3CA": {
      "rank": 19,
      "id": 5290,
      "score": 0.1041,
      "status": "SeedGene"
    },
    "AKT1": {
      "rank": 20,
      "id": 207,
      "score": 0.1023,
      "status": "SeedGene"
    },
    "VLDLR": {
      "rank": 21,
      "id": 7436,
      "score": 0.1009,
      "status": "SeedGene"
    },
    "MAP2K1": {
      "rank": 22,
      "id": 5604,
      "score": 0.0993,
      "status": "SeedGene"
    },
    "UBE3A": {
      "rank": 23,
      "id": 7337,
      "score": 0.0988,
      "status": "SeedGene"
    },
    "SPR": {
      "rank": 24,
      "id": 6697,
      "score": 0.0976,
      "status": "SeedGene"
    },
    "GP1BB": {
      "rank": 25,
      "id": 2812,
      "score": 0.096,
      "status": "SeedGene"
    },
    "COX10": {
      "rank": 26,
      "id": 1352,
      "score": 0.0951,
      "status": "SeedGene"
    },
    "GAD1": {
      "rank": 27,
      "id": 2571,
      "score": 0.0946,
      "status": "SeedGene"
    },
    "EP300": {
      "rank": 28,
      "id": 2033,
      "score": 0.0944,
      "status": "SeedGene"
    },
    "EZH2": {
      "rank": 29,
      "id": 2146,
      "score": 0.0942,
      "status": "SeedGene"
    },
    "UGT1A1": {
      "rank": 30,
      "id": 54658,
      "score": 0.0934,
      "status": "SeedGene"
    },
    "SMARCA4": {
      "rank": 31,
      "id": 6597,
      "score": 0.0927,
      "status": "SeedGene"
    },
    "RAF1": {
      "rank": 32,
      "id": 5894,
      "score": 0.0916,
      "status": "SeedGene"
    },
    "PDHA1": {
      "rank": 33,
      "id": 5160,
      "score": 0.0913,
      "status": "SeedGene"
    },
    "SLC6A3": {
      "rank": 34,
      "id": 6531,
      "score": 0.0912,
      "status": "SeedGene"
    },
    "INPP5E": {
      "rank": 35,
      "id": 56623,
      "score": 0.0909,
      "status": "SeedGene"
    },
    "MAP2K2": {
      "rank": 36,
      "id": 5605,
      "score": 0.0897,
      "status": "SeedGene"
    },
    "ATP8A2": {
      "rank": 37,
      "id": 51761,
      "score": 0.0896,
      "status": "SeedGene"
    },
    "DNASE1L3": {
      "rank": 38,
      "id": 1776,
      "score": 0.0891,
      "status": "SeedGene"
    },
    "OCRL": {
      "rank": 39,
      "id": 4952,
      "score": 0.0887,
      "status": "SeedGene"
    },
    "PAFAH1B1": {
      "rank": 40,
      "id": 5048,
      "score": 0.087,
      "status": "SeedGene"
    },
    "DCC": {
      "rank": 41,
      "id": 1630,
      "score": 0.0863,
      "status": "SeedGene"
    },
    "WDR81": {
      "rank": 42,
      "id": 124997,
      "score": 0.0863,
      "status": "SeedGene"
    },
    "RAI1": {
      "rank": 43,
      "id": 10743,
      "score": 0.0862,
      "status": "SeedGene"
    },
    "ATP6V0A2": {
      "rank": 44,
      "id": 23545,
      "score": 0.0855,
      "status": "SeedGene"
    },
    "CD109": {
      "rank": 45,
      "id": 135228,
      "score": 0.0854,
      "status": "SeedGene"
    },
    "CREBBP": {
      "rank": 46,
      "id": 1387,
      "score": 0.0853,
      "status": "SeedGene"
    },
    "SURF1": {
      "rank": 47,
      "id": 6834,
      "score": 0.0833,
      "status": "SeedGene"
    },
    "MVK": {
      "rank": 48,
      "id": 4598,
      "score": 0.0832,
      "status": "SeedGene"
    },
    "CALM1": {
      "rank": 49,
      "id": 801,
      "score": 0.0832,
      "status": "SeedGene"
    },
    "FGFR2": {
      "rank": 50,
      "id": 2263,
      "score": 0.0831,
      "status": "SeedGene"
    },
    "CALM2": {
      "rank": 51,
      "id": 805,
      "score": 0.082,
      "status": "SeedGene"
    },
    "KIF7": {
      "rank": 52,
      "id": 374654,
      "score": 0.0818,
      "status": "SeedGene"
    },
    "FH": {
      "rank": 53,
      "id": 2271,
      "score": 0.0818,
      "status": "SeedGene"
    },
    "SLC26A2": {
      "rank": 54,
      "id": 1836,
      "score": 0.0815,
      "status": "SeedGene"
    },
    "GNE": {
      "rank": 55,
      "id": 10020,
      "score": 0.0809,
      "status": "SeedGene"
    },
    "GP1BA": {
      "rank": 56,
      "id": 2811,
      "score": 0.0807,
      "status": "SeedGene"
    },
    "AAAS": {
      "rank": 57,
      "id": 8086,
      "score": 0.0806,
      "status": "SeedGene"
    },
    "PEX19": {
      "rank": 58,
      "id": 5824,
      "score": 0.0802,
      "status": "SeedGene"
    },
    "INS": {
      "rank": 59,
      "id": 3630,
      "score": 0.0799,
      "status": "SeedGene"
    },
    "TMEM237": {
      "rank": 60,
      "id": 65062,
      "score": 0.0797,
      "status": "SeedGene"
    },
    "NRAS": {
      "rank": 61,
      "id": 4893,
      "score": 0.0796,
      "status": "SeedGene"
    },
    "PRKACA": {
      "rank": 62,
      "id": 5566,
      "score": 0.0796,
      "status": "Predicted"
    },
    "CA8": {
      "rank": 63,
      "id": 767,
      "score": 0.0795,
      "status": "SeedGene"
    },
    "CALM3": {
      "rank": 64,
      "id": 808,
      "score": 0.0794,
      "status": "Predicted"
    },
    "RAD51": {
      "rank": 65,
      "id": 5888,
      "score": 0.0794,
      "status": "SeedGene"
    },
    "PROC": {
      "rank": 66,
      "id": 5624,
      "score": 0.079,
      "status": "SeedGene"
    },
    "ACTB": {
      "rank": 67,
      "id": 60,
      "score": 0.0784,
      "status": "SeedGene"
    },
    "AP4M1": {
      "rank": 68,
      "id": 9179,
      "score": 0.0784,
      "status": "SeedGene"
    },
    "AP4S1": {
      "rank": 69,
      "id": 11154,
      "score": 0.0783,
      "status": "SeedGene"
    },
    "TUBB2B": {
      "rank": 70,
      "id": 347733,
      "score": 0.0781,
      "status": "SeedGene"
    },
    "AIP": {
      "rank": 71,
      "id": 9049,
      "score": 0.0779,
      "status": "SeedGene"
    },
    "NSDHL": {
      "rank": 72,
      "id": 50814,
      "score": 0.0768,
      "status": "SeedGene"
    },
    "ARG1": {
      "rank": 73,
      "id": 383,
      "score": 0.0767,
      "status": "SeedGene"
    },
    "PIK3R2": {
      "rank": 74,
      "id": 5296,
      "score": 0.0765,
      "status": "SeedGene"
    },
    "COL2A1": {
      "rank": 75,
      "id": 1280,
      "score": 0.0759,
      "status": "SeedGene"
    },
    "GCK": {
      "rank": 76,
      "id": 2645,
      "score": 0.0759,
      "status": "SeedGene"
    },
    "SLC2A1": {
      "rank": 77,
      "id": 6513,
      "score": 0.0756,
      "status": "SeedGene"
    },
    "ALG9": {
      "rank": 78,
      "id": 79796,
      "score": 0.0753,
      "status": "SeedGene"
    },
    "RNF125": {
      "rank": 79,
      "id": 54941,
      "score": 0.0751,
      "status": "SeedGene"
    },
    "TGFB1": {
      "rank": 80,
      "id": 7040,
      "score": 0.075,
      "status": "SeedGene"
    },
    "NSD1": {
      "rank": 81,
      "id": 64324,
      "score": 0.0747,
      "status": "SeedGene"
    },
    "NDUFS3": {
      "rank": 82,
      "id": 4722,
      "score": 0.0742,
      "status": "SeedGene"
    },
    "DLD": {
      "rank": 83,
      "id": 1738,
      "score": 0.0737,
      "status": "SeedGene"
    },
    "ARID1B": {
      "rank": 84,
      "id": 57492,
      "score": 0.0733,
      "status": "SeedGene"
    },
    "UBB": {
      "rank": 85,
      "id": 7314,
      "score": 0.0731,
      "status": "Predicted"
    },
    "SDHA": {
      "rank": 86,
      "id": 6389,
      "score": 0.0731,
      "status": "SeedGene"
    },
    "COX6B1": {
      "rank": 87,
      "id": 1340,
      "score": 0.0729,
      "status": "SeedGene"
    },
    "PLCG1": {
      "rank": 88,
      "id": 5335,
      "score": 0.0726,
      "status": "Predicted"
    },
    "ACOX1": {
      "rank": 89,
      "id": 51,
      "score": 0.0726,
      "status": "SeedGene"
    },
    "UBA52": {
      "rank": 90,
      "id": 7311,
      "score": 0.0726,
      "status": "Predicted"
    },
    "DNAL4": {
      "rank": 91,
      "id": 10126,
      "score": 0.0726,
      "status": "SeedGene"
    },
    "RPS27A": {
      "rank": 92,
      "id": 6233,
      "score": 0.0724,
      "status": "Predicted"
    },
    "SLC17A5": {
      "rank": 93,
      "id": 26503,
      "score": 0.0724,
      "status": "SeedGene"
    },
    "ARID1A": {
      "rank": 94,
      "id": 8289,
      "score": 0.0722,
      "status": "SeedGene"
    },
    "COX15": {
      "rank": 95,
      "id": 1355,
      "score": 0.072,
      "status": "SeedGene"
    },
    "TP53": {
      "rank": 96,
      "id": 7157,
      "score": 0.072,
      "status": "SeedGene"
    },
    "NDUFS1": {
      "rank": 97,
      "id": 4719,
      "score": 0.0719,
      "status": "SeedGene"
    },
    "NDUFS8": {
      "rank": 98,
      "id": 4728,
      "score": 0.0719,
      "status": "SeedGene"
    },
    "IKBKG": {
      "rank": 99,
      "id": 8517,
      "score": 0.0719,
      "status": "SeedGene"
    },
    "TRPV4": {
      "rank": 100,
      "id": 59341,
      "score": 0.0718,
      "status": "SeedGene"
    }
  }
}