{
  "query": {
    "HP:0002863": {
      "id": "HP:0002863",
      "status": "ok",
      "target": [
        "HP:0002863"
      ]
    },
    "HP:0001903": {
      "id": "HP:0001903",
      "status": "ok",
      "target": [
        "HP:0001903"
      ]
    },
    "HP:0001876": {
      "id": "HP:0001876",
      "status": "ok",
      "target": [
        "HP:0001876"
      ]
    }
  },
  "response": {
    "JAK2": {
      "rank": 1,
      "id": 3717,
      "score": 1.0,
      "status": "SeedGene"
    },
    "MPL": {
      "rank": 2,
      "id": 4352,
      "score": 0.9224,
      "status": "SeedGene"
    },
    "FANCC": {
      "rank": 3,
      "id": 2176,
      "score": 0.9122,
      "status": "SeedGene"
    },
    "TERT": {
      "rank": 4,
      "id": 7015,
      "score": 0.9109,
      "status": "SeedGene"
    },
    "FANCD2": {
      "rank": 5,
      "id": 2177,
      "score": 0.9089,
      "status": "SeedGene"
    },
    "DKC1": {
      "rank": 6,
      "id": 1736,
      "score": 0.9005,
      "status": "SeedGene"
    },
    "FANCA": {
      "rank": 7,
      "id": 2175,
      "score": 0.8961,
      "status": "SeedGene"
    },
    "FANCE": {
      "rank": 8,
      "id": 2178,
      "score": 0.888,
      "status": "SeedGene"
    },
    "TINF2": {
      "rank": 9,
      "id": 26277,
      "score": 0.8856,
      "status": "SeedGene"
    },
    "PALB2": {
      "rank": 10,
      "id": 79728,
      "score": 0.8832,
      "status": "SeedGene"
    },
    "BRCA2": {
      "rank": 11,
      "id": 675,
      "score": 0.8286,
      "status": "SeedGene"
    },
    "FANCG": {
      "rank": 12,
      "id": 2189,
      "score": 0.8113,
      "status": "SeedGene"
    },
    "BRIP1": {
      "rank": 13,
      "id": 83990,
      "score": 0.803,
      "status": "SeedGene"
    },
    "RAD51C": {
      "rank": 14,
      "id": 5889,
      "score": 0.7982,
      "status": "SeedGene"
    },
    "SLX4": {
      "rank": 15,
      "id": 84464,
      "score": 0.7976,
      "status": "SeedGene"
    },
    "FANCI": {
      "rank": 16,
      "id": 55215,
      "score": 0.7907,
      "status": "SeedGene"
    },
    "FANCF": {
      "rank": 17,
      "id": 2188,
      "score": 0.7814,
      "status": "SeedGene"
    },
    "RAF1": {
      "rank": 18,
      "id": 5894,
      "score": 0.7693,
      "status": "SeedGene"
    },
    "FANCB": {
      "rank": 19,
      "id": 2187,
      "score": 0.7634,
      "status": "SeedGene"
    },
    "FANCM": {
      "rank": 20,
      "id": 57697,
      "score": 0.7634,
      "status": "SeedGene"
    },
    "BRAF": {
      "rank": 21,
      "id": 673,
      "score": 0.7399,
      "status": "SeedGene"
    },
    "PTPN11": {
      "rank": 22,
      "id": 5781,
      "score": 0.6673,
      "status": "SeedGene"
    },
    "TET2": {
      "rank": 23,
      "id": 54790,
      "score": 0.6642,
      "status": "SeedGene"
    },
    "FANCL": {
      "rank": 24,
      "id": 55120,
      "score": 0.6082,
      "status": "SeedGene"
    },
    "SBDS": {
      "rank": 25,
      "id": 51119,
      "score": 0.5676,
      "status": "SeedGene"
    },
    "NHP2": {
      "rank": 26,
      "id": 55651,
      "score": 0.566,
      "status": "SeedGene"
    },
    "TERC": {
      "rank": 27,
      "id": 7012,
      "score": 0.5494,
      "status": "SeedGene"
    },
    "WRAP53": {
      "rank": 28,
      "id": 55135,
      "score": 0.5437,
      "status": "SeedGene"
    },
    "NOP10": {
      "rank": 29,
      "id": 55505,
      "score": 0.5242,
      "status": "SeedGene"
    },
    "ERCC4": {
      "rank": 30,
      "id": 2072,
      "score": 0.488,
      "status": "SeedGene"
    },
    "PCCB": {
      "rank": 31,
      "id": 5096,
      "score": 0.4593,
      "status": "SeedGene"
    },
    "PCCA": {
      "rank": 32,
      "id": 5095,
      "score": 0.4593,
      "status": "SeedGene"
    },
    "HLA-DRB1": {
      "rank": 33,
      "id": 3123,
      "score": 0.4193,
      "status": "SeedGene"
    },
    "NBEAL2": {
      "rank": 34,
      "id": 23218,
      "score": 0.395,
      "status": "SeedGene"
    },
    "RTEL1": {
      "rank": 35,
      "id": 51750,
      "score": 0.3917,
      "status": "SeedGene"
    },
    "IVD": {
      "rank": 36,
      "id": 3712,
      "score": 0.3716,
      "status": "SeedGene"
    },
    "GFI1B": {
      "rank": 37,
      "id": 8328,
      "score": 0.3311,
      "status": "SeedGene"
    },
    "SH2D1A": {
      "rank": 38,
      "id": 4068,
      "score": 0.3242,
      "status": "SeedGene"
    },
    "XIAP": {
      "rank": 39,
      "id": 331,
      "score": 0.3166,
      "status": "SeedGene"
    },
    "HBB": {
      "rank": 40,
      "id": 3043,
      "score": 0.3066,
      "status": "SeedGene"
    },
    "TCIRG1": {
      "rank": 41,
      "id": 10312,
      "score": 0.306,
      "status": "SeedGene"
    },
    "GBA": {
      "rank": 42,
      "id": 2629,
      "score": 0.3043,
      "status": "SeedGene"
    },
    "TP53": {
      "rank": 43,
      "id": 7157,
      "score": 0.2855,
      "status": "SeedGene"
    },
    "CALR": {
      "rank": 44,
      "id": 811,
      "score": 0.2789,
      "status": "SeedGene"
    },
    "ATR": {
      "rank": 45,
      "id": 545,
      "score": 0.2511,
      "status": "SeedGene"
    },
    "BTNL2": {
      "rank": 46,
      "id": 56244,
      "score": 0.251,
      "status": "SeedGene"
    },
    "UBE2T": {
      "rank": 47,
      "id": 29089,
      "score": 0.247,
      "status": "SeedGene"
    },
    "KIT": {
      "rank": 48,
      "id": 3815,
      "score": 0.2462,
      "status": "SeedGene"
    },
    "NSUN2": {
      "rank": 49,
      "id": 54888,
      "score": 0.2456,
      "status": "SeedGene"
    },
    "BRCA1": {
      "rank": 50,
      "id": 672,
      "score": 0.2328,
      "status": "SeedGene"
    },
    "LIG4": {
      "rank": 51,
      "id": 3981,
      "score": 0.2317,
      "status": "SeedGene"
    },
    "NBN": {
      "rank": 52,
      "id": 4683,
      "score": 0.2292,
      "status": "SeedGene"
    },
    "STAT3": {
      "rank": 53,
      "id": 6774,
      "score": 0.228,
      "status": "SeedGene"
    },
    "LMBRD1": {
      "rank": 54,
      "id": 55788,
      "score": 0.2272,
      "status": "SeedGene"
    },
    "TNFSF11": {
      "rank": 55,
      "id": 8600,
      "score": 0.2148,
      "status": "SeedGene"
    },
    "STAT5B": {
      "rank": 56,
      "id": 6777,
      "score": 0.2119,
      "status": "SeedGene"
    },
    "NRAS": {
      "rank": 57,
      "id": 4893,
      "score": 0.2103,
      "status": "SeedGene"
    },
    "GATA2": {
      "rank": 58,
      "id": 2624,
      "score": 0.2103,
      "status": "SeedGene"
    },
    "SF3B1": {
      "rank": 59,
      "id": 23451,
      "score": 0.2023,
      "status": "SeedGene"
    },
    "PML": {
      "rank": 60,
      "id": 5371,
      "score": 0.2003,
      "status": "SeedGene"
    },
    "SRP54": {
      "rank": 61,
      "id": 6729,
      "score": 0.1984,
      "status": "SeedGene"
    },
    "ELANE": {
      "rank": 62,
      "id": 1991,
      "score": 0.1984,
      "status": "SeedGene"
    },
    "MYC": {
      "rank": 63,
      "id": 4609,
      "score": 0.1953,
      "status": "Predicted"
    },
    "TBL1XR1": {
      "rank": 64,
      "id": 79718,
      "score": 0.1948,
      "status": "SeedGene"
    },
    "THPO": {
      "rank": 65,
      "id": 7066,
      "score": 0.194,
      "status": "SeedGene"
    },
    "RAD51": {
      "rank": 66,
      "id": 5888,
      "score": 0.1936,
      "status": "SeedGene"
    },
    "RPS19": {
      "rank": 67,
      "id": 6223,
      "score": 0.1924,
      "status": "SeedGene"
    },
    "PIGA": {
      "rank": 68,
      "id": 5277,
      "score": 0.1923,
      "status": "SeedGene"
    },
    "SRP72": {
      "rank": 69,
      "id": 6731,
      "score": 0.192,
      "status": "SeedGene"
    },
    "KRAS": {
      "rank": 70,
      "id": 3845,
      "score": 0.191,
      "status": "SeedGene"
    },
    "IFNG": {
      "rank": 71,
      "id": 3458,
      "score": 0.1853,
      "status": "SeedGene"
    },
    "BUB3": {
      "rank": 72,
      "id": 9184,
      "score": 0.1849,
      "status": "SeedGene"
    },
    "RARA": {
      "rank": 73,
      "id": 5914,
      "score": 0.1749,
      "status": "SeedGene"
    },
    "GFI1": {
      "rank": 74,
      "id": 2672,
      "score": 0.1747,
      "status": "SeedGene"
    },
    "RPS27A": {
      "rank": 75,
      "id": 6233,
      "score": 0.1744,
      "status": "Predicted"
    },
    "PARP1": {
      "rank": 76,
      "id": 142,
      "score": 0.1744,
      "status": "Predicted"
    },
    "PRKAR1A": {
      "rank": 77,
      "id": 5573,
      "score": 0.1741,
      "status": "SeedGene"
    },
    "RECQL4": {
      "rank": 78,
      "id": 9401,
      "score": 0.1734,
      "status": "SeedGene"
    },
    "XRCC4": {
      "rank": 79,
      "id": 7518,
      "score": 0.1718,
      "status": "SeedGene"
    },
    "NPM1": {
      "rank": 80,
      "id": 4869,
      "score": 0.1717,
      "status": "SeedGene"
    },
    "BUB1B": {
      "rank": 81,
      "id": 701,
      "score": 0.1712,
      "status": "SeedGene"
    },
    "UBA52": {
      "rank": 82,
      "id": 7311,
      "score": 0.1702,
      "status": "Predicted"
    },
    "TGFB1": {
      "rank": 83,
      "id": 7040,
      "score": 0.1698,
      "status": "SeedGene"
    },
    "EP300": {
      "rank": 84,
      "id": 2033,
      "score": 0.1686,
      "status": "Predicted"
    },
    "GLA": {
      "rank": 85,
      "id": 2717,
      "score": 0.1656,
      "status": "SeedGene"
    },
    "DNAJC21": {
      "rank": 86,
      "id": 134218,
      "score": 0.163,
      "status": "SeedGene"
    },
    "EFL1": {
      "rank": 87,
      "id": 79631,
      "score": 0.1628,
      "status": "SeedGene"
    },
    "ITK": {
      "rank": 88,
      "id": 3702,
      "score": 0.1628,
      "status": "SeedGene"
    },
    "DHFR": {
      "rank": 89,
      "id": 1719,
      "score": 0.1628,
      "status": "SeedGene"
    },
    "AKT1": {
      "rank": 90,
      "id": 207,
      "score": 0.1625,
      "status": "Predicted"
    },
    "UBB": {
      "rank": 91,
      "id": 7314,
      "score": 0.1618,
      "status": "Predicted"
    },
    "BUB1": {
      "rank": 92,
      "id": 699,
      "score": 0.1605,
      "status": "SeedGene"
    },
    "RNASEH2A": {
      "rank": 93,
      "id": 10535,
      "score": 0.1587,
      "status": "SeedGene"
    },
    "NLRC4": {
      "rank": 94,
      "id": 58484,
      "score": 0.1585,
      "status": "SeedGene"
    },
    "UBC": {
      "rank": 95,
      "id": 7316,
      "score": 0.1573,
      "status": "Predicted"
    },
    "LPIN2": {
      "rank": 96,
      "id": 9663,
      "score": 0.1564,
      "status": "SeedGene"
    },
    "ABL1": {
      "rank": 97,
      "id": 25,
      "score": 0.1563,
      "status": "Predicted"
    },
    "COQ2": {
      "rank": 98,
      "id": 27235,
      "score": 0.1537,
      "status": "SeedGene"
    },
    "TCN2": {
      "rank": 99,
      "id": 6948,
      "score": 0.1536,
      "status": "SeedGene"
    },
    "MMAA": {
      "rank": 100,
      "id": 166785,
      "score": 0.1534,
      "status": "SeedGene"
    }
  }
}