{
  "query": {
    "HP:0001263": {
      "id": "HP:0001263",
      "status": "ok",
      "target": [
        "HP:0001263"
      ]
    },
    "HP:0003128": {
      "id": "HP:0003128",
      "status": "ok",
      "target": [
        "HP:0003128"
      ]
    },
    "HP:0001252": {
      "id": "HP:0001252",
      "status": "ok",
      "target": [
        "HP:0001252"
      ]
    },
    "HP:0000816": {
      "id": "HP:0000816",
      "status": "ok",
      "target": [
        "HP:0000816"
      ]
    },
    "HP:0012103": {
      "id": "HP:0012103",
      "status": "ok",
      "target": [
        "HP:0012103"
      ]
    },
    "HP:0011968": {
      "id": "HP:0011968",
      "status": "ok",
      "target": [
        "HP:0011968"
      ]
    },
    "HP:0002878": {
      "id": "HP:0002878",
      "status": "ok",
      "target": [
        "HP:0002878"
      ]
    },
    "HP:0000488": {
      "id": "HP:0000488",
      "status": "ok",
      "target": [
        "HP:0000488"
      ]
    }
  },
  "response": {
    "MMACHC": {
      "rank": 1,
      "id": 25974,
      "score": 1.0,
      "status": "SeedGene"
    },
    "PHYH": {
      "rank": 2,
      "id": 5264,
      "score": 0.9577,
      "status": "SeedGene"
    },
    "MMADHC": {
      "rank": 3,
      "id": 27249,
      "score": 0.9429,
      "status": "SeedGene"
    },
    "PEX7": {
      "rank": 4,
      "id": 5191,
      "score": 0.8432,
      "status": "SeedGene"
    },
    "FH": {
      "rank": 5,
      "id": 2271,
      "score": 0.8292,
      "status": "SeedGene"
    },
    "MMAB": {
      "rank": 6,
      "id": 326625,
      "score": 0.6912,
      "status": "SeedGene"
    },
    "ABCC6": {
      "rank": 7,
      "id": 368,
      "score": 0.6788,
      "status": "SeedGene"
    },
    "FXN": {
      "rank": 8,
      "id": 2395,
      "score": 0.6671,
      "status": "SeedGene"
    },
    "MMAA": {
      "rank": 9,
      "id": 166785,
      "score": 0.6376,
      "status": "SeedGene"
    },
    "ND5": {
      "rank": 10,
      "id": 8923210,
      "score": 0.6163,
      "status": "SeedGene"
    },
    "ND4": {
      "rank": 11,
      "id": 8923197,
      "score": 0.6163,
      "status": "SeedGene"
    },
    "ND1": {
      "rank": 12,
      "id": 8923209,
      "score": 0.6163,
      "status": "SeedGene"
    },
    "ND2": {
      "rank": 13,
      "id": 8923212,
      "score": 0.6163,
      "status": "SeedGene"
    },
    "ND3": {
      "rank": 14,
      "id": 8923206,
      "score": 0.6163,
      "status": "SeedGene"
    },
    "ND6": {
      "rank": 15,
      "id": 8923198,
      "score": 0.6163,
      "status": "SeedGene"
    },
    "OGDH": {
      "rank": 16,
      "id": 4967,
      "score": 0.6018,
      "status": "SeedGene"
    },
    "COL2A1": {
      "rank": 17,
      "id": 1280,
      "score": 0.6017,
      "status": "SeedGene"
    },
    "TRNL1": {
      "rank": 18,
      "id": 4567,
      "score": 0.5988,
      "status": "SeedGene"
    },
    "SLC3A1": {
      "rank": 19,
      "id": 6519,
      "score": 0.5763,
      "status": "SeedGene"
    },
    "MTR": {
      "rank": 20,
      "id": 4548,
      "score": 0.5744,
      "status": "SeedGene"
    },
    "PDHA1": {
      "rank": 21,
      "id": 5160,
      "score": 0.5711,
      "status": "SeedGene"
    },
    "HADHA": {
      "rank": 22,
      "id": 3030,
      "score": 0.5593,
      "status": "SeedGene"
    },
    "ABCD4": {
      "rank": 23,
      "id": 5826,
      "score": 0.5572,
      "status": "SeedGene"
    },
    "MTRR": {
      "rank": 24,
      "id": 4552,
      "score": 0.557,
      "status": "SeedGene"
    },
    "TRNW": {
      "rank": 25,
      "id": 8923194,
      "score": 0.5537,
      "status": "SeedGene"
    },
    "TRNK": {
      "rank": 26,
      "id": 8923190,
      "score": 0.5524,
      "status": "SeedGene"
    },
    "PRDX1": {
      "rank": 27,
      "id": 5052,
      "score": 0.5333,
      "status": "SeedGene"
    },
    "LMBRD1": {
      "rank": 28,
      "id": 55788,
      "score": 0.5311,
      "status": "SeedGene"
    },
    "SURF1": {
      "rank": 29,
      "id": 6834,
      "score": 0.5252,
      "status": "SeedGene"
    },
    "ATP6": {
      "rank": 30,
      "id": 8923188,
      "score": 0.5169,
      "status": "SeedGene"
    },
    "MCOLN1": {
      "rank": 31,
      "id": 57192,
      "score": 0.5111,
      "status": "SeedGene"
    },
    "TRNV": {
      "rank": 32,
      "id": 8923185,
      "score": 0.5073,
      "status": "SeedGene"
    },
    "COX10": {
      "rank": 33,
      "id": 1352,
      "score": 0.4872,
      "status": "SeedGene"
    },
    "NDUFS4": {
      "rank": 34,
      "id": 4724,
      "score": 0.4823,
      "status": "SeedGene"
    },
    "SDHA": {
      "rank": 35,
      "id": 6389,
      "score": 0.4597,
      "status": "SeedGene"
    },
    "NDUFS1": {
      "rank": 36,
      "id": 4719,
      "score": 0.4504,
      "status": "SeedGene"
    },
    "NDUFS8": {
      "rank": 37,
      "id": 4728,
      "score": 0.4504,
      "status": "SeedGene"
    },
    "NDUFS7": {
      "rank": 38,
      "id": 374291,
      "score": 0.4501,
      "status": "SeedGene"
    },
    "NDUFS3": {
      "rank": 39,
      "id": 4722,
      "score": 0.4501,
      "status": "SeedGene"
    },
    "NDUFV1": {
      "rank": 40,
      "id": 4723,
      "score": 0.4501,
      "status": "SeedGene"
    },
    "PDHX": {
      "rank": 41,
      "id": 8050,
      "score": 0.4445,
      "status": "SeedGene"
    },
    "NDUFA10": {
      "rank": 42,
      "id": 4705,
      "score": 0.4407,
      "status": "SeedGene"
    },
    "PREPL": {
      "rank": 43,
      "id": 9581,
      "score": 0.4387,
      "status": "SeedGene"
    },
    "CDH3": {
      "rank": 44,
      "id": 1001,
      "score": 0.4331,
      "status": "SeedGene"
    },
    "IDUA": {
      "rank": 45,
      "id": 3425,
      "score": 0.43,
      "status": "SeedGene"
    },
    "NDUFS2": {
      "rank": 46,
      "id": 4720,
      "score": 0.4191,
      "status": "SeedGene"
    },
    "COX15": {
      "rank": 47,
      "id": 1355,
      "score": 0.4161,
      "status": "SeedGene"
    },
    "NDUFA2": {
      "rank": 48,
      "id": 4695,
      "score": 0.4151,
      "status": "SeedGene"
    },
    "HBB": {
      "rank": 49,
      "id": 3043,
      "score": 0.3888,
      "status": "SeedGene"
    },
    "SCO2": {
      "rank": 50,
      "id": 9997,
      "score": 0.385,
      "status": "SeedGene"
    },
    "PDP1": {
      "rank": 51,
      "id": 54704,
      "score": 0.3809,
      "status": "SeedGene"
    },
    "NDUFB11": {
      "rank": 52,
      "id": 54539,
      "score": 0.3743,
      "status": "SeedGene"
    },
    "DLD": {
      "rank": 53,
      "id": 1738,
      "score": 0.3646,
      "status": "SeedGene"
    },
    "SLC25A19": {
      "rank": 54,
      "id": 60386,
      "score": 0.3582,
      "status": "SeedGene"
    },
    "NDUFB8": {
      "rank": 55,
      "id": 4714,
      "score": 0.3571,
      "status": "SeedGene"
    },
    "BCS1L": {
      "rank": 56,
      "id": 617,
      "score": 0.3555,
      "status": "SeedGene"
    },
    "TAZ": {
      "rank": 57,
      "id": 6901,
      "score": 0.3529,
      "status": "SeedGene"
    },
    "NDUFS6": {
      "rank": 58,
      "id": 4726,
      "score": 0.3425,
      "status": "SeedGene"
    },
    "NDUFB10": {
      "rank": 59,
      "id": 4716,
      "score": 0.3422,
      "status": "SeedGene"
    },
    "NDUFA11": {
      "rank": 60,
      "id": 126328,
      "score": 0.3422,
      "status": "SeedGene"
    },
    "NDUFV2": {
      "rank": 61,
      "id": 4729,
      "score": 0.3422,
      "status": "SeedGene"
    },
    "NDUFB3": {
      "rank": 62,
      "id": 4709,
      "score": 0.3422,
      "status": "SeedGene"
    },
    "NDUFA1": {
      "rank": 63,
      "id": 4694,
      "score": 0.3422,
      "status": "SeedGene"
    },
    "COL11A1": {
      "rank": 64,
      "id": 1301,
      "score": 0.3382,
      "status": "SeedGene"
    },
    "PLOD1": {
      "rank": 65,
      "id": 5351,
      "score": 0.3328,
      "status": "SeedGene"
    },
    "PCCA": {
      "rank": 66,
      "id": 5095,
      "score": 0.3301,
      "status": "SeedGene"
    },
    "PCCB": {
      "rank": 67,
      "id": 5096,
      "score": 0.3298,
      "status": "SeedGene"
    },
    "ACADM": {
      "rank": 68,
      "id": 34,
      "score": 0.3293,
      "status": "SeedGene"
    },
    "KRAS": {
      "rank": 69,
      "id": 3845,
      "score": 0.3265,
      "status": "SeedGene"
    },
    "NDUFA4": {
      "rank": 70,
      "id": 4697,
      "score": 0.3248,
      "status": "SeedGene"
    },
    "DLAT": {
      "rank": 71,
      "id": 1737,
      "score": 0.3248,
      "status": "SeedGene"
    },
    "COL9A2": {
      "rank": 72,
      "id": 1298,
      "score": 0.3236,
      "status": "SeedGene"
    },
    "ASPA": {
      "rank": 73,
      "id": 443,
      "score": 0.3203,
      "status": "SeedGene"
    },
    "COL9A1": {
      "rank": 74,
      "id": 1297,
      "score": 0.3189,
      "status": "SeedGene"
    },
    "ASXL1": {
      "rank": 75,
      "id": 171023,
      "score": 0.3152,
      "status": "SeedGene"
    },
    "NDUFA13": {
      "rank": 76,
      "id": 51079,
      "score": 0.3131,
      "status": "SeedGene"
    },
    "COX6B1": {
      "rank": 77,
      "id": 1340,
      "score": 0.3128,
      "status": "SeedGene"
    },
    "RRM2B": {
      "rank": 78,
      "id": 50484,
      "score": 0.3111,
      "status": "SeedGene"
    },
    "NDUFAF6": {
      "rank": 79,
      "id": 137682,
      "score": 0.3083,
      "status": "SeedGene"
    },
    "NDUFA12": {
      "rank": 80,
      "id": 55967,
      "score": 0.3072,
      "status": "SeedGene"
    },
    "NDUFA9": {
      "rank": 81,
      "id": 4704,
      "score": 0.3072,
      "status": "SeedGene"
    },
    "BRAF": {
      "rank": 82,
      "id": 673,
      "score": 0.306,
      "status": "SeedGene"
    },
    "NDUFAF3": {
      "rank": 83,
      "id": 25915,
      "score": 0.3047,
      "status": "SeedGene"
    },
    "PC": {
      "rank": 84,
      "id": 5091,
      "score": 0.3039,
      "status": "SeedGene"
    },
    "SLC19A3": {
      "rank": 85,
      "id": 80704,
      "score": 0.2994,
      "status": "SeedGene"
    },
    "PDHB": {
      "rank": 86,
      "id": 5162,
      "score": 0.2983,
      "status": "SeedGene"
    },
    "PROS1": {
      "rank": 87,
      "id": 5627,
      "score": 0.2976,
      "status": "SeedGene"
    },
    "COQ2": {
      "rank": 88,
      "id": 27235,
      "score": 0.2972,
      "status": "SeedGene"
    },
    "SDHD": {
      "rank": 89,
      "id": 6392,
      "score": 0.2958,
      "status": "SeedGene"
    },
    "COL9A3": {
      "rank": 90,
      "id": 1299,
      "score": 0.2896,
      "status": "SeedGene"
    },
    "SMARCA4": {
      "rank": 91,
      "id": 6597,
      "score": 0.288,
      "status": "SeedGene"
    },
    "G6PC": {
      "rank": 92,
      "id": 2538,
      "score": 0.2878,
      "status": "SeedGene"
    },
    "NDUFC2": {
      "rank": 93,
      "id": 4718,
      "score": 0.2866,
      "status": "Predicted"
    },
    "LIPT1": {
      "rank": 94,
      "id": 51601,
      "score": 0.2853,
      "status": "SeedGene"
    },
    "INS": {
      "rank": 95,
      "id": 3630,
      "score": 0.2843,
      "status": "SeedGene"
    },
    "ACAD8": {
      "rank": 96,
      "id": 27034,
      "score": 0.2825,
      "status": "SeedGene"
    },
    "ATP7A": {
      "rank": 97,
      "id": 538,
      "score": 0.2822,
      "status": "SeedGene"
    },
    "CTNS": {
      "rank": 98,
      "id": 1497,
      "score": 0.2797,
      "status": "SeedGene"
    },
    "EP300": {
      "rank": 99,
      "id": 2033,
      "score": 0.2781,
      "status": "SeedGene"
    },
    "MTTP": {
      "rank": 100,
      "id": 4547,
      "score": 0.2771,
      "status": "SeedGene"
    }
  }
}