{
  "query": {
    "HP:0011504": {
      "id": "HP:0011504",
      "status": "ok",
      "target": [
        "HP:0011504"
      ]
    },
    "HP:0001133": {
      "id": "HP:0001133",
      "status": "ok",
      "target": [
        "HP:0001133"
      ]
    },
    "HP:0000510": {
      "id": "HP:0000510",
      "status": "ok",
      "target": [
        "HP:0000510"
      ]
    }
  },
  "response": {
    "ABCA4": {
      "rank": 1,
      "id": 24,
      "score": 1.0,
      "status": "SeedGene"
    },
    "CNGB3": {
      "rank": 2,
      "id": 54714,
      "score": 0.6119,
      "status": "SeedGene"
    },
    "RIMS1": {
      "rank": 3,
      "id": 22999,
      "score": 0.58,
      "status": "SeedGene"
    },
    "CNGB1": {
      "rank": 4,
      "id": 1258,
      "score": 0.5487,
      "status": "SeedGene"
    },
    "RAX2": {
      "rank": 5,
      "id": 84839,
      "score": 0.5126,
      "status": "SeedGene"
    },
    "CNGA1": {
      "rank": 6,
      "id": 1259,
      "score": 0.506,
      "status": "SeedGene"
    },
    "MFSD8": {
      "rank": 7,
      "id": 256471,
      "score": 0.5017,
      "status": "SeedGene"
    },
    "RPE65": {
      "rank": 8,
      "id": 6121,
      "score": 0.4893,
      "status": "SeedGene"
    },
    "VPS13B": {
      "rank": 9,
      "id": 157680,
      "score": 0.4806,
      "status": "SeedGene"
    },
    "TMCO1": {
      "rank": 10,
      "id": 54499,
      "score": 0.4806,
      "status": "SeedGene"
    },
    "LRAT": {
      "rank": 11,
      "id": 9227,
      "score": 0.4774,
      "status": "SeedGene"
    },
    "PDE6G": {
      "rank": 12,
      "id": 5148,
      "score": 0.4569,
      "status": "SeedGene"
    },
    "IMPDH1": {
      "rank": 13,
      "id": 3614,
      "score": 0.4519,
      "status": "SeedGene"
    },
    "CRX": {
      "rank": 14,
      "id": 1406,
      "score": 0.4483,
      "status": "SeedGene"
    },
    "RBP3": {
      "rank": 15,
      "id": 5949,
      "score": 0.4414,
      "status": "SeedGene"
    },
    "RHO": {
      "rank": 16,
      "id": 6010,
      "score": 0.4338,
      "status": "SeedGene"
    },
    "PDE6A": {
      "rank": 17,
      "id": 5145,
      "score": 0.4207,
      "status": "SeedGene"
    },
    "ROM1": {
      "rank": 18,
      "id": 6094,
      "score": 0.4158,
      "status": "SeedGene"
    },
    "ARL6": {
      "rank": 19,
      "id": 84100,
      "score": 0.4121,
      "status": "SeedGene"
    },
    "RGR": {
      "rank": 20,
      "id": 5995,
      "score": 0.3997,
      "status": "SeedGene"
    },
    "AIPL1": {
      "rank": 21,
      "id": 23746,
      "score": 0.3929,
      "status": "SeedGene"
    },
    "CYP4V2": {
      "rank": 22,
      "id": 285440,
      "score": 0.3868,
      "status": "SeedGene"
    },
    "PRPF8": {
      "rank": 23,
      "id": 10594,
      "score": 0.3845,
      "status": "SeedGene"
    },
    "PDE6B": {
      "rank": 24,
      "id": 5158,
      "score": 0.3824,
      "status": "SeedGene"
    },
    "IDH3B": {
      "rank": 25,
      "id": 3420,
      "score": 0.3823,
      "status": "SeedGene"
    },
    "PRPH2": {
      "rank": 26,
      "id": 5961,
      "score": 0.3819,
      "status": "SeedGene"
    },
    "SAG": {
      "rank": 27,
      "id": 6295,
      "score": 0.3676,
      "status": "SeedGene"
    },
    "C8ORF37": {
      "rank": 28,
      "id": 157657,
      "score": 0.3657,
      "status": "SeedGene"
    },
    "CLRN1": {
      "rank": 29,
      "id": 7401,
      "score": 0.3657,
      "status": "SeedGene"
    },
    "CA4": {
      "rank": 30,
      "id": 762,
      "score": 0.3655,
      "status": "SeedGene"
    },
    "SEMA4A": {
      "rank": 31,
      "id": 64218,
      "score": 0.362,
      "status": "SeedGene"
    },
    "NR2E3": {
      "rank": 32,
      "id": 10002,
      "score": 0.362,
      "status": "SeedGene"
    },
    "GUCA1B": {
      "rank": 33,
      "id": 2979,
      "score": 0.3614,
      "status": "SeedGene"
    },
    "RP2": {
      "rank": 34,
      "id": 6102,
      "score": 0.3566,
      "status": "SeedGene"
    },
    "RLBP1": {
      "rank": 35,
      "id": 6017,
      "score": 0.3555,
      "status": "SeedGene"
    },
    "TULP1": {
      "rank": 36,
      "id": 7287,
      "score": 0.355,
      "status": "SeedGene"
    },
    "RDH12": {
      "rank": 37,
      "id": 145226,
      "score": 0.354,
      "status": "SeedGene"
    },
    "MERTK": {
      "rank": 38,
      "id": 10461,
      "score": 0.3515,
      "status": "SeedGene"
    },
    "RP9": {
      "rank": 39,
      "id": 6100,
      "score": 0.3476,
      "status": "SeedGene"
    },
    "PRPF31": {
      "rank": 40,
      "id": 26121,
      "score": 0.3425,
      "status": "SeedGene"
    },
    "RP1": {
      "rank": 41,
      "id": 6101,
      "score": 0.3355,
      "status": "SeedGene"
    },
    "FAM161A": {
      "rank": 42,
      "id": 84140,
      "score": 0.3355,
      "status": "SeedGene"
    },
    "EYS": {
      "rank": 43,
      "id": 346007,
      "score": 0.3355,
      "status": "SeedGene"
    },
    "PRPF6": {
      "rank": 44,
      "id": 24148,
      "score": 0.3312,
      "status": "SeedGene"
    },
    "SNRNP200": {
      "rank": 45,
      "id": 23020,
      "score": 0.3312,
      "status": "SeedGene"
    },
    "CERKL": {
      "rank": 46,
      "id": 375298,
      "score": 0.3285,
      "status": "SeedGene"
    },
    "TTC8": {
      "rank": 47,
      "id": 123016,
      "score": 0.3238,
      "status": "SeedGene"
    },
    "CRB1": {
      "rank": 48,
      "id": 23418,
      "score": 0.3233,
      "status": "SeedGene"
    },
    "ZNF513": {
      "rank": 49,
      "id": 130557,
      "score": 0.322,
      "status": "SeedGene"
    },
    "SPATA7": {
      "rank": 50,
      "id": 55812,
      "score": 0.3214,
      "status": "SeedGene"
    },
    "DHDDS": {
      "rank": 51,
      "id": 79947,
      "score": 0.3206,
      "status": "SeedGene"
    },
    "PROM1": {
      "rank": 52,
      "id": 8842,
      "score": 0.3205,
      "status": "SeedGene"
    },
    "BEST1": {
      "rank": 53,
      "id": 7439,
      "score": 0.3193,
      "status": "SeedGene"
    },
    "MAK": {
      "rank": 54,
      "id": 4117,
      "score": 0.3163,
      "status": "SeedGene"
    },
    "NEK2": {
      "rank": 55,
      "id": 4751,
      "score": 0.3009,
      "status": "SeedGene"
    },
    "CHM": {
      "rank": 56,
      "id": 1121,
      "score": 0.3004,
      "status": "SeedGene"
    },
    "PRPF3": {
      "rank": 57,
      "id": 9129,
      "score": 0.297,
      "status": "SeedGene"
    },
    "OFD1": {
      "rank": 58,
      "id": 8481,
      "score": 0.2955,
      "status": "SeedGene"
    },
    "RPGR": {
      "rank": 59,
      "id": 6103,
      "score": 0.29,
      "status": "SeedGene"
    },
    "NRL": {
      "rank": 60,
      "id": 4901,
      "score": 0.289,
      "status": "SeedGene"
    },
    "KLHL7": {
      "rank": 61,
      "id": 55975,
      "score": 0.289,
      "status": "SeedGene"
    },
    "FSCN2": {
      "rank": 62,
      "id": 25794,
      "score": 0.289,
      "status": "SeedGene"
    },
    "PRCD": {
      "rank": 63,
      "id": 768206,
      "score": 0.289,
      "status": "SeedGene"
    },
    "TOPORS": {
      "rank": 64,
      "id": 10210,
      "score": 0.2867,
      "status": "SeedGene"
    },
    "USH2A": {
      "rank": 65,
      "id": 7399,
      "score": 0.2819,
      "status": "SeedGene"
    },
    "IMPG2": {
      "rank": 66,
      "id": 50939,
      "score": 0.2819,
      "status": "SeedGene"
    },
    "PHYH": {
      "rank": 67,
      "id": 5264,
      "score": 0.267,
      "status": "SeedGene"
    },
    "PEX7": {
      "rank": 68,
      "id": 5191,
      "score": 0.2618,
      "status": "SeedGene"
    },
    "SH3BP2": {
      "rank": 69,
      "id": 6452,
      "score": 0.2579,
      "status": "SeedGene"
    },
    "ARL2BP": {
      "rank": 70,
      "id": 23568,
      "score": 0.216,
      "status": "SeedGene"
    },
    "CDHR1": {
      "rank": 71,
      "id": 92211,
      "score": 0.2091,
      "status": "SeedGene"
    },
    "TIMM8A": {
      "rank": 72,
      "id": 1678,
      "score": 0.2029,
      "status": "SeedGene"
    },
    "RP1L1": {
      "rank": 73,
      "id": 94137,
      "score": 0.1722,
      "status": "SeedGene"
    },
    "ATXN2": {
      "rank": 74,
      "id": 6311,
      "score": 0.1561,
      "status": "SeedGene"
    },
    "PEX19": {
      "rank": 75,
      "id": 5824,
      "score": 0.1545,
      "status": "SeedGene"
    },
    "PEX10": {
      "rank": 76,
      "id": 5192,
      "score": 0.1485,
      "status": "SeedGene"
    },
    "PEX5": {
      "rank": 77,
      "id": 5830,
      "score": 0.1484,
      "status": "SeedGene"
    },
    "PEX6": {
      "rank": 78,
      "id": 5190,
      "score": 0.1461,
      "status": "SeedGene"
    },
    "PEX2": {
      "rank": 79,
      "id": 5828,
      "score": 0.1442,
      "status": "SeedGene"
    },
    "PEX1": {
      "rank": 80,
      "id": 5189,
      "score": 0.1395,
      "status": "SeedGene"
    },
    "SOST": {
      "rank": 81,
      "id": 50964,
      "score": 0.1385,
      "status": "SeedGene"
    },
    "PEX12": {
      "rank": 82,
      "id": 5193,
      "score": 0.1369,
      "status": "SeedGene"
    },
    "PEX3": {
      "rank": 83,
      "id": 8504,
      "score": 0.1351,
      "status": "SeedGene"
    },
    "PEX14": {
      "rank": 84,
      "id": 5195,
      "score": 0.1346,
      "status": "SeedGene"
    },
    "PEX26": {
      "rank": 85,
      "id": 55670,
      "score": 0.1313,
      "status": "SeedGene"
    },
    "PEX13": {
      "rank": 86,
      "id": 5194,
      "score": 0.1298,
      "status": "SeedGene"
    },
    "PEX16": {
      "rank": 87,
      "id": 9409,
      "score": 0.1295,
      "status": "SeedGene"
    },
    "GUCY2D": {
      "rank": 88,
      "id": 3000,
      "score": 0.1266,
      "status": "SeedGene"
    },
    "C1QTNF5": {
      "rank": 89,
      "id": 114902,
      "score": 0.1233,
      "status": "SeedGene"
    },
    "ARL3": {
      "rank": 90,
      "id": 403,
      "score": 0.1219,
      "status": "SeedGene"
    },
    "WDR19": {
      "rank": 91,
      "id": 57728,
      "score": 0.1199,
      "status": "SeedGene"
    },
    "CEP290": {
      "rank": 92,
      "id": 80184,
      "score": 0.1155,
      "status": "SeedGene"
    },
    "RDH5": {
      "rank": 93,
      "id": 5959,
      "score": 0.1132,
      "status": "SeedGene"
    },
    "BBS2": {
      "rank": 94,
      "id": 583,
      "score": 0.1125,
      "status": "SeedGene"
    },
    "MKS1": {
      "rank": 95,
      "id": 54903,
      "score": 0.1001,
      "status": "SeedGene"
    },
    "CWC27": {
      "rank": 96,
      "id": 10283,
      "score": 0.0984,
      "status": "SeedGene"
    },
    "MYO7A": {
      "rank": 97,
      "id": 4647,
      "score": 0.0963,
      "status": "SeedGene"
    },
    "SLC24A1": {
      "rank": 98,
      "id": 9187,
      "score": 0.0952,
      "status": "Predicted"
    },
    "PEX11B": {
      "rank": 99,
      "id": 8799,
      "score": 0.092,
      "status": "SeedGene"
    },
    "IQCB1": {
      "rank": 100,
      "id": 9657,
      "score": 0.0885,
      "status": "SeedGene"
    }
  }
}