{
  "query": {
    "HP:0004322": {
      "id": "HP:0004322",
      "status": "ok",
      "target": [
        "HP:0004322"
      ]
    },
    "HP:0011328": {
      "id": "HP:0011328",
      "status": "ok",
      "target": [
        "HP:0011328"
      ]
    },
    "HP:0001999": {
      "id": "HP:0001999",
      "status": "ok",
      "target": [
        "HP:0001999"
      ]
    },
    "HP:0000964": {
      "id": "HP:0000964",
      "status": "ok",
      "target": [
        "HP:0000964"
      ]
    },
    "HP:0001627": {
      "id": "HP:0001627",
      "status": "ok",
      "target": [
        "HP:0001627"
      ]
    },
    "HP:0001252": {
      "id": "HP:0001252",
      "status": "ok",
      "target": [
        "HP:0001252"
      ]
    },
    "HP:0001270": {
      "id": "HP:0001270",
      "status": "ok",
      "target": [
        "HP:0001270"
      ]
    },
    "HP:0002652": {
      "id": "HP:0002652",
      "status": "ok",
      "target": [
        "HP:0002652"
      ]
    },
    "HP:0000750": {
      "id": "HP:0000750",
      "status": "ok",
      "target": [
        "HP:0000750"
      ]
    }
  },
  "response": {
    "FGFR3": {
      "rank": 1,
      "id": 2261,
      "score": 1.0,
      "status": "SeedGene"
    },
    "COL2A1": {
      "rank": 2,
      "id": 1280,
      "score": 0.7155,
      "status": "SeedGene"
    },
    "RPS6KA3": {
      "rank": 3,
      "id": 6197,
      "score": 0.577,
      "status": "SeedGene"
    },
    "KRAS": {
      "rank": 4,
      "id": 3845,
      "score": 0.5621,
      "status": "SeedGene"
    },
    "BRAF": {
      "rank": 5,
      "id": 673,
      "score": 0.5012,
      "status": "SeedGene"
    },
    "PTEN": {
      "rank": 6,
      "id": 5728,
      "score": 0.4852,
      "status": "SeedGene"
    },
    "HLA-DQB1": {
      "rank": 7,
      "id": 3119,
      "score": 0.4785,
      "status": "SeedGene"
    },
    "RUNX2": {
      "rank": 8,
      "id": 860,
      "score": 0.4742,
      "status": "SeedGene"
    },
    "COL5A1": {
      "rank": 9,
      "id": 1289,
      "score": 0.4549,
      "status": "SeedGene"
    },
    "COL5A2": {
      "rank": 10,
      "id": 1290,
      "score": 0.4312,
      "status": "SeedGene"
    },
    "HRAS": {
      "rank": 11,
      "id": 3265,
      "score": 0.4144,
      "status": "SeedGene"
    },
    "TGFB1": {
      "rank": 12,
      "id": 7040,
      "score": 0.4141,
      "status": "SeedGene"
    },
    "AKT1": {
      "rank": 13,
      "id": 207,
      "score": 0.4092,
      "status": "SeedGene"
    },
    "FGFR2": {
      "rank": 14,
      "id": 2263,
      "score": 0.4068,
      "status": "SeedGene"
    },
    "MED12": {
      "rank": 15,
      "id": 9968,
      "score": 0.4031,
      "status": "SeedGene"
    },
    "EP300": {
      "rank": 16,
      "id": 2033,
      "score": 0.4004,
      "status": "SeedGene"
    },
    "ATP6V0A2": {
      "rank": 17,
      "id": 23545,
      "score": 0.3933,
      "status": "SeedGene"
    },
    "RAF1": {
      "rank": 18,
      "id": 5894,
      "score": 0.3915,
      "status": "SeedGene"
    },
    "IDUA": {
      "rank": 19,
      "id": 3425,
      "score": 0.3876,
      "status": "SeedGene"
    },
    "TSHR": {
      "rank": 20,
      "id": 7253,
      "score": 0.3871,
      "status": "SeedGene"
    },
    "MAP2K1": {
      "rank": 21,
      "id": 5604,
      "score": 0.3858,
      "status": "SeedGene"
    },
    "IGF2": {
      "rank": 22,
      "id": 3481,
      "score": 0.3825,
      "status": "SeedGene"
    },
    "PIK3CA": {
      "rank": 23,
      "id": 5290,
      "score": 0.3799,
      "status": "SeedGene"
    },
    "DHCR7": {
      "rank": 24,
      "id": 1717,
      "score": 0.3776,
      "status": "SeedGene"
    },
    "IKBKG": {
      "rank": 25,
      "id": 8517,
      "score": 0.376,
      "status": "SeedGene"
    },
    "TCF4": {
      "rank": 26,
      "id": 6925,
      "score": 0.3749,
      "status": "SeedGene"
    },
    "HDAC4": {
      "rank": 27,
      "id": 9759,
      "score": 0.3728,
      "status": "SeedGene"
    },
    "CREBBP": {
      "rank": 28,
      "id": 1387,
      "score": 0.3714,
      "status": "SeedGene"
    },
    "HLA-DRB1": {
      "rank": 29,
      "id": 3123,
      "score": 0.3713,
      "status": "SeedGene"
    },
    "ACTB": {
      "rank": 30,
      "id": 60,
      "score": 0.3626,
      "status": "SeedGene"
    },
    "UBE3A": {
      "rank": 31,
      "id": 7337,
      "score": 0.3602,
      "status": "SeedGene"
    },
    "KIF7": {
      "rank": 32,
      "id": 374654,
      "score": 0.3595,
      "status": "SeedGene"
    },
    "PAH": {
      "rank": 33,
      "id": 5053,
      "score": 0.3578,
      "status": "SeedGene"
    },
    "MAP2K2": {
      "rank": 34,
      "id": 5605,
      "score": 0.3552,
      "status": "SeedGene"
    },
    "NRAS": {
      "rank": 35,
      "id": 4893,
      "score": 0.3529,
      "status": "SeedGene"
    },
    "HPGD": {
      "rank": 36,
      "id": 3248,
      "score": 0.3484,
      "status": "SeedGene"
    },
    "ROR2": {
      "rank": 37,
      "id": 4920,
      "score": 0.3454,
      "status": "SeedGene"
    },
    "FLNA": {
      "rank": 38,
      "id": 2316,
      "score": 0.3443,
      "status": "SeedGene"
    },
    "LRP2": {
      "rank": 39,
      "id": 4036,
      "score": 0.3442,
      "status": "SeedGene"
    },
    "NFKBIA": {
      "rank": 40,
      "id": 4792,
      "score": 0.3412,
      "status": "SeedGene"
    },
    "SMARCA4": {
      "rank": 41,
      "id": 6597,
      "score": 0.3409,
      "status": "SeedGene"
    },
    "PIK3R1": {
      "rank": 42,
      "id": 5295,
      "score": 0.3352,
      "status": "SeedGene"
    },
    "MMP2": {
      "rank": 43,
      "id": 4313,
      "score": 0.335,
      "status": "SeedGene"
    },
    "CTSK": {
      "rank": 44,
      "id": 1513,
      "score": 0.3347,
      "status": "SeedGene"
    },
    "FGFR1": {
      "rank": 45,
      "id": 2260,
      "score": 0.3248,
      "status": "SeedGene"
    },
    "LMNA": {
      "rank": 46,
      "id": 4000,
      "score": 0.3235,
      "status": "SeedGene"
    },
    "SLCO2A1": {
      "rank": 47,
      "id": 6578,
      "score": 0.3182,
      "status": "SeedGene"
    },
    "INS": {
      "rank": 48,
      "id": 3630,
      "score": 0.3176,
      "status": "SeedGene"
    },
    "HSPG2": {
      "rank": 49,
      "id": 3339,
      "score": 0.3172,
      "status": "SeedGene"
    },
    "ALDH5A1": {
      "rank": 50,
      "id": 7915,
      "score": 0.3169,
      "status": "SeedGene"
    },
    "MVK": {
      "rank": 51,
      "id": 4598,
      "score": 0.3153,
      "status": "SeedGene"
    },
    "COMT": {
      "rank": 52,
      "id": 1312,
      "score": 0.3151,
      "status": "SeedGene"
    },
    "RAI1": {
      "rank": 53,
      "id": 10743,
      "score": 0.313,
      "status": "SeedGene"
    },
    "SOS1": {
      "rank": 54,
      "id": 6654,
      "score": 0.3117,
      "status": "SeedGene"
    },
    "TMC6": {
      "rank": 55,
      "id": 11322,
      "score": 0.3065,
      "status": "SeedGene"
    },
    "FIG4": {
      "rank": 56,
      "id": 9896,
      "score": 0.3057,
      "status": "SeedGene"
    },
    "PAFAH1B1": {
      "rank": 57,
      "id": 5048,
      "score": 0.3049,
      "status": "SeedGene"
    },
    "ADAMTS2": {
      "rank": 58,
      "id": 9509,
      "score": 0.3048,
      "status": "SeedGene"
    },
    "SHANK3": {
      "rank": 59,
      "id": 85358,
      "score": 0.3048,
      "status": "SeedGene"
    },
    "ACTG1": {
      "rank": 60,
      "id": 71,
      "score": 0.3024,
      "status": "SeedGene"
    },
    "RAC1": {
      "rank": 61,
      "id": 5879,
      "score": 0.3024,
      "status": "SeedGene"
    },
    "PTPN11": {
      "rank": 62,
      "id": 5781,
      "score": 0.301,
      "status": "SeedGene"
    },
    "PRKACA": {
      "rank": 63,
      "id": 5566,
      "score": 0.3001,
      "status": "SeedGene"
    },
    "COL11A1": {
      "rank": 64,
      "id": 1301,
      "score": 0.2999,
      "status": "SeedGene"
    },
    "EZH2": {
      "rank": 65,
      "id": 2146,
      "score": 0.2984,
      "status": "SeedGene"
    },
    "SLC26A4": {
      "rank": 66,
      "id": 5172,
      "score": 0.2941,
      "status": "SeedGene"
    },
    "KANSL1": {
      "rank": 67,
      "id": 284058,
      "score": 0.2925,
      "status": "SeedGene"
    },
    "SEC23A": {
      "rank": 68,
      "id": 10484,
      "score": 0.2912,
      "status": "SeedGene"
    },
    "NF1": {
      "rank": 69,
      "id": 4763,
      "score": 0.2911,
      "status": "SeedGene"
    },
    "PEX19": {
      "rank": 70,
      "id": 5824,
      "score": 0.2892,
      "status": "SeedGene"
    },
    "PPP2R1A": {
      "rank": 71,
      "id": 5518,
      "score": 0.289,
      "status": "SeedGene"
    },
    "GLI3": {
      "rank": 72,
      "id": 2737,
      "score": 0.2882,
      "status": "SeedGene"
    },
    "GNAS": {
      "rank": 73,
      "id": 2778,
      "score": 0.2873,
      "status": "SeedGene"
    },
    "COL1A1": {
      "rank": 74,
      "id": 1277,
      "score": 0.2865,
      "status": "SeedGene"
    },
    "ATP7A": {
      "rank": 75,
      "id": 538,
      "score": 0.2853,
      "status": "SeedGene"
    },
    "COL1A2": {
      "rank": 76,
      "id": 1278,
      "score": 0.285,
      "status": "SeedGene"
    },
    "COL11A2": {
      "rank": 77,
      "id": 1302,
      "score": 0.2836,
      "status": "SeedGene"
    },
    "NOTCH2": {
      "rank": 78,
      "id": 4853,
      "score": 0.283,
      "status": "SeedGene"
    },
    "PAX8": {
      "rank": 79,
      "id": 7849,
      "score": 0.2828,
      "status": "SeedGene"
    },
    "NKX2-5": {
      "rank": 80,
      "id": 1482,
      "score": 0.2826,
      "status": "SeedGene"
    },
    "SPINK5": {
      "rank": 81,
      "id": 11005,
      "score": 0.2821,
      "status": "SeedGene"
    },
    "COL9A2": {
      "rank": 82,
      "id": 1298,
      "score": 0.2817,
      "status": "SeedGene"
    },
    "TBX1": {
      "rank": 83,
      "id": 6899,
      "score": 0.2806,
      "status": "SeedGene"
    },
    "PPP2CA": {
      "rank": 84,
      "id": 5515,
      "score": 0.2798,
      "status": "SeedGene"
    },
    "PRKCA": {
      "rank": 85,
      "id": 5578,
      "score": 0.2784,
      "status": "Predicted"
    },
    "CEP290": {
      "rank": 86,
      "id": 80184,
      "score": 0.2781,
      "status": "SeedGene"
    },
    "COL9A1": {
      "rank": 87,
      "id": 1297,
      "score": 0.2779,
      "status": "SeedGene"
    },
    "NSUN2": {
      "rank": 88,
      "id": 54888,
      "score": 0.2777,
      "status": "SeedGene"
    },
    "CALM1": {
      "rank": 89,
      "id": 801,
      "score": 0.2769,
      "status": "Predicted"
    },
    "VDR": {
      "rank": 90,
      "id": 7421,
      "score": 0.2766,
      "status": "SeedGene"
    },
    "MAPK1": {
      "rank": 91,
      "id": 5594,
      "score": 0.276,
      "status": "SeedGene"
    },
    "CDKN1C": {
      "rank": 92,
      "id": 1028,
      "score": 0.276,
      "status": "SeedGene"
    },
    "CALM2": {
      "rank": 93,
      "id": 805,
      "score": 0.2757,
      "status": "Predicted"
    },
    "WAS": {
      "rank": 94,
      "id": 7454,
      "score": 0.2746,
      "status": "SeedGene"
    },
    "GP1BB": {
      "rank": 95,
      "id": 2812,
      "score": 0.2733,
      "status": "SeedGene"
    },
    "TP53": {
      "rank": 96,
      "id": 7157,
      "score": 0.2713,
      "status": "SeedGene"
    },
    "KCNQ1": {
      "rank": 97,
      "id": 3784,
      "score": 0.2709,
      "status": "SeedGene"
    },
    "CDH1": {
      "rank": 98,
      "id": 999,
      "score": 0.2704,
      "status": "SeedGene"
    },
    "UBB": {
      "rank": 99,
      "id": 7314,
      "score": 0.27,
      "status": "SeedGene"
    },
    "NKX2-1": {
      "rank": 100,
      "id": 7080,
      "score": 0.2696,
      "status": "SeedGene"
    }
  }
}