{
  "query": {
    "HP:0001671": {
      "id": "HP:0001671",
      "status": "ok",
      "target": [
        "HP:0001671"
      ]
    },
    "HP:0100021": {
      "id": "HP:0100021",
      "status": "ok",
      "target": [
        "HP:0100021"
      ]
    },
    "HP:0001263": {
      "id": "HP:0001263",
      "status": "ok",
      "target": [
        "HP:0001263"
      ]
    },
    "HP:0001999": {
      "id": "HP:0001999",
      "status": "ok",
      "target": [
        "HP:0001999"
      ]
    },
    "HP:0001508": {
      "id": "HP:0001508",
      "status": "ok",
      "target": [
        "HP:0001508"
      ]
    },
    "HP:0001627": {
      "id": "HP:0001627",
      "status": "ok",
      "target": [
        "HP:0001627"
      ]
    },
    "HP:0001252": {
      "id": "HP:0001252",
      "status": "ok",
      "target": [
        "HP:0001252"
      ]
    },
    "HP:0001684": {
      "id": "HP:0001684",
      "status": "ok",
      "target": [
        "HP:0001684"
      ]
    }
  },
  "response": {
    "IDUA": {
      "rank": 1,
      "id": 3425,
      "score": 1.0,
      "status": "SeedGene"
    },
    "SCN4A": {
      "rank": 2,
      "id": 6329,
      "score": 0.5602,
      "status": "SeedGene"
    },
    "NF1": {
      "rank": 3,
      "id": 4763,
      "score": 0.5377,
      "status": "SeedGene"
    },
    "MYH6": {
      "rank": 4,
      "id": 4624,
      "score": 0.4803,
      "status": "SeedGene"
    },
    "NKX2-5": {
      "rank": 5,
      "id": 1482,
      "score": 0.4707,
      "status": "SeedGene"
    },
    "RPL11": {
      "rank": 6,
      "id": 6135,
      "score": 0.4181,
      "status": "SeedGene"
    },
    "TBX5": {
      "rank": 7,
      "id": 6910,
      "score": 0.4141,
      "status": "SeedGene"
    },
    "GATA6": {
      "rank": 8,
      "id": 2627,
      "score": 0.4128,
      "status": "SeedGene"
    },
    "GDF1": {
      "rank": 9,
      "id": 2657,
      "score": 0.4112,
      "status": "SeedGene"
    },
    "PTF1A": {
      "rank": 10,
      "id": 256297,
      "score": 0.4054,
      "status": "SeedGene"
    },
    "TRIP4": {
      "rank": 11,
      "id": 9325,
      "score": 0.3624,
      "status": "SeedGene"
    },
    "BRAF": {
      "rank": 12,
      "id": 673,
      "score": 0.3059,
      "status": "SeedGene"
    },
    "KRAS": {
      "rank": 13,
      "id": 3845,
      "score": 0.3036,
      "status": "SeedGene"
    },
    "MAP2K1": {
      "rank": 14,
      "id": 5604,
      "score": 0.2276,
      "status": "SeedGene"
    },
    "RAF1": {
      "rank": 15,
      "id": 5894,
      "score": 0.2154,
      "status": "SeedGene"
    },
    "MAP2K2": {
      "rank": 16,
      "id": 5605,
      "score": 0.2041,
      "status": "SeedGene"
    },
    "PTPN11": {
      "rank": 17,
      "id": 5781,
      "score": 0.1836,
      "status": "SeedGene"
    },
    "PIK3CA": {
      "rank": 18,
      "id": 5290,
      "score": 0.1834,
      "status": "SeedGene"
    },
    "APOA1": {
      "rank": 19,
      "id": 335,
      "score": 0.166,
      "status": "Predicted"
    },
    "FGFR3": {
      "rank": 20,
      "id": 2261,
      "score": 0.1631,
      "status": "SeedGene"
    },
    "NRAS": {
      "rank": 21,
      "id": 4893,
      "score": 0.1618,
      "status": "SeedGene"
    },
    "SOS1": {
      "rank": 22,
      "id": 6654,
      "score": 0.1561,
      "status": "SeedGene"
    },
    "SMARCB1": {
      "rank": 23,
      "id": 6598,
      "score": 0.1553,
      "status": "SeedGene"
    },
    "IDH1": {
      "rank": 24,
      "id": 3417,
      "score": 0.1523,
      "status": "SeedGene"
    },
    "CACNA1D": {
      "rank": 25,
      "id": 776,
      "score": 0.1485,
      "status": "SeedGene"
    },
    "HRAS": {
      "rank": 26,
      "id": 3265,
      "score": 0.1483,
      "status": "SeedGene"
    },
    "GP1BB": {
      "rank": 27,
      "id": 2812,
      "score": 0.1464,
      "status": "SeedGene"
    },
    "ATP6V0A2": {
      "rank": 28,
      "id": 23545,
      "score": 0.1463,
      "status": "SeedGene"
    },
    "EP300": {
      "rank": 29,
      "id": 2033,
      "score": 0.1442,
      "status": "SeedGene"
    },
    "ITGB3": {
      "rank": 30,
      "id": 3690,
      "score": 0.144,
      "status": "SeedGene"
    },
    "KIF7": {
      "rank": 31,
      "id": 374654,
      "score": 0.141,
      "status": "SeedGene"
    },
    "ITGA2B": {
      "rank": 32,
      "id": 3674,
      "score": 0.1404,
      "status": "SeedGene"
    },
    "FGFR2": {
      "rank": 33,
      "id": 2263,
      "score": 0.1389,
      "status": "SeedGene"
    },
    "KAT6B": {
      "rank": 34,
      "id": 23522,
      "score": 0.1385,
      "status": "SeedGene"
    },
    "TGFB1": {
      "rank": 35,
      "id": 7040,
      "score": 0.1384,
      "status": "SeedGene"
    },
    "IDH2": {
      "rank": 36,
      "id": 3418,
      "score": 0.1363,
      "status": "SeedGene"
    },
    "SMARCA4": {
      "rank": 37,
      "id": 6597,
      "score": 0.1358,
      "status": "SeedGene"
    },
    "RPS6KA3": {
      "rank": 38,
      "id": 6197,
      "score": 0.1344,
      "status": "SeedGene"
    },
    "CREBBP": {
      "rank": 39,
      "id": 1387,
      "score": 0.134,
      "status": "SeedGene"
    },
    "AKT1": {
      "rank": 40,
      "id": 207,
      "score": 0.1331,
      "status": "SeedGene"
    },
    "ITGA2": {
      "rank": 41,
      "id": 3673,
      "score": 0.1331,
      "status": "SeedGene"
    },
    "DHCR7": {
      "rank": 42,
      "id": 1717,
      "score": 0.1281,
      "status": "SeedGene"
    },
    "PTEN": {
      "rank": 43,
      "id": 5728,
      "score": 0.1263,
      "status": "SeedGene"
    },
    "EHMT1": {
      "rank": 44,
      "id": 79813,
      "score": 0.1258,
      "status": "SeedGene"
    },
    "HPGD": {
      "rank": 45,
      "id": 3248,
      "score": 0.1248,
      "status": "SeedGene"
    },
    "PRKACA": {
      "rank": 46,
      "id": 5566,
      "score": 0.1234,
      "status": "SeedGene"
    },
    "GATA4": {
      "rank": 47,
      "id": 2626,
      "score": 0.1217,
      "status": "SeedGene"
    },
    "SLCO2A1": {
      "rank": 48,
      "id": 6578,
      "score": 0.1212,
      "status": "SeedGene"
    },
    "ELN": {
      "rank": 49,
      "id": 2006,
      "score": 0.1206,
      "status": "SeedGene"
    },
    "EZH2": {
      "rank": 50,
      "id": 2146,
      "score": 0.1198,
      "status": "SeedGene"
    },
    "SMAD4": {
      "rank": 51,
      "id": 4089,
      "score": 0.1182,
      "status": "SeedGene"
    },
    "HSPG2": {
      "rank": 52,
      "id": 3339,
      "score": 0.1181,
      "status": "SeedGene"
    },
    "CALM1": {
      "rank": 53,
      "id": 801,
      "score": 0.1176,
      "status": "Predicted"
    },
    "CALM2": {
      "rank": 54,
      "id": 805,
      "score": 0.1171,
      "status": "Predicted"
    },
    "PDHA1": {
      "rank": 55,
      "id": 5160,
      "score": 0.1166,
      "status": "SeedGene"
    },
    "ACTB": {
      "rank": 56,
      "id": 60,
      "score": 0.1165,
      "status": "SeedGene"
    },
    "COMT": {
      "rank": 57,
      "id": 1312,
      "score": 0.1161,
      "status": "SeedGene"
    },
    "FGFR1": {
      "rank": 58,
      "id": 2260,
      "score": 0.116,
      "status": "SeedGene"
    },
    "MAPK1": {
      "rank": 59,
      "id": 5594,
      "score": 0.1158,
      "status": "SeedGene"
    },
    "CALM3": {
      "rank": 60,
      "id": 808,
      "score": 0.1157,
      "status": "Predicted"
    },
    "UBA52": {
      "rank": 61,
      "id": 7311,
      "score": 0.1152,
      "status": "Predicted"
    },
    "GPC3": {
      "rank": 62,
      "id": 2719,
      "score": 0.1143,
      "status": "SeedGene"
    },
    "INPP5E": {
      "rank": 63,
      "id": 56623,
      "score": 0.1136,
      "status": "SeedGene"
    },
    "NSDHL": {
      "rank": 64,
      "id": 50814,
      "score": 0.1134,
      "status": "SeedGene"
    },
    "PIK3R2": {
      "rank": 65,
      "id": 5296,
      "score": 0.1121,
      "status": "SeedGene"
    },
    "GLA": {
      "rank": 66,
      "id": 2717,
      "score": 0.1121,
      "status": "SeedGene"
    },
    "RAC1": {
      "rank": 67,
      "id": 5879,
      "score": 0.1118,
      "status": "SeedGene"
    },
    "ST3GAL5": {
      "rank": 68,
      "id": 8869,
      "score": 0.1117,
      "status": "SeedGene"
    },
    "PPP2CA": {
      "rank": 69,
      "id": 5515,
      "score": 0.1114,
      "status": "SeedGene"
    },
    "UROD": {
      "rank": 70,
      "id": 7389,
      "score": 0.1112,
      "status": "SeedGene"
    },
    "INS": {
      "rank": 71,
      "id": 3630,
      "score": 0.1107,
      "status": "SeedGene"
    },
    "ARID1B": {
      "rank": 72,
      "id": 57492,
      "score": 0.11,
      "status": "SeedGene"
    },
    "PPP2R1A": {
      "rank": 73,
      "id": 5518,
      "score": 0.11,
      "status": "SeedGene"
    },
    "PIK3R1": {
      "rank": 74,
      "id": 5295,
      "score": 0.1093,
      "status": "SeedGene"
    },
    "PSMB8": {
      "rank": 75,
      "id": 5696,
      "score": 0.109,
      "status": "SeedGene"
    },
    "UBB": {
      "rank": 76,
      "id": 7314,
      "score": 0.1089,
      "status": "SeedGene"
    },
    "PRKCA": {
      "rank": 77,
      "id": 5578,
      "score": 0.1088,
      "status": "Predicted"
    },
    "AKT3": {
      "rank": 78,
      "id": 10000,
      "score": 0.1088,
      "status": "SeedGene"
    },
    "FBN1": {
      "rank": 79,
      "id": 2200,
      "score": 0.1087,
      "status": "SeedGene"
    },
    "SMARCE1": {
      "rank": 80,
      "id": 6605,
      "score": 0.1086,
      "status": "SeedGene"
    },
    "TP53": {
      "rank": 81,
      "id": 7157,
      "score": 0.1075,
      "status": "SeedGene"
    },
    "RPS27A": {
      "rank": 82,
      "id": 6233,
      "score": 0.1074,
      "status": "Predicted"
    },
    "GPC4": {
      "rank": 83,
      "id": 2239,
      "score": 0.1073,
      "status": "SeedGene"
    },
    "MYC": {
      "rank": 84,
      "id": 4609,
      "score": 0.1064,
      "status": "Predicted"
    },
    "BCOR": {
      "rank": 85,
      "id": 54880,
      "score": 0.106,
      "status": "SeedGene"
    },
    "NOTCH2": {
      "rank": 86,
      "id": 4853,
      "score": 0.106,
      "status": "SeedGene"
    },
    "ARID1A": {
      "rank": 87,
      "id": 8289,
      "score": 0.1055,
      "status": "SeedGene"
    },
    "PLCG1": {
      "rank": 88,
      "id": 5335,
      "score": 0.1051,
      "status": "Predicted"
    },
    "LIMK1": {
      "rank": 89,
      "id": 3984,
      "score": 0.1048,
      "status": "SeedGene"
    },
    "PSMD12": {
      "rank": 90,
      "id": 5718,
      "score": 0.1043,
      "status": "SeedGene"
    },
    "PRKACB": {
      "rank": 91,
      "id": 5567,
      "score": 0.1042,
      "status": "Predicted"
    },
    "UBC": {
      "rank": 92,
      "id": 7316,
      "score": 0.1039,
      "status": "Predicted"
    },
    "AKT2": {
      "rank": 93,
      "id": 208,
      "score": 0.1037,
      "status": "Predicted"
    },
    "KANSL1": {
      "rank": 94,
      "id": 284058,
      "score": 0.1037,
      "status": "SeedGene"
    },
    "TMEM237": {
      "rank": 95,
      "id": 65062,
      "score": 0.1037,
      "status": "SeedGene"
    },
    "PRKACG": {
      "rank": 96,
      "id": 5568,
      "score": 0.1035,
      "status": "Predicted"
    },
    "RBM10": {
      "rank": 97,
      "id": 8241,
      "score": 0.1031,
      "status": "SeedGene"
    },
    "OCRL": {
      "rank": 98,
      "id": 4952,
      "score": 0.1029,
      "status": "SeedGene"
    },
    "OFD1": {
      "rank": 99,
      "id": 8481,
      "score": 0.1022,
      "status": "SeedGene"
    },
    "MAPK3": {
      "rank": 100,
      "id": 5595,
      "score": 0.102,
      "status": "Predicted"
    }
  }
}