{
  "query": {
    "HP:0002194": {
      "id": "HP:0002194",
      "status": "ok",
      "target": [
        "HP:0002194"
      ]
    },
    "HP:0001252": {
      "id": "HP:0001252",
      "status": "ok",
      "target": [
        "HP:0001252"
      ]
    },
    "HP:0001324": {
      "id": "HP:0001324",
      "status": "ok",
      "target": [
        "HP:0001324"
      ]
    },
    "HP:0003560": {
      "id": "HP:0003560",
      "status": "ok",
      "target": [
        "HP:0003560"
      ]
    },
    "HP:0003198": {
      "id": "HP:0003198",
      "status": "ok",
      "target": [
        "HP:0003198"
      ]
    },
    "HP:0000508": {
      "id": "HP:0000508",
      "status": "ok",
      "target": [
        "HP:0000508"
      ]
    }
  },
  "response": {
    "DYSF": {
      "rank": 1,
      "id": 8291,
      "score": 1.0,
      "status": "SeedGene"
    },
    "PTEN": {
      "rank": 2,
      "id": 5728,
      "score": 0.9158,
      "status": "SeedGene"
    },
    "ANO5": {
      "rank": 3,
      "id": 203859,
      "score": 0.8176,
      "status": "SeedGene"
    },
    "RYR1": {
      "rank": 4,
      "id": 6261,
      "score": 0.7841,
      "status": "SeedGene"
    },
    "POMT2": {
      "rank": 5,
      "id": 29954,
      "score": 0.7591,
      "status": "SeedGene"
    },
    "DLAT": {
      "rank": 6,
      "id": 1737,
      "score": 0.6784,
      "status": "SeedGene"
    },
    "POMT1": {
      "rank": 7,
      "id": 10585,
      "score": 0.6591,
      "status": "SeedGene"
    },
    "GALE": {
      "rank": 8,
      "id": 2582,
      "score": 0.6556,
      "status": "SeedGene"
    },
    "FKRP": {
      "rank": 9,
      "id": 79147,
      "score": 0.6446,
      "status": "SeedGene"
    },
    "PABPN1": {
      "rank": 10,
      "id": 8106,
      "score": 0.5901,
      "status": "SeedGene"
    },
    "FKTN": {
      "rank": 11,
      "id": 2218,
      "score": 0.5893,
      "status": "SeedGene"
    },
    "NR0B1": {
      "rank": 12,
      "id": 190,
      "score": 0.5761,
      "status": "SeedGene"
    },
    "COL6A1": {
      "rank": 13,
      "id": 1291,
      "score": 0.5724,
      "status": "SeedGene"
    },
    "COL6A3": {
      "rank": 14,
      "id": 1293,
      "score": 0.5715,
      "status": "SeedGene"
    },
    "POMGNT1": {
      "rank": 15,
      "id": 55624,
      "score": 0.5621,
      "status": "SeedGene"
    },
    "ITGA7": {
      "rank": 16,
      "id": 3679,
      "score": 0.5415,
      "status": "SeedGene"
    },
    "COL6A2": {
      "rank": 17,
      "id": 1292,
      "score": 0.5413,
      "status": "SeedGene"
    },
    "LMNA": {
      "rank": 18,
      "id": 4000,
      "score": 0.5274,
      "status": "SeedGene"
    },
    "BRAF": {
      "rank": 19,
      "id": 673,
      "score": 0.5203,
      "status": "SeedGene"
    },
    "MYH7": {
      "rank": 20,
      "id": 4625,
      "score": 0.4979,
      "status": "SeedGene"
    },
    "RAF1": {
      "rank": 21,
      "id": 5894,
      "score": 0.4898,
      "status": "SeedGene"
    },
    "KRAS": {
      "rank": 22,
      "id": 3845,
      "score": 0.4749,
      "status": "SeedGene"
    },
    "B3GALNT2": {
      "rank": 23,
      "id": 148789,
      "score": 0.4738,
      "status": "SeedGene"
    },
    "ACTA1": {
      "rank": 24,
      "id": 58,
      "score": 0.472,
      "status": "SeedGene"
    },
    "HOXA1": {
      "rank": 25,
      "id": 3198,
      "score": 0.4653,
      "status": "SeedGene"
    },
    "TTN": {
      "rank": 26,
      "id": 7273,
      "score": 0.4644,
      "status": "SeedGene"
    },
    "DAG1": {
      "rank": 27,
      "id": 1605,
      "score": 0.4594,
      "status": "SeedGene"
    },
    "GMPPB": {
      "rank": 28,
      "id": 29925,
      "score": 0.4424,
      "status": "SeedGene"
    },
    "CNTNAP2": {
      "rank": 29,
      "id": 26047,
      "score": 0.4248,
      "status": "SeedGene"
    },
    "FGFR3": {
      "rank": 30,
      "id": 2261,
      "score": 0.4198,
      "status": "SeedGene"
    },
    "CACNA1S": {
      "rank": 31,
      "id": 779,
      "score": 0.413,
      "status": "SeedGene"
    },
    "SIL1": {
      "rank": 32,
      "id": 64374,
      "score": 0.4089,
      "status": "SeedGene"
    },
    "TPM3": {
      "rank": 33,
      "id": 7170,
      "score": 0.4037,
      "status": "SeedGene"
    },
    "EP300": {
      "rank": 34,
      "id": 2033,
      "score": 0.398,
      "status": "SeedGene"
    },
    "SLC25A4": {
      "rank": 35,
      "id": 291,
      "score": 0.3945,
      "status": "SeedGene"
    },
    "COL4A1": {
      "rank": 36,
      "id": 1282,
      "score": 0.3848,
      "status": "SeedGene"
    },
    "SCN4A": {
      "rank": 37,
      "id": 6329,
      "score": 0.3742,
      "status": "SeedGene"
    },
    "TPM2": {
      "rank": 38,
      "id": 7169,
      "score": 0.3703,
      "status": "SeedGene"
    },
    "CHKB": {
      "rank": 39,
      "id": 1120,
      "score": 0.3659,
      "status": "SeedGene"
    },
    "NRAS": {
      "rank": 40,
      "id": 4893,
      "score": 0.3631,
      "status": "SeedGene"
    },
    "PTPN11": {
      "rank": 41,
      "id": 5781,
      "score": 0.3604,
      "status": "SeedGene"
    },
    "PPP2R1A": {
      "rank": 42,
      "id": 5518,
      "score": 0.3601,
      "status": "SeedGene"
    },
    "PPP2CA": {
      "rank": 43,
      "id": 5515,
      "score": 0.3597,
      "status": "SeedGene"
    },
    "HSPG2": {
      "rank": 44,
      "id": 3339,
      "score": 0.3555,
      "status": "SeedGene"
    },
    "LAMA2": {
      "rank": 45,
      "id": 3908,
      "score": 0.3535,
      "status": "SeedGene"
    },
    "SOS1": {
      "rank": 46,
      "id": 6654,
      "score": 0.3506,
      "status": "SeedGene"
    },
    "AKT1": {
      "rank": 47,
      "id": 207,
      "score": 0.3469,
      "status": "SeedGene"
    },
    "MYL2": {
      "rank": 48,
      "id": 4633,
      "score": 0.3432,
      "status": "SeedGene"
    },
    "ADCY5": {
      "rank": 49,
      "id": 111,
      "score": 0.3398,
      "status": "SeedGene"
    },
    "MAP2K1": {
      "rank": 50,
      "id": 5604,
      "score": 0.3321,
      "status": "SeedGene"
    },
    "FGFR2": {
      "rank": 51,
      "id": 2263,
      "score": 0.3286,
      "status": "SeedGene"
    },
    "ITPR1": {
      "rank": 52,
      "id": 3708,
      "score": 0.3245,
      "status": "SeedGene"
    },
    "PLEC": {
      "rank": 53,
      "id": 5339,
      "score": 0.3215,
      "status": "SeedGene"
    },
    "DNM2": {
      "rank": 54,
      "id": 1785,
      "score": 0.3192,
      "status": "SeedGene"
    },
    "COL12A1": {
      "rank": 55,
      "id": 1303,
      "score": 0.3176,
      "status": "SeedGene"
    },
    "VPS13A": {
      "rank": 56,
      "id": 23230,
      "score": 0.3169,
      "status": "SeedGene"
    },
    "SYNE1": {
      "rank": 57,
      "id": 23345,
      "score": 0.3141,
      "status": "SeedGene"
    },
    "CAMK2A": {
      "rank": 58,
      "id": 815,
      "score": 0.3127,
      "status": "SeedGene"
    },
    "MAP2K2": {
      "rank": 59,
      "id": 5605,
      "score": 0.3124,
      "status": "SeedGene"
    },
    "ATP6V1A": {
      "rank": 60,
      "id": 523,
      "score": 0.3114,
      "status": "SeedGene"
    },
    "PRKACA": {
      "rank": 61,
      "id": 5566,
      "score": 0.3078,
      "status": "SeedGene"
    },
    "INS": {
      "rank": 62,
      "id": 3630,
      "score": 0.3057,
      "status": "SeedGene"
    },
    "AGRN": {
      "rank": 63,
      "id": 375790,
      "score": 0.3043,
      "status": "SeedGene"
    },
    "NF1": {
      "rank": 64,
      "id": 4763,
      "score": 0.3043,
      "status": "SeedGene"
    },
    "ACTB": {
      "rank": 65,
      "id": 60,
      "score": 0.304,
      "status": "SeedGene"
    },
    "SELENON": {
      "rank": 66,
      "id": 57190,
      "score": 0.2912,
      "status": "SeedGene"
    },
    "SMPD1": {
      "rank": 67,
      "id": 6609,
      "score": 0.2908,
      "status": "SeedGene"
    },
    "DMD": {
      "rank": 68,
      "id": 1756,
      "score": 0.288,
      "status": "SeedGene"
    },
    "COL1A2": {
      "rank": 69,
      "id": 1278,
      "score": 0.2875,
      "status": "SeedGene"
    },
    "AGK": {
      "rank": 70,
      "id": 55750,
      "score": 0.2853,
      "status": "SeedGene"
    },
    "GLS": {
      "rank": 71,
      "id": 2744,
      "score": 0.2839,
      "status": "SeedGene"
    },
    "PIEZO2": {
      "rank": 72,
      "id": 63895,
      "score": 0.2836,
      "status": "SeedGene"
    },
    "FGFR1": {
      "rank": 73,
      "id": 2260,
      "score": 0.2808,
      "status": "SeedGene"
    },
    "YARS2": {
      "rank": 74,
      "id": 51067,
      "score": 0.2802,
      "status": "SeedGene"
    },
    "POMGNT2": {
      "rank": 75,
      "id": 84892,
      "score": 0.28,
      "status": "SeedGene"
    },
    "TNPO3": {
      "rank": 76,
      "id": 23534,
      "score": 0.2789,
      "status": "SeedGene"
    },
    "MTMR14": {
      "rank": 77,
      "id": 64419,
      "score": 0.2775,
      "status": "SeedGene"
    },
    "CALM1": {
      "rank": 78,
      "id": 801,
      "score": 0.2775,
      "status": "Predicted"
    },
    "CAV3": {
      "rank": 79,
      "id": 859,
      "score": 0.2765,
      "status": "SeedGene"
    },
    "COL2A1": {
      "rank": 80,
      "id": 1280,
      "score": 0.2753,
      "status": "SeedGene"
    },
    "CALM2": {
      "rank": 81,
      "id": 805,
      "score": 0.2753,
      "status": "Predicted"
    },
    "PAK1": {
      "rank": 82,
      "id": 5058,
      "score": 0.2749,
      "status": "SeedGene"
    },
    "CALM3": {
      "rank": 83,
      "id": 808,
      "score": 0.2736,
      "status": "Predicted"
    },
    "PSMB8": {
      "rank": 84,
      "id": 5696,
      "score": 0.2736,
      "status": "SeedGene"
    },
    "SMC1A": {
      "rank": 85,
      "id": 8243,
      "score": 0.2678,
      "status": "SeedGene"
    },
    "HNRNPA1": {
      "rank": 86,
      "id": 3178,
      "score": 0.2678,
      "status": "SeedGene"
    },
    "COL1A1": {
      "rank": 87,
      "id": 1277,
      "score": 0.2663,
      "status": "SeedGene"
    },
    "SLC25A1": {
      "rank": 88,
      "id": 6576,
      "score": 0.2661,
      "status": "SeedGene"
    },
    "NDUFA1": {
      "rank": 89,
      "id": 4694,
      "score": 0.266,
      "status": "SeedGene"
    },
    "GCK": {
      "rank": 90,
      "id": 2645,
      "score": 0.2657,
      "status": "SeedGene"
    },
    "INPP5K": {
      "rank": 91,
      "id": 51763,
      "score": 0.2642,
      "status": "SeedGene"
    },
    "LRP4": {
      "rank": 92,
      "id": 4038,
      "score": 0.2638,
      "status": "SeedGene"
    },
    "DYNC1H1": {
      "rank": 93,
      "id": 1778,
      "score": 0.2636,
      "status": "SeedGene"
    },
    "PIK3CA": {
      "rank": 94,
      "id": 5290,
      "score": 0.2631,
      "status": "SeedGene"
    },
    "SLC5A7": {
      "rank": 95,
      "id": 60482,
      "score": 0.2625,
      "status": "SeedGene"
    },
    "FGF3": {
      "rank": 96,
      "id": 2248,
      "score": 0.2616,
      "status": "SeedGene"
    },
    "TK2": {
      "rank": 97,
      "id": 7084,
      "score": 0.2613,
      "status": "SeedGene"
    },
    "PNPLA2": {
      "rank": 98,
      "id": 57104,
      "score": 0.26,
      "status": "SeedGene"
    },
    "NDUFA12": {
      "rank": 99,
      "id": 55967,
      "score": 0.2592,
      "status": "SeedGene"
    },
    "PRKCA": {
      "rank": 100,
      "id": 5578,
      "score": 0.2588,
      "status": "Predicted"
    }
  }
}