{
  "query": {
    "HP:0001640": {
      "id": "HP:0001640",
      "status": "ok",
      "target": [
        "HP:0001640"
      ]
    },
    "HP:0001638": {
      "id": "HP:0001638",
      "status": "ok",
      "target": [
        "HP:0001638"
      ]
    },
    "HP:0002566": {
      "id": "HP:0002566",
      "status": "ok",
      "target": [
        "HP:0002566"
      ]
    }
  },
  "response": {
    "GAA": {
      "rank": 1,
      "id": 2548,
      "score": 1.0,
      "status": "SeedGene"
    },
    "PHYH": {
      "rank": 2,
      "id": 5264,
      "score": 0.8805,
      "status": "SeedGene"
    },
    "PEX7": {
      "rank": 3,
      "id": 5191,
      "score": 0.8014,
      "status": "SeedGene"
    },
    "FLNA": {
      "rank": 4,
      "id": 2316,
      "score": 0.73,
      "status": "SeedGene"
    },
    "IGF2": {
      "rank": 5,
      "id": 3481,
      "score": 0.676,
      "status": "SeedGene"
    },
    "LBR": {
      "rank": 6,
      "id": 3930,
      "score": 0.6579,
      "status": "SeedGene"
    },
    "KCNQ1": {
      "rank": 7,
      "id": 3784,
      "score": 0.6393,
      "status": "SeedGene"
    },
    "CDKN1C": {
      "rank": 8,
      "id": 1028,
      "score": 0.6186,
      "status": "SeedGene"
    },
    "H19": {
      "rank": 9,
      "id": 283120,
      "score": 0.6158,
      "status": "SeedGene"
    },
    "KCNQ1OT1": {
      "rank": 10,
      "id": 10984,
      "score": 0.6158,
      "status": "SeedGene"
    },
    "DHCR7": {
      "rank": 11,
      "id": 1717,
      "score": 0.5622,
      "status": "SeedGene"
    },
    "PORCN": {
      "rank": 12,
      "id": 64840,
      "score": 0.541,
      "status": "SeedGene"
    },
    "HBB": {
      "rank": 13,
      "id": 3043,
      "score": 0.5216,
      "status": "SeedGene"
    },
    "TTR": {
      "rank": 14,
      "id": 7276,
      "score": 0.4972,
      "status": "SeedGene"
    },
    "NPHP3": {
      "rank": 15,
      "id": 27031,
      "score": 0.4929,
      "status": "SeedGene"
    },
    "ARID1B": {
      "rank": 16,
      "id": 57492,
      "score": 0.4837,
      "status": "SeedGene"
    },
    "JUP": {
      "rank": 17,
      "id": 3728,
      "score": 0.4657,
      "status": "SeedGene"
    },
    "SMARCA4": {
      "rank": 18,
      "id": 6597,
      "score": 0.4594,
      "status": "SeedGene"
    },
    "GNPTAB": {
      "rank": 19,
      "id": 79158,
      "score": 0.4537,
      "status": "SeedGene"
    },
    "SLC22A5": {
      "rank": 20,
      "id": 6584,
      "score": 0.4273,
      "status": "SeedGene"
    },
    "ARID1A": {
      "rank": 21,
      "id": 8289,
      "score": 0.4158,
      "status": "SeedGene"
    },
    "GPC3": {
      "rank": 22,
      "id": 2719,
      "score": 0.4127,
      "status": "SeedGene"
    },
    "SMARCE1": {
      "rank": 23,
      "id": 6605,
      "score": 0.4119,
      "status": "SeedGene"
    },
    "HFE": {
      "rank": 24,
      "id": 3077,
      "score": 0.4068,
      "status": "SeedGene"
    },
    "SMARCB1": {
      "rank": 25,
      "id": 6598,
      "score": 0.4036,
      "status": "SeedGene"
    },
    "GPC4": {
      "rank": 26,
      "id": 2239,
      "score": 0.3971,
      "status": "SeedGene"
    },
    "KDM6A": {
      "rank": 27,
      "id": 7403,
      "score": 0.3923,
      "status": "SeedGene"
    },
    "DHODH": {
      "rank": 28,
      "id": 1723,
      "score": 0.3825,
      "status": "SeedGene"
    },
    "KMT2D": {
      "rank": 29,
      "id": 8085,
      "score": 0.3587,
      "status": "SeedGene"
    },
    "ASXL1": {
      "rank": 30,
      "id": 171023,
      "score": 0.3544,
      "status": "SeedGene"
    },
    "CLMP": {
      "rank": 31,
      "id": 79827,
      "score": 0.3304,
      "status": "SeedGene"
    },
    "ABCC9": {
      "rank": 32,
      "id": 10060,
      "score": 0.3266,
      "status": "SeedGene"
    },
    "RAF1": {
      "rank": 33,
      "id": 5894,
      "score": 0.3245,
      "status": "SeedGene"
    },
    "MYH7": {
      "rank": 34,
      "id": 4625,
      "score": 0.3212,
      "status": "SeedGene"
    },
    "CHST14": {
      "rank": 35,
      "id": 113189,
      "score": 0.3156,
      "status": "SeedGene"
    },
    "BRAF": {
      "rank": 36,
      "id": 673,
      "score": 0.3109,
      "status": "SeedGene"
    },
    "PSMB8": {
      "rank": 37,
      "id": 5696,
      "score": 0.2996,
      "status": "SeedGene"
    },
    "GBA": {
      "rank": 38,
      "id": 2629,
      "score": 0.2932,
      "status": "SeedGene"
    },
    "MYBPC3": {
      "rank": 39,
      "id": 4607,
      "score": 0.2891,
      "status": "SeedGene"
    },
    "ACTN2": {
      "rank": 40,
      "id": 88,
      "score": 0.2818,
      "status": "SeedGene"
    },
    "SALL4": {
      "rank": 41,
      "id": 57167,
      "score": 0.2734,
      "status": "SeedGene"
    },
    "VCL": {
      "rank": 42,
      "id": 7414,
      "score": 0.2734,
      "status": "SeedGene"
    },
    "TTN": {
      "rank": 43,
      "id": 7273,
      "score": 0.2733,
      "status": "SeedGene"
    },
    "DMD": {
      "rank": 44,
      "id": 1756,
      "score": 0.272,
      "status": "SeedGene"
    },
    "PTPN11": {
      "rank": 45,
      "id": 5781,
      "score": 0.2706,
      "status": "SeedGene"
    },
    "KRAS": {
      "rank": 46,
      "id": 3845,
      "score": 0.2687,
      "status": "SeedGene"
    },
    "DSP": {
      "rank": 47,
      "id": 1832,
      "score": 0.2684,
      "status": "SeedGene"
    },
    "TAZ": {
      "rank": 48,
      "id": 6901,
      "score": 0.2678,
      "status": "SeedGene"
    },
    "PSEN1": {
      "rank": 49,
      "id": 5663,
      "score": 0.26,
      "status": "SeedGene"
    },
    "ELN": {
      "rank": 50,
      "id": 2006,
      "score": 0.2554,
      "status": "SeedGene"
    },
    "PSEN2": {
      "rank": 51,
      "id": 5664,
      "score": 0.2503,
      "status": "SeedGene"
    },
    "FGFR2": {
      "rank": 52,
      "id": 2263,
      "score": 0.2478,
      "status": "SeedGene"
    },
    "LETM1": {
      "rank": 53,
      "id": 3954,
      "score": 0.246,
      "status": "SeedGene"
    },
    "SCN5A": {
      "rank": 54,
      "id": 6331,
      "score": 0.2427,
      "status": "SeedGene"
    },
    "DSE": {
      "rank": 55,
      "id": 29940,
      "score": 0.2426,
      "status": "SeedGene"
    },
    "MYLK": {
      "rank": 56,
      "id": 4638,
      "score": 0.2401,
      "status": "SeedGene"
    },
    "LRP2": {
      "rank": 57,
      "id": 4036,
      "score": 0.2357,
      "status": "SeedGene"
    },
    "MYH6": {
      "rank": 58,
      "id": 4624,
      "score": 0.2354,
      "status": "SeedGene"
    },
    "SLC25A4": {
      "rank": 59,
      "id": 291,
      "score": 0.2349,
      "status": "SeedGene"
    },
    "DES": {
      "rank": 60,
      "id": 1674,
      "score": 0.2343,
      "status": "SeedGene"
    },
    "LIMK1": {
      "rank": 61,
      "id": 3984,
      "score": 0.2326,
      "status": "SeedGene"
    },
    "EP300": {
      "rank": 62,
      "id": 2033,
      "score": 0.2275,
      "status": "SeedGene"
    },
    "SMC1A": {
      "rank": 63,
      "id": 8243,
      "score": 0.2272,
      "status": "SeedGene"
    },
    "HDAC8": {
      "rank": 64,
      "id": 55869,
      "score": 0.2237,
      "status": "SeedGene"
    },
    "TPM1": {
      "rank": 65,
      "id": 7168,
      "score": 0.2227,
      "status": "SeedGene"
    },
    "PRKAG2": {
      "rank": 66,
      "id": 51422,
      "score": 0.2207,
      "status": "SeedGene"
    },
    "TNNT2": {
      "rank": 67,
      "id": 7139,
      "score": 0.217,
      "status": "SeedGene"
    },
    "MYH11": {
      "rank": 68,
      "id": 4629,
      "score": 0.2167,
      "status": "SeedGene"
    },
    "LAMP2": {
      "rank": 69,
      "id": 3920,
      "score": 0.2148,
      "status": "SeedGene"
    },
    "ACTC1": {
      "rank": 70,
      "id": 70,
      "score": 0.212,
      "status": "SeedGene"
    },
    "HRAS": {
      "rank": 71,
      "id": 3265,
      "score": 0.211,
      "status": "SeedGene"
    },
    "NEK8": {
      "rank": 72,
      "id": 284086,
      "score": 0.2098,
      "status": "SeedGene"
    },
    "PLN": {
      "rank": 73,
      "id": 5350,
      "score": 0.2096,
      "status": "SeedGene"
    },
    "HEXB": {
      "rank": 74,
      "id": 3074,
      "score": 0.2056,
      "status": "SeedGene"
    },
    "DSG2": {
      "rank": 75,
      "id": 1829,
      "score": 0.2056,
      "status": "SeedGene"
    },
    "IDUA": {
      "rank": 76,
      "id": 3425,
      "score": 0.2053,
      "status": "SeedGene"
    },
    "SMC3": {
      "rank": 77,
      "id": 9126,
      "score": 0.1998,
      "status": "SeedGene"
    },
    "TCAP": {
      "rank": 78,
      "id": 8557,
      "score": 0.1995,
      "status": "SeedGene"
    },
    "NRAS": {
      "rank": 79,
      "id": 4893,
      "score": 0.1989,
      "status": "SeedGene"
    },
    "CPT2": {
      "rank": 80,
      "id": 1376,
      "score": 0.197,
      "status": "SeedGene"
    },
    "TNNC1": {
      "rank": 81,
      "id": 7134,
      "score": 0.1945,
      "status": "SeedGene"
    },
    "NELFA": {
      "rank": 82,
      "id": 7469,
      "score": 0.1938,
      "status": "SeedGene"
    },
    "RAD21": {
      "rank": 83,
      "id": 5885,
      "score": 0.1935,
      "status": "SeedGene"
    },
    "ACTA2": {
      "rank": 84,
      "id": 59,
      "score": 0.1935,
      "status": "SeedGene"
    },
    "SDHA": {
      "rank": 85,
      "id": 6389,
      "score": 0.1935,
      "status": "SeedGene"
    },
    "LAMA4": {
      "rank": 86,
      "id": 3910,
      "score": 0.1935,
      "status": "SeedGene"
    },
    "FKTN": {
      "rank": 87,
      "id": 2218,
      "score": 0.1903,
      "status": "SeedGene"
    },
    "FUCA1": {
      "rank": 88,
      "id": 2517,
      "score": 0.1888,
      "status": "SeedGene"
    },
    "CACNA1C": {
      "rank": 89,
      "id": 775,
      "score": 0.1874,
      "status": "SeedGene"
    },
    "LMNA": {
      "rank": 90,
      "id": 4000,
      "score": 0.187,
      "status": "SeedGene"
    },
    "SGCD": {
      "rank": 91,
      "id": 6444,
      "score": 0.1868,
      "status": "SeedGene"
    },
    "FHL2": {
      "rank": 92,
      "id": 2274,
      "score": 0.1868,
      "status": "SeedGene"
    },
    "DOLK": {
      "rank": 93,
      "id": 22845,
      "score": 0.1862,
      "status": "SeedGene"
    },
    "AGPAT2": {
      "rank": 94,
      "id": 10555,
      "score": 0.1861,
      "status": "SeedGene"
    },
    "TNNI3": {
      "rank": 95,
      "id": 7137,
      "score": 0.1827,
      "status": "SeedGene"
    },
    "TGFB3": {
      "rank": 96,
      "id": 7043,
      "score": 0.1824,
      "status": "SeedGene"
    },
    "CPT1A": {
      "rank": 97,
      "id": 1374,
      "score": 0.1809,
      "status": "SeedGene"
    },
    "NIPBL": {
      "rank": 98,
      "id": 25836,
      "score": 0.1805,
      "status": "SeedGene"
    },
    "SOS1": {
      "rank": 99,
      "id": 6654,
      "score": 0.1801,
      "status": "SeedGene"
    },
    "BAG3": {
      "rank": 100,
      "id": 9531,
      "score": 0.1796,
      "status": "SeedGene"
    }
  }
}