{
  "query": {
    "HP:0003789": {
      "id": "HP:0003789",
      "status": "ok",
      "target": [
        "HP:0003789"
      ]
    },
    "HP:0001324": {
      "id": "HP:0001324",
      "status": "ok",
      "target": [
        "HP:0001324"
      ]
    },
    "HP:0003560": {
      "id": "HP:0003560",
      "status": "ok",
      "target": [
        "HP:0003560"
      ]
    },
    "HP:0003198": {
      "id": "HP:0003198",
      "status": "ok",
      "target": [
        "HP:0003198"
      ]
    }
  },
  "response": {
    "RYR1": {
      "rank": 1,
      "id": 6261,
      "score": 1.0,
      "status": "SeedGene"
    },
    "DYSF": {
      "rank": 2,
      "id": 8291,
      "score": 0.6554,
      "status": "SeedGene"
    },
    "ANO5": {
      "rank": 3,
      "id": 203859,
      "score": 0.5335,
      "status": "SeedGene"
    },
    "MYH7": {
      "rank": 4,
      "id": 4625,
      "score": 0.4817,
      "status": "SeedGene"
    },
    "TRIP4": {
      "rank": 5,
      "id": 9325,
      "score": 0.3643,
      "status": "SeedGene"
    },
    "SELENON": {
      "rank": 6,
      "id": 57190,
      "score": 0.3643,
      "status": "SeedGene"
    },
    "NR0B1": {
      "rank": 7,
      "id": 190,
      "score": 0.3632,
      "status": "SeedGene"
    },
    "POMT1": {
      "rank": 8,
      "id": 10585,
      "score": 0.3497,
      "status": "SeedGene"
    },
    "POMT2": {
      "rank": 9,
      "id": 29954,
      "score": 0.3497,
      "status": "SeedGene"
    },
    "CFL2": {
      "rank": 10,
      "id": 1073,
      "score": 0.3495,
      "status": "SeedGene"
    },
    "FKTN": {
      "rank": 11,
      "id": 2218,
      "score": 0.3368,
      "status": "SeedGene"
    },
    "PABPN1": {
      "rank": 12,
      "id": 8106,
      "score": 0.3198,
      "status": "SeedGene"
    },
    "COL6A3": {
      "rank": 13,
      "id": 1293,
      "score": 0.3107,
      "status": "SeedGene"
    },
    "COL6A1": {
      "rank": 14,
      "id": 1291,
      "score": 0.3107,
      "status": "SeedGene"
    },
    "POMGNT1": {
      "rank": 15,
      "id": 55624,
      "score": 0.3068,
      "status": "SeedGene"
    },
    "COL6A2": {
      "rank": 16,
      "id": 1292,
      "score": 0.3014,
      "status": "SeedGene"
    },
    "ITGA7": {
      "rank": 17,
      "id": 3679,
      "score": 0.3,
      "status": "SeedGene"
    },
    "FKRP": {
      "rank": 18,
      "id": 79147,
      "score": 0.2931,
      "status": "SeedGene"
    },
    "LMNA": {
      "rank": 19,
      "id": 4000,
      "score": 0.2915,
      "status": "SeedGene"
    },
    "ACTA1": {
      "rank": 20,
      "id": 58,
      "score": 0.2769,
      "status": "SeedGene"
    },
    "B3GALNT2": {
      "rank": 21,
      "id": 148789,
      "score": 0.2506,
      "status": "SeedGene"
    },
    "DAG1": {
      "rank": 22,
      "id": 1605,
      "score": 0.2505,
      "status": "SeedGene"
    },
    "CACNA1S": {
      "rank": 23,
      "id": 779,
      "score": 0.2445,
      "status": "SeedGene"
    },
    "SIL1": {
      "rank": 24,
      "id": 64374,
      "score": 0.2443,
      "status": "SeedGene"
    },
    "GMPPB": {
      "rank": 25,
      "id": 29925,
      "score": 0.2374,
      "status": "SeedGene"
    },
    "TPM3": {
      "rank": 26,
      "id": 7170,
      "score": 0.2196,
      "status": "SeedGene"
    },
    "TPM2": {
      "rank": 27,
      "id": 7169,
      "score": 0.2114,
      "status": "SeedGene"
    },
    "TTN": {
      "rank": 28,
      "id": 7273,
      "score": 0.2015,
      "status": "SeedGene"
    },
    "CHKB": {
      "rank": 29,
      "id": 1120,
      "score": 0.1995,
      "status": "SeedGene"
    },
    "LAMA2": {
      "rank": 30,
      "id": 3908,
      "score": 0.1877,
      "status": "SeedGene"
    },
    "SLC25A4": {
      "rank": 31,
      "id": 291,
      "score": 0.18,
      "status": "SeedGene"
    },
    "MYL2": {
      "rank": 32,
      "id": 4633,
      "score": 0.1778,
      "status": "SeedGene"
    },
    "DMD": {
      "rank": 33,
      "id": 1756,
      "score": 0.1742,
      "status": "SeedGene"
    },
    "COL4A1": {
      "rank": 34,
      "id": 1282,
      "score": 0.1725,
      "status": "SeedGene"
    },
    "VPS13A": {
      "rank": 35,
      "id": 23230,
      "score": 0.1693,
      "status": "SeedGene"
    },
    "POMGNT2": {
      "rank": 36,
      "id": 84892,
      "score": 0.1655,
      "status": "SeedGene"
    },
    "CRYAB": {
      "rank": 37,
      "id": 1410,
      "score": 0.1595,
      "status": "SeedGene"
    },
    "CAV3": {
      "rank": 38,
      "id": 859,
      "score": 0.1549,
      "status": "SeedGene"
    },
    "YARS2": {
      "rank": 39,
      "id": 51067,
      "score": 0.1463,
      "status": "SeedGene"
    },
    "AGK": {
      "rank": 40,
      "id": 55750,
      "score": 0.1439,
      "status": "SeedGene"
    },
    "SGCD": {
      "rank": 41,
      "id": 6444,
      "score": 0.143,
      "status": "SeedGene"
    },
    "CTNS": {
      "rank": 42,
      "id": 1497,
      "score": 0.1412,
      "status": "SeedGene"
    },
    "HNRNPA1": {
      "rank": 43,
      "id": 3178,
      "score": 0.1398,
      "status": "SeedGene"
    },
    "SCN4A": {
      "rank": 44,
      "id": 6329,
      "score": 0.1386,
      "status": "SeedGene"
    },
    "CAPN3": {
      "rank": 45,
      "id": 825,
      "score": 0.1381,
      "status": "SeedGene"
    },
    "BAG3": {
      "rank": 46,
      "id": 9531,
      "score": 0.1363,
      "status": "SeedGene"
    },
    "HNRNPDL": {
      "rank": 47,
      "id": 9987,
      "score": 0.1351,
      "status": "SeedGene"
    },
    "HSPG2": {
      "rank": 48,
      "id": 3339,
      "score": 0.1338,
      "status": "SeedGene"
    },
    "FHL1": {
      "rank": 49,
      "id": 2273,
      "score": 0.1337,
      "status": "SeedGene"
    },
    "SGCB": {
      "rank": 50,
      "id": 6443,
      "score": 0.1329,
      "status": "SeedGene"
    },
    "RAF1": {
      "rank": 51,
      "id": 5894,
      "score": 0.1327,
      "status": "SeedGene"
    },
    "SGCA": {
      "rank": 52,
      "id": 6442,
      "score": 0.1327,
      "status": "SeedGene"
    },
    "INPP5K": {
      "rank": 53,
      "id": 51763,
      "score": 0.1311,
      "status": "SeedGene"
    },
    "TCAP": {
      "rank": 54,
      "id": 8557,
      "score": 0.1302,
      "status": "SeedGene"
    },
    "SGCG": {
      "rank": 55,
      "id": 6445,
      "score": 0.1299,
      "status": "SeedGene"
    },
    "DNAJB6": {
      "rank": 56,
      "id": 10049,
      "score": 0.129,
      "status": "SeedGene"
    },
    "EMD": {
      "rank": 57,
      "id": 2010,
      "score": 0.1283,
      "status": "SeedGene"
    },
    "PUS1": {
      "rank": 58,
      "id": 80324,
      "score": 0.1255,
      "status": "SeedGene"
    },
    "DPM3": {
      "rank": 59,
      "id": 54344,
      "score": 0.1245,
      "status": "SeedGene"
    },
    "GK": {
      "rank": 60,
      "id": 2710,
      "score": 0.1237,
      "status": "SeedGene"
    },
    "SYNE2": {
      "rank": 61,
      "id": 23224,
      "score": 0.1235,
      "status": "SeedGene"
    },
    "HNRNPA2B1": {
      "rank": 62,
      "id": 3181,
      "score": 0.1208,
      "status": "SeedGene"
    },
    "DPM1": {
      "rank": 63,
      "id": 8813,
      "score": 0.12,
      "status": "SeedGene"
    },
    "TMEM43": {
      "rank": 64,
      "id": 79188,
      "score": 0.1196,
      "status": "SeedGene"
    },
    "COL12A1": {
      "rank": 65,
      "id": 1303,
      "score": 0.1161,
      "status": "SeedGene"
    },
    "AKT1": {
      "rank": 66,
      "id": 207,
      "score": 0.1158,
      "status": "SeedGene"
    },
    "PLEC": {
      "rank": 67,
      "id": 5339,
      "score": 0.1156,
      "status": "SeedGene"
    },
    "LIPE": {
      "rank": 68,
      "id": 3991,
      "score": 0.1154,
      "status": "SeedGene"
    },
    "AHCY": {
      "rank": 69,
      "id": 191,
      "score": 0.1142,
      "status": "SeedGene"
    },
    "POMK": {
      "rank": 70,
      "id": 84197,
      "score": 0.111,
      "status": "SeedGene"
    },
    "TRIM32": {
      "rank": 71,
      "id": 22954,
      "score": 0.1104,
      "status": "SeedGene"
    },
    "SYNE1": {
      "rank": 72,
      "id": 23345,
      "score": 0.1101,
      "status": "SeedGene"
    },
    "PHGDH": {
      "rank": 73,
      "id": 26227,
      "score": 0.1098,
      "status": "SeedGene"
    },
    "PSAT1": {
      "rank": 74,
      "id": 29968,
      "score": 0.1097,
      "status": "SeedGene"
    },
    "TRAPPC11": {
      "rank": 75,
      "id": 60684,
      "score": 0.1069,
      "status": "SeedGene"
    },
    "BUB3": {
      "rank": 76,
      "id": 9184,
      "score": 0.1068,
      "status": "SeedGene"
    },
    "ACADS": {
      "rank": 77,
      "id": 35,
      "score": 0.1064,
      "status": "SeedGene"
    },
    "PSMB8": {
      "rank": 78,
      "id": 5696,
      "score": 0.1054,
      "status": "SeedGene"
    },
    "PRKACA": {
      "rank": 79,
      "id": 5566,
      "score": 0.1049,
      "status": "SeedGene"
    },
    "PTEN": {
      "rank": 80,
      "id": 5728,
      "score": 0.1047,
      "status": "SeedGene"
    },
    "BUB1B": {
      "rank": 81,
      "id": 701,
      "score": 0.1045,
      "status": "SeedGene"
    },
    "SLC29A3": {
      "rank": 82,
      "id": 55315,
      "score": 0.1028,
      "status": "SeedGene"
    },
    "TNPO3": {
      "rank": 83,
      "id": 23534,
      "score": 0.1016,
      "status": "SeedGene"
    },
    "CRPPA": {
      "rank": 84,
      "id": 729920,
      "score": 0.1016,
      "status": "SeedGene"
    },
    "LARGE1": {
      "rank": 85,
      "id": 9215,
      "score": 0.1016,
      "status": "SeedGene"
    },
    "CAVIN1": {
      "rank": 86,
      "id": 284119,
      "score": 0.1016,
      "status": "SeedGene"
    },
    "KRAS": {
      "rank": 87,
      "id": 3845,
      "score": 0.1013,
      "status": "SeedGene"
    },
    "BUB1": {
      "rank": 88,
      "id": 699,
      "score": 0.101,
      "status": "SeedGene"
    },
    "NRAS": {
      "rank": 89,
      "id": 4893,
      "score": 0.101,
      "status": "SeedGene"
    },
    "BRAF": {
      "rank": 90,
      "id": 673,
      "score": 0.1001,
      "status": "SeedGene"
    },
    "STIM1": {
      "rank": 91,
      "id": 6786,
      "score": 0.1,
      "status": "SeedGene"
    },
    "SLC22A5": {
      "rank": 92,
      "id": 6584,
      "score": 0.0998,
      "status": "SeedGene"
    },
    "SMCHD1": {
      "rank": 93,
      "id": 23347,
      "score": 0.096,
      "status": "SeedGene"
    },
    "XDH": {
      "rank": 94,
      "id": 7498,
      "score": 0.0949,
      "status": "SeedGene"
    },
    "PRKAR1A": {
      "rank": 95,
      "id": 5573,
      "score": 0.0931,
      "status": "SeedGene"
    },
    "SOS1": {
      "rank": 96,
      "id": 6654,
      "score": 0.0921,
      "status": "SeedGene"
    },
    "CALM1": {
      "rank": 97,
      "id": 801,
      "score": 0.0915,
      "status": "Predicted"
    },
    "CALM2": {
      "rank": 98,
      "id": 805,
      "score": 0.0895,
      "status": "Predicted"
    },
    "FRG1": {
      "rank": 99,
      "id": 2483,
      "score": 0.0895,
      "status": "SeedGene"
    },
    "CALM3": {
      "rank": 100,
      "id": 808,
      "score": 0.0894,
      "status": "Predicted"
    }
  }
}