{
  "query": {
    "HP:0000646": {
      "id": "HP:0000646",
      "status": "ok",
      "target": [
        "HP:0000646"
      ]
    },
    "HP:0000483": {
      "id": "HP:0000483",
      "status": "ok",
      "target": [
        "HP:0000483"
      ]
    },
    "HP:0001363": {
      "id": "HP:0001363",
      "status": "ok",
      "target": [
        "HP:0001363"
      ]
    },
    "HP:0001263": {
      "id": "HP:0001263",
      "status": "ok",
      "target": [
        "HP:0001263"
      ]
    },
    "HP:0001999": {
      "id": "HP:0001999",
      "status": "ok",
      "target": [
        "HP:0001999"
      ]
    },
    "HP:0000621": {
      "id": "HP:0000621",
      "status": "ok",
      "target": [
        "HP:0000621"
      ]
    },
    "HP:0011157": {
      "id": "HP:0011157",
      "status": "ok",
      "target": [
        "HP:0011157"
      ]
    },
    "HP:0001252": {
      "id": "HP:0001252",
      "status": "ok",
      "target": [
        "HP:0001252"
      ]
    },
    "HP:0000545": {
      "id": "HP:0000545",
      "status": "ok",
      "target": [
        "HP:0000545"
      ]
    },
    "HP:0000639": {
      "id": "HP:0000639",
      "status": "ok",
      "target": [
        "HP:0000639"
      ]
    },
    "HP:0000508": {
      "id": "HP:0000508",
      "status": "ok",
      "target": [
        "HP:0000508"
      ]
    },
    "HP:0001250": {
      "id": "HP:0001250",
      "status": "ok",
      "target": [
        "HP:0001250"
      ]
    },
    "HP:0000026": {
      "id": "HP:0000026",
      "status": "ok",
      "target": [
        "HP:0000026"
      ]
    }
  },
  "response": {
    "NHLRC1": {
      "rank": 1,
      "id": 378884,
      "score": 1.0,
      "status": "SeedGene"
    },
    "ERCC2": {
      "rank": 2,
      "id": 2068,
      "score": 0.9622,
      "status": "SeedGene"
    },
    "EPM2A": {
      "rank": 3,
      "id": 7957,
      "score": 0.9491,
      "status": "SeedGene"
    },
    "DDB2": {
      "rank": 4,
      "id": 1643,
      "score": 0.8804,
      "status": "SeedGene"
    },
    "FGFR3": {
      "rank": 5,
      "id": 2261,
      "score": 0.856,
      "status": "SeedGene"
    },
    "XPC": {
      "rank": 6,
      "id": 7508,
      "score": 0.7951,
      "status": "SeedGene"
    },
    "FGFR2": {
      "rank": 7,
      "id": 2263,
      "score": 0.7902,
      "status": "SeedGene"
    },
    "XPA": {
      "rank": 8,
      "id": 7507,
      "score": 0.764,
      "status": "SeedGene"
    },
    "PTEN": {
      "rank": 9,
      "id": 5728,
      "score": 0.6947,
      "status": "SeedGene"
    },
    "KRAS": {
      "rank": 10,
      "id": 3845,
      "score": 0.6137,
      "status": "SeedGene"
    },
    "FGFR1": {
      "rank": 11,
      "id": 2260,
      "score": 0.6019,
      "status": "SeedGene"
    },
    "BRAF": {
      "rank": 12,
      "id": 673,
      "score": 0.5834,
      "status": "SeedGene"
    },
    "SMARCA4": {
      "rank": 13,
      "id": 6597,
      "score": 0.5765,
      "status": "SeedGene"
    },
    "TCF4": {
      "rank": 14,
      "id": 6925,
      "score": 0.5702,
      "status": "SeedGene"
    },
    "CEP290": {
      "rank": 15,
      "id": 80184,
      "score": 0.5397,
      "status": "SeedGene"
    },
    "COL11A1": {
      "rank": 16,
      "id": 1301,
      "score": 0.5359,
      "status": "SeedGene"
    },
    "ARID1B": {
      "rank": 17,
      "id": 57492,
      "score": 0.5281,
      "status": "SeedGene"
    },
    "COL9A2": {
      "rank": 18,
      "id": 1298,
      "score": 0.51,
      "status": "SeedGene"
    },
    "COL9A1": {
      "rank": 19,
      "id": 1297,
      "score": 0.5086,
      "status": "SeedGene"
    },
    "COL9A3": {
      "rank": 20,
      "id": 1299,
      "score": 0.4905,
      "status": "SeedGene"
    },
    "ARID1A": {
      "rank": 21,
      "id": 8289,
      "score": 0.4818,
      "status": "SeedGene"
    },
    "SMARCE1": {
      "rank": 22,
      "id": 6605,
      "score": 0.4748,
      "status": "SeedGene"
    },
    "SMARCB1": {
      "rank": 23,
      "id": 6598,
      "score": 0.4655,
      "status": "SeedGene"
    },
    "MAP2K1": {
      "rank": 24,
      "id": 5604,
      "score": 0.4496,
      "status": "SeedGene"
    },
    "ERCC3": {
      "rank": 25,
      "id": 2071,
      "score": 0.4426,
      "status": "SeedGene"
    },
    "RAF1": {
      "rank": 26,
      "id": 5894,
      "score": 0.4342,
      "status": "SeedGene"
    },
    "TWIST1": {
      "rank": 27,
      "id": 7291,
      "score": 0.4187,
      "status": "SeedGene"
    },
    "ERCC6": {
      "rank": 28,
      "id": 2074,
      "score": 0.4123,
      "status": "SeedGene"
    },
    "MAP2K2": {
      "rank": 29,
      "id": 5605,
      "score": 0.4117,
      "status": "SeedGene"
    },
    "ERCC4": {
      "rank": 30,
      "id": 2072,
      "score": 0.4062,
      "status": "SeedGene"
    },
    "CHN1": {
      "rank": 31,
      "id": 1123,
      "score": 0.4029,
      "status": "SeedGene"
    },
    "COL2A1": {
      "rank": 32,
      "id": 1280,
      "score": 0.3999,
      "status": "SeedGene"
    },
    "AKT1": {
      "rank": 33,
      "id": 207,
      "score": 0.3946,
      "status": "SeedGene"
    },
    "TCIRG1": {
      "rank": 34,
      "id": 10312,
      "score": 0.3905,
      "status": "SeedGene"
    },
    "MKS1": {
      "rank": 35,
      "id": 54903,
      "score": 0.3858,
      "status": "SeedGene"
    },
    "ELN": {
      "rank": 36,
      "id": 2006,
      "score": 0.3761,
      "status": "SeedGene"
    },
    "TRIM32": {
      "rank": 37,
      "id": 22954,
      "score": 0.3665,
      "status": "SeedGene"
    },
    "ATR": {
      "rank": 38,
      "id": 545,
      "score": 0.3662,
      "status": "SeedGene"
    },
    "PIK3CA": {
      "rank": 39,
      "id": 5290,
      "score": 0.3655,
      "status": "SeedGene"
    },
    "GNPTAB": {
      "rank": 40,
      "id": 79158,
      "score": 0.3644,
      "status": "SeedGene"
    },
    "TBX1": {
      "rank": 41,
      "id": 6899,
      "score": 0.3608,
      "status": "SeedGene"
    },
    "ATP6V1A": {
      "rank": 42,
      "id": 523,
      "score": 0.3602,
      "status": "SeedGene"
    },
    "NRAS": {
      "rank": 43,
      "id": 4893,
      "score": 0.36,
      "status": "SeedGene"
    },
    "ATP6V1E1": {
      "rank": 44,
      "id": 529,
      "score": 0.3559,
      "status": "SeedGene"
    },
    "SDCCAG8": {
      "rank": 45,
      "id": 10806,
      "score": 0.355,
      "status": "SeedGene"
    },
    "PTPN11": {
      "rank": 46,
      "id": 5781,
      "score": 0.3543,
      "status": "SeedGene"
    },
    "OCRL": {
      "rank": 47,
      "id": 4952,
      "score": 0.3532,
      "status": "SeedGene"
    },
    "SMAD4": {
      "rank": 48,
      "id": 4089,
      "score": 0.352,
      "status": "SeedGene"
    },
    "TTC8": {
      "rank": 49,
      "id": 123016,
      "score": 0.3465,
      "status": "SeedGene"
    },
    "COL4A1": {
      "rank": 50,
      "id": 1282,
      "score": 0.345,
      "status": "SeedGene"
    },
    "BBS1": {
      "rank": 51,
      "id": 582,
      "score": 0.343,
      "status": "SeedGene"
    },
    "EP300": {
      "rank": 52,
      "id": 2033,
      "score": 0.3408,
      "status": "SeedGene"
    },
    "SOS1": {
      "rank": 53,
      "id": 6654,
      "score": 0.3392,
      "status": "SeedGene"
    },
    "ACTB": {
      "rank": 54,
      "id": 60,
      "score": 0.3381,
      "status": "SeedGene"
    },
    "FBN1": {
      "rank": 55,
      "id": 2200,
      "score": 0.3375,
      "status": "SeedGene"
    },
    "ERCC5": {
      "rank": 56,
      "id": 2073,
      "score": 0.3373,
      "status": "SeedGene"
    },
    "ARL6": {
      "rank": 57,
      "id": 84100,
      "score": 0.3356,
      "status": "SeedGene"
    },
    "AP3B1": {
      "rank": 58,
      "id": 8546,
      "score": 0.3287,
      "status": "SeedGene"
    },
    "LMNA": {
      "rank": 59,
      "id": 4000,
      "score": 0.3275,
      "status": "SeedGene"
    },
    "CREBBP": {
      "rank": 60,
      "id": 1387,
      "score": 0.3162,
      "status": "SeedGene"
    },
    "POLH": {
      "rank": 61,
      "id": 5429,
      "score": 0.313,
      "status": "SeedGene"
    },
    "POLR3A": {
      "rank": 62,
      "id": 11128,
      "score": 0.3101,
      "status": "SeedGene"
    },
    "BBS4": {
      "rank": 63,
      "id": 585,
      "score": 0.307,
      "status": "SeedGene"
    },
    "CENPJ": {
      "rank": 64,
      "id": 55835,
      "score": 0.3065,
      "status": "SeedGene"
    },
    "MKKS": {
      "rank": 65,
      "id": 8195,
      "score": 0.3064,
      "status": "SeedGene"
    },
    "BBS12": {
      "rank": 66,
      "id": 166379,
      "score": 0.3034,
      "status": "SeedGene"
    },
    "BBS10": {
      "rank": 67,
      "id": 79738,
      "score": 0.3034,
      "status": "SeedGene"
    },
    "TP53": {
      "rank": 68,
      "id": 7157,
      "score": 0.2983,
      "status": "SeedGene"
    },
    "UBB": {
      "rank": 69,
      "id": 7314,
      "score": 0.2962,
      "status": "SeedGene"
    },
    "BBS2": {
      "rank": 70,
      "id": 583,
      "score": 0.2954,
      "status": "SeedGene"
    },
    "LZTFL1": {
      "rank": 71,
      "id": 54585,
      "score": 0.2954,
      "status": "SeedGene"
    },
    "PRKACA": {
      "rank": 72,
      "id": 5566,
      "score": 0.2946,
      "status": "SeedGene"
    },
    "PITX2": {
      "rank": 73,
      "id": 5308,
      "score": 0.2937,
      "status": "SeedGene"
    },
    "PIK3R1": {
      "rank": 74,
      "id": 5295,
      "score": 0.2927,
      "status": "SeedGene"
    },
    "BBS9": {
      "rank": 75,
      "id": 27241,
      "score": 0.2923,
      "status": "SeedGene"
    },
    "BBS7": {
      "rank": 76,
      "id": 55212,
      "score": 0.2923,
      "status": "SeedGene"
    },
    "BBS5": {
      "rank": 77,
      "id": 129880,
      "score": 0.2923,
      "status": "SeedGene"
    },
    "PAX6": {
      "rank": 78,
      "id": 5080,
      "score": 0.2914,
      "status": "SeedGene"
    },
    "RBBP8": {
      "rank": 79,
      "id": 5932,
      "score": 0.2911,
      "status": "SeedGene"
    },
    "HDAC8": {
      "rank": 80,
      "id": 55869,
      "score": 0.2909,
      "status": "SeedGene"
    },
    "PDHA1": {
      "rank": 81,
      "id": 5160,
      "score": 0.2906,
      "status": "SeedGene"
    },
    "NF1": {
      "rank": 82,
      "id": 4763,
      "score": 0.29,
      "status": "SeedGene"
    },
    "RPS27A": {
      "rank": 83,
      "id": 6233,
      "score": 0.2899,
      "status": "Predicted"
    },
    "INPP5E": {
      "rank": 84,
      "id": 56623,
      "score": 0.2881,
      "status": "SeedGene"
    },
    "UBA52": {
      "rank": 85,
      "id": 7311,
      "score": 0.2881,
      "status": "Predicted"
    },
    "OFD1": {
      "rank": 86,
      "id": 8481,
      "score": 0.2879,
      "status": "SeedGene"
    },
    "ATRIP": {
      "rank": 87,
      "id": 84126,
      "score": 0.2875,
      "status": "SeedGene"
    },
    "UBC": {
      "rank": 88,
      "id": 7316,
      "score": 0.285,
      "status": "Predicted"
    },
    "HSPG2": {
      "rank": 89,
      "id": 3339,
      "score": 0.2836,
      "status": "SeedGene"
    },
    "MLXIPL": {
      "rank": 90,
      "id": 51085,
      "score": 0.2812,
      "status": "SeedGene"
    },
    "ALDH1A3": {
      "rank": 91,
      "id": 220,
      "score": 0.2807,
      "status": "SeedGene"
    },
    "PPP2R1A": {
      "rank": 92,
      "id": 5518,
      "score": 0.2803,
      "status": "SeedGene"
    },
    "INS": {
      "rank": 93,
      "id": 3630,
      "score": 0.2802,
      "status": "SeedGene"
    },
    "HLA-B": {
      "rank": 94,
      "id": 3106,
      "score": 0.2794,
      "status": "SeedGene"
    },
    "KIF7": {
      "rank": 95,
      "id": 374654,
      "score": 0.2793,
      "status": "SeedGene"
    },
    "MAPK1": {
      "rank": 96,
      "id": 5594,
      "score": 0.279,
      "status": "SeedGene"
    },
    "BRCA1": {
      "rank": 97,
      "id": 672,
      "score": 0.2782,
      "status": "SeedGene"
    },
    "CALM1": {
      "rank": 98,
      "id": 801,
      "score": 0.2781,
      "status": "SeedGene"
    },
    "CALM2": {
      "rank": 99,
      "id": 805,
      "score": 0.2775,
      "status": "SeedGene"
    },
    "MYC": {
      "rank": 100,
      "id": 4609,
      "score": 0.2752,
      "status": "Predicted"
    }
  }
}