{
  "query": {
    "HP:0011927": {
      "id": "HP:0011927",
      "status": "ok",
      "target": [
        "HP:0011927"
      ]
    },
    "HP:0100249": {
      "id": "HP:0100249",
      "status": "ok",
      "target": [
        "HP:0100249"
      ]
    },
    "HP:0002363": {
      "id": "HP:0002363",
      "status": "ok",
      "target": [
        "HP:0002363"
      ]
    },
    "HP:0004484": {
      "id": "HP:0004484",
      "status": "ok",
      "target": [
        "HP:0004484"
      ]
    },
    "HP:0000365": {
      "id": "HP:0000365",
      "status": "ok",
      "target": [
        "HP:0000365"
      ]
    },
    "HP:0001999": {
      "id": "HP:0001999",
      "status": "ok",
      "target": [
        "HP:0001999"
      ]
    },
    "HP:0000968": {
      "id": "HP:0000968",
      "status": "ok",
      "target": [
        "HP:0000968"
      ]
    },
    "HP:0000238": {
      "id": "HP:0000238",
      "status": "ok",
      "target": [
        "HP:0000238"
      ]
    },
    "HP:0011729": {
      "id": "HP:0011729",
      "status": "ok",
      "target": [
        "HP:0011729"
      ]
    },
    "HP:0001270": {
      "id": "HP:0001270",
      "status": "ok",
      "target": [
        "HP:0001270"
      ]
    },
    "HP:0000407": {
      "id": "HP:0000407",
      "status": "ok",
      "target": [
        "HP:0000407"
      ]
    },
    "HP:0000924": {
      "id": "HP:0000924",
      "status": "ok",
      "target": [
        "HP:0000924"
      ]
    }
  },
  "response": {
    "FGFR3": {
      "rank": 1,
      "id": 2261,
      "score": 1.0,
      "status": "SeedGene"
    },
    "LETM1": {
      "rank": 2,
      "id": 3954,
      "score": 0.6551,
      "status": "SeedGene"
    },
    "NELFA": {
      "rank": 3,
      "id": 7469,
      "score": 0.5973,
      "status": "SeedGene"
    },
    "TP63": {
      "rank": 4,
      "id": 8626,
      "score": 0.4615,
      "status": "SeedGene"
    },
    "KIF7": {
      "rank": 5,
      "id": 374654,
      "score": 0.442,
      "status": "SeedGene"
    },
    "FGFR2": {
      "rank": 6,
      "id": 2263,
      "score": 0.4056,
      "status": "SeedGene"
    },
    "TMEM237": {
      "rank": 7,
      "id": 65062,
      "score": 0.3754,
      "status": "SeedGene"
    },
    "INPP5E": {
      "rank": 8,
      "id": 56623,
      "score": 0.3529,
      "status": "SeedGene"
    },
    "IKBKG": {
      "rank": 9,
      "id": 8517,
      "score": 0.3498,
      "status": "SeedGene"
    },
    "OFD1": {
      "rank": 10,
      "id": 8481,
      "score": 0.3482,
      "status": "SeedGene"
    },
    "HOXA1": {
      "rank": 11,
      "id": 3198,
      "score": 0.3284,
      "status": "SeedGene"
    },
    "NFKBIA": {
      "rank": 12,
      "id": 4792,
      "score": 0.3282,
      "status": "SeedGene"
    },
    "RPGRIP1L": {
      "rank": 13,
      "id": 23322,
      "score": 0.32,
      "status": "SeedGene"
    },
    "PIK3CA": {
      "rank": 14,
      "id": 5290,
      "score": 0.3013,
      "status": "SeedGene"
    },
    "BRAF": {
      "rank": 15,
      "id": 673,
      "score": 0.2963,
      "status": "SeedGene"
    },
    "PAFAH1B1": {
      "rank": 16,
      "id": 5048,
      "score": 0.2931,
      "status": "SeedGene"
    },
    "TP53": {
      "rank": 17,
      "id": 7157,
      "score": 0.2881,
      "status": "SeedGene"
    },
    "COL2A1": {
      "rank": 18,
      "id": 1280,
      "score": 0.2874,
      "status": "SeedGene"
    },
    "TMEM216": {
      "rank": 19,
      "id": 51259,
      "score": 0.2874,
      "status": "SeedGene"
    },
    "TMEM67": {
      "rank": 20,
      "id": 91147,
      "score": 0.2873,
      "status": "SeedGene"
    },
    "POMT2": {
      "rank": 21,
      "id": 29954,
      "score": 0.2793,
      "status": "SeedGene"
    },
    "POMT1": {
      "rank": 22,
      "id": 10585,
      "score": 0.2793,
      "status": "SeedGene"
    },
    "CEP41": {
      "rank": 23,
      "id": 95681,
      "score": 0.2782,
      "status": "SeedGene"
    },
    "KRAS": {
      "rank": 24,
      "id": 3845,
      "score": 0.2743,
      "status": "SeedGene"
    },
    "PTEN": {
      "rank": 25,
      "id": 5728,
      "score": 0.2741,
      "status": "SeedGene"
    },
    "RAF1": {
      "rank": 26,
      "id": 5894,
      "score": 0.2723,
      "status": "SeedGene"
    },
    "CEP290": {
      "rank": 27,
      "id": 80184,
      "score": 0.268,
      "status": "SeedGene"
    },
    "FGFR1": {
      "rank": 28,
      "id": 2260,
      "score": 0.2636,
      "status": "SeedGene"
    },
    "WDR35": {
      "rank": 29,
      "id": 57539,
      "score": 0.2571,
      "status": "SeedGene"
    },
    "PRPS1": {
      "rank": 30,
      "id": 5631,
      "score": 0.256,
      "status": "SeedGene"
    },
    "CTBP1": {
      "rank": 31,
      "id": 1487,
      "score": 0.2555,
      "status": "SeedGene"
    },
    "FBN1": {
      "rank": 32,
      "id": 2200,
      "score": 0.2533,
      "status": "SeedGene"
    },
    "PORCN": {
      "rank": 33,
      "id": 64840,
      "score": 0.2531,
      "status": "SeedGene"
    },
    "POMGNT1": {
      "rank": 34,
      "id": 55624,
      "score": 0.2514,
      "status": "SeedGene"
    },
    "WDR19": {
      "rank": 35,
      "id": 57728,
      "score": 0.2491,
      "status": "SeedGene"
    },
    "FKTN": {
      "rank": 36,
      "id": 2218,
      "score": 0.2479,
      "status": "SeedGene"
    },
    "FLNA": {
      "rank": 37,
      "id": 2316,
      "score": 0.2478,
      "status": "SeedGene"
    },
    "CC2D2A": {
      "rank": 38,
      "id": 57545,
      "score": 0.2473,
      "status": "SeedGene"
    },
    "AHI1": {
      "rank": 39,
      "id": 54806,
      "score": 0.2471,
      "status": "SeedGene"
    },
    "PIK3R1": {
      "rank": 40,
      "id": 5295,
      "score": 0.2458,
      "status": "SeedGene"
    },
    "RPS6KA3": {
      "rank": 41,
      "id": 6197,
      "score": 0.2441,
      "status": "SeedGene"
    },
    "EP300": {
      "rank": 42,
      "id": 2033,
      "score": 0.2418,
      "status": "SeedGene"
    },
    "ATP6V1B2": {
      "rank": 43,
      "id": 526,
      "score": 0.2402,
      "status": "SeedGene"
    },
    "IFT122": {
      "rank": 44,
      "id": 55764,
      "score": 0.2376,
      "status": "SeedGene"
    },
    "B3GALNT2": {
      "rank": 45,
      "id": 148789,
      "score": 0.2352,
      "status": "SeedGene"
    },
    "NOG": {
      "rank": 46,
      "id": 9241,
      "score": 0.233,
      "status": "SeedGene"
    },
    "TCIRG1": {
      "rank": 47,
      "id": 10312,
      "score": 0.2319,
      "status": "SeedGene"
    },
    "MED12": {
      "rank": 48,
      "id": 9968,
      "score": 0.2311,
      "status": "SeedGene"
    },
    "PTPN11": {
      "rank": 49,
      "id": 5781,
      "score": 0.2251,
      "status": "SeedGene"
    },
    "COL11A1": {
      "rank": 50,
      "id": 1301,
      "score": 0.2242,
      "status": "SeedGene"
    },
    "MAP2K1": {
      "rank": 51,
      "id": 5604,
      "score": 0.2236,
      "status": "SeedGene"
    },
    "FKRP": {
      "rank": 52,
      "id": 79147,
      "score": 0.2235,
      "status": "SeedGene"
    },
    "AKT1": {
      "rank": 53,
      "id": 207,
      "score": 0.2233,
      "status": "SeedGene"
    },
    "IDUA": {
      "rank": 54,
      "id": 3425,
      "score": 0.223,
      "status": "SeedGene"
    },
    "RAC1": {
      "rank": 55,
      "id": 5879,
      "score": 0.2209,
      "status": "SeedGene"
    },
    "CREBBP": {
      "rank": 56,
      "id": 1387,
      "score": 0.2203,
      "status": "SeedGene"
    },
    "INS": {
      "rank": 57,
      "id": 3630,
      "score": 0.2195,
      "status": "SeedGene"
    },
    "TGFB1": {
      "rank": 58,
      "id": 7040,
      "score": 0.2171,
      "status": "SeedGene"
    },
    "HRAS": {
      "rank": 59,
      "id": 3265,
      "score": 0.215,
      "status": "SeedGene"
    },
    "NRAS": {
      "rank": 60,
      "id": 4893,
      "score": 0.2141,
      "status": "SeedGene"
    },
    "COL4A1": {
      "rank": 61,
      "id": 1282,
      "score": 0.2137,
      "status": "SeedGene"
    },
    "NPHP1": {
      "rank": 62,
      "id": 4867,
      "score": 0.2128,
      "status": "SeedGene"
    },
    "PRKAR1A": {
      "rank": 63,
      "id": 5573,
      "score": 0.2124,
      "status": "SeedGene"
    },
    "FGFRL1": {
      "rank": 64,
      "id": 53834,
      "score": 0.2112,
      "status": "SeedGene"
    },
    "GDF5": {
      "rank": 65,
      "id": 8200,
      "score": 0.2101,
      "status": "SeedGene"
    },
    "PPP2CA": {
      "rank": 66,
      "id": 5515,
      "score": 0.2097,
      "status": "SeedGene"
    },
    "PPP2R1A": {
      "rank": 67,
      "id": 5518,
      "score": 0.2083,
      "status": "SeedGene"
    },
    "PRKACA": {
      "rank": 68,
      "id": 5566,
      "score": 0.208,
      "status": "SeedGene"
    },
    "PEX7": {
      "rank": 69,
      "id": 5191,
      "score": 0.2079,
      "status": "SeedGene"
    },
    "ATP6V0A2": {
      "rank": 70,
      "id": 23545,
      "score": 0.2052,
      "status": "SeedGene"
    },
    "MYH3": {
      "rank": 71,
      "id": 4621,
      "score": 0.2034,
      "status": "SeedGene"
    },
    "NOTCH2": {
      "rank": 72,
      "id": 4853,
      "score": 0.203,
      "status": "SeedGene"
    },
    "WNT10A": {
      "rank": 73,
      "id": 80326,
      "score": 0.2029,
      "status": "SeedGene"
    },
    "CALM1": {
      "rank": 74,
      "id": 801,
      "score": 0.2027,
      "status": "Predicted"
    },
    "PTCH1": {
      "rank": 75,
      "id": 5727,
      "score": 0.2025,
      "status": "SeedGene"
    },
    "MAP2K2": {
      "rank": 76,
      "id": 5605,
      "score": 0.2022,
      "status": "SeedGene"
    },
    "ACTB": {
      "rank": 77,
      "id": 60,
      "score": 0.2022,
      "status": "SeedGene"
    },
    "CALM2": {
      "rank": 78,
      "id": 805,
      "score": 0.2015,
      "status": "Predicted"
    },
    "CALM3": {
      "rank": 79,
      "id": 808,
      "score": 0.1988,
      "status": "Predicted"
    },
    "SMARCA4": {
      "rank": 80,
      "id": 6597,
      "score": 0.1985,
      "status": "SeedGene"
    },
    "MAPK1": {
      "rank": 81,
      "id": 5594,
      "score": 0.1973,
      "status": "SeedGene"
    },
    "COL9A2": {
      "rank": 82,
      "id": 1298,
      "score": 0.197,
      "status": "SeedGene"
    },
    "COL9A1": {
      "rank": 83,
      "id": 1297,
      "score": 0.1963,
      "status": "SeedGene"
    },
    "CTNNB1": {
      "rank": 84,
      "id": 1499,
      "score": 0.1936,
      "status": "SeedGene"
    },
    "PIK3R2": {
      "rank": 85,
      "id": 5296,
      "score": 0.1922,
      "status": "SeedGene"
    },
    "COL6A1": {
      "rank": 86,
      "id": 1291,
      "score": 0.1919,
      "status": "SeedGene"
    },
    "PRKCA": {
      "rank": 87,
      "id": 5578,
      "score": 0.1911,
      "status": "Predicted"
    },
    "GPC3": {
      "rank": 88,
      "id": 2719,
      "score": 0.1907,
      "status": "SeedGene"
    },
    "FGF9": {
      "rank": 89,
      "id": 2254,
      "score": 0.1906,
      "status": "SeedGene"
    },
    "COL6A3": {
      "rank": 90,
      "id": 1293,
      "score": 0.1899,
      "status": "SeedGene"
    },
    "COL11A2": {
      "rank": 91,
      "id": 1302,
      "score": 0.1895,
      "status": "SeedGene"
    },
    "AKT3": {
      "rank": 92,
      "id": 10000,
      "score": 0.1887,
      "status": "SeedGene"
    },
    "PDGFRB": {
      "rank": 93,
      "id": 5159,
      "score": 0.1876,
      "status": "SeedGene"
    },
    "LRP2": {
      "rank": 94,
      "id": 4036,
      "score": 0.1875,
      "status": "SeedGene"
    },
    "NFKB1": {
      "rank": 95,
      "id": 4790,
      "score": 0.1872,
      "status": "SeedGene"
    },
    "GMPPB": {
      "rank": 96,
      "id": 29925,
      "score": 0.1871,
      "status": "SeedGene"
    },
    "GPC4": {
      "rank": 97,
      "id": 2239,
      "score": 0.1871,
      "status": "SeedGene"
    },
    "TMEM231": {
      "rank": 98,
      "id": 79583,
      "score": 0.186,
      "status": "SeedGene"
    },
    "UBB": {
      "rank": 99,
      "id": 7314,
      "score": 0.1858,
      "status": "SeedGene"
    },
    "SOS1": {
      "rank": 100,
      "id": 6654,
      "score": 0.1857,
      "status": "SeedGene"
    }
  }
}