{
  "query": {
    "HP:0011516": {
      "id": "HP:0011516",
      "status": "ok",
      "target": [
        "HP:0011516"
      ]
    },
    "HP:0000551": {
      "id": "HP:0000551",
      "status": "ok",
      "target": [
        "HP:0000551"
      ]
    },
    "HP:0000510": {
      "id": "HP:0000510",
      "status": "ok",
      "target": [
        "HP:0000510"
      ]
    },
    "HP:0030532": {
      "id": "HP:0030532",
      "status": "ok",
      "target": [
        "HP:0030532"
      ]
    }
  },
  "response": {
    "GNAT2": {
      "rank": 1,
      "id": 2780,
      "score": 1.0,
      "status": "SeedGene"
    },
    "CNGB3": {
      "rank": 2,
      "id": 54714,
      "score": 0.9534,
      "status": "SeedGene"
    },
    "CNGA3": {
      "rank": 3,
      "id": 1261,
      "score": 0.7764,
      "status": "SeedGene"
    },
    "PDE6C": {
      "rank": 4,
      "id": 5146,
      "score": 0.6572,
      "status": "SeedGene"
    },
    "PDE6H": {
      "rank": 5,
      "id": 5149,
      "score": 0.4736,
      "status": "SeedGene"
    },
    "GUCA1A": {
      "rank": 6,
      "id": 2978,
      "score": 0.4475,
      "status": "SeedGene"
    },
    "ABCA4": {
      "rank": 7,
      "id": 24,
      "score": 0.3565,
      "status": "SeedGene"
    },
    "CRX": {
      "rank": 8,
      "id": 1406,
      "score": 0.3344,
      "status": "SeedGene"
    },
    "AIPL1": {
      "rank": 9,
      "id": 23746,
      "score": 0.3173,
      "status": "SeedGene"
    },
    "SEMA4A": {
      "rank": 10,
      "id": 64218,
      "score": 0.317,
      "status": "SeedGene"
    },
    "PRPH2": {
      "rank": 11,
      "id": 5961,
      "score": 0.3081,
      "status": "SeedGene"
    },
    "C8ORF37": {
      "rank": 12,
      "id": 157657,
      "score": 0.2911,
      "status": "SeedGene"
    },
    "ATF6": {
      "rank": 13,
      "id": 22926,
      "score": 0.2865,
      "status": "SeedGene"
    },
    "RPGR": {
      "rank": 14,
      "id": 6103,
      "score": 0.2858,
      "status": "SeedGene"
    },
    "CNGB1": {
      "rank": 15,
      "id": 1258,
      "score": 0.2848,
      "status": "SeedGene"
    },
    "NBAS": {
      "rank": 16,
      "id": 51594,
      "score": 0.279,
      "status": "SeedGene"
    },
    "PROM1": {
      "rank": 17,
      "id": 8842,
      "score": 0.2748,
      "status": "SeedGene"
    },
    "GUCY2D": {
      "rank": 18,
      "id": 3000,
      "score": 0.2695,
      "status": "SeedGene"
    },
    "CNGA1": {
      "rank": 19,
      "id": 1259,
      "score": 0.2687,
      "status": "SeedGene"
    },
    "CDHR1": {
      "rank": 20,
      "id": 92211,
      "score": 0.2431,
      "status": "SeedGene"
    },
    "LRAT": {
      "rank": 21,
      "id": 9227,
      "score": 0.242,
      "status": "SeedGene"
    },
    "PDE6G": {
      "rank": 22,
      "id": 5148,
      "score": 0.2342,
      "status": "SeedGene"
    },
    "PDE6B": {
      "rank": 23,
      "id": 5158,
      "score": 0.2227,
      "status": "SeedGene"
    },
    "PHYH": {
      "rank": 24,
      "id": 5264,
      "score": 0.2175,
      "status": "SeedGene"
    },
    "PDE6A": {
      "rank": 25,
      "id": 5145,
      "score": 0.2169,
      "status": "SeedGene"
    },
    "IMPDH1": {
      "rank": 26,
      "id": 3614,
      "score": 0.2142,
      "status": "SeedGene"
    },
    "PEX7": {
      "rank": 27,
      "id": 5191,
      "score": 0.2138,
      "status": "SeedGene"
    },
    "RPE65": {
      "rank": 28,
      "id": 6121,
      "score": 0.2133,
      "status": "SeedGene"
    },
    "RHO": {
      "rank": 29,
      "id": 6010,
      "score": 0.2131,
      "status": "SeedGene"
    },
    "GUCA1B": {
      "rank": 30,
      "id": 2979,
      "score": 0.207,
      "status": "SeedGene"
    },
    "NR2E3": {
      "rank": 31,
      "id": 10002,
      "score": 0.2045,
      "status": "SeedGene"
    },
    "CA4": {
      "rank": 32,
      "id": 762,
      "score": 0.2033,
      "status": "SeedGene"
    },
    "OPN1LW": {
      "rank": 33,
      "id": 5956,
      "score": 0.2014,
      "status": "SeedGene"
    },
    "OPN1MW": {
      "rank": 34,
      "id": 2652,
      "score": 0.2014,
      "status": "SeedGene"
    },
    "TULP1": {
      "rank": 35,
      "id": 7287,
      "score": 0.1972,
      "status": "SeedGene"
    },
    "CACNA1F": {
      "rank": 36,
      "id": 778,
      "score": 0.1928,
      "status": "SeedGene"
    },
    "RBP3": {
      "rank": 37,
      "id": 5949,
      "score": 0.1912,
      "status": "SeedGene"
    },
    "RDH12": {
      "rank": 38,
      "id": 145226,
      "score": 0.1891,
      "status": "SeedGene"
    },
    "ROM1": {
      "rank": 39,
      "id": 6094,
      "score": 0.1886,
      "status": "SeedGene"
    },
    "ARL6": {
      "rank": 40,
      "id": 84100,
      "score": 0.1863,
      "status": "SeedGene"
    },
    "BEST1": {
      "rank": 41,
      "id": 7439,
      "score": 0.186,
      "status": "SeedGene"
    },
    "RGR": {
      "rank": 42,
      "id": 5995,
      "score": 0.1855,
      "status": "SeedGene"
    },
    "SAG": {
      "rank": 43,
      "id": 6295,
      "score": 0.1854,
      "status": "SeedGene"
    },
    "RPGRIP1": {
      "rank": 44,
      "id": 57096,
      "score": 0.185,
      "status": "SeedGene"
    },
    "ADAM9": {
      "rank": 45,
      "id": 8754,
      "score": 0.1823,
      "status": "SeedGene"
    },
    "RLBP1": {
      "rank": 46,
      "id": 6017,
      "score": 0.1816,
      "status": "SeedGene"
    },
    "OFD1": {
      "rank": 47,
      "id": 8481,
      "score": 0.1805,
      "status": "SeedGene"
    },
    "CRB1": {
      "rank": 48,
      "id": 23418,
      "score": 0.1728,
      "status": "SeedGene"
    },
    "RIMS1": {
      "rank": 49,
      "id": 22999,
      "score": 0.1682,
      "status": "SeedGene"
    },
    "IMPG2": {
      "rank": 50,
      "id": 50939,
      "score": 0.1651,
      "status": "SeedGene"
    },
    "RAX2": {
      "rank": 51,
      "id": 84839,
      "score": 0.165,
      "status": "SeedGene"
    },
    "TTC8": {
      "rank": 52,
      "id": 123016,
      "score": 0.1645,
      "status": "SeedGene"
    },
    "OPN1SW": {
      "rank": 53,
      "id": 611,
      "score": 0.1644,
      "status": "SeedGene"
    },
    "MERTK": {
      "rank": 54,
      "id": 10461,
      "score": 0.1634,
      "status": "SeedGene"
    },
    "IDH3B": {
      "rank": 55,
      "id": 3420,
      "score": 0.1626,
      "status": "SeedGene"
    },
    "PRPF8": {
      "rank": 56,
      "id": 10594,
      "score": 0.1608,
      "status": "SeedGene"
    },
    "DHDDS": {
      "rank": 57,
      "id": 79947,
      "score": 0.1554,
      "status": "SeedGene"
    },
    "SNRNP200": {
      "rank": 58,
      "id": 23020,
      "score": 0.1549,
      "status": "SeedGene"
    },
    "PRPF6": {
      "rank": 59,
      "id": 24148,
      "score": 0.1549,
      "status": "SeedGene"
    },
    "RP2": {
      "rank": 60,
      "id": 6102,
      "score": 0.1525,
      "status": "SeedGene"
    },
    "CLRN1": {
      "rank": 61,
      "id": 7401,
      "score": 0.1525,
      "status": "SeedGene"
    },
    "PITPNM3": {
      "rank": 62,
      "id": 83394,
      "score": 0.1503,
      "status": "SeedGene"
    },
    "MAK": {
      "rank": 63,
      "id": 4117,
      "score": 0.1482,
      "status": "SeedGene"
    },
    "PRPF31": {
      "rank": 64,
      "id": 26121,
      "score": 0.1474,
      "status": "SeedGene"
    },
    "RP9": {
      "rank": 65,
      "id": 6100,
      "score": 0.1463,
      "status": "SeedGene"
    },
    "CACNA2D4": {
      "rank": 66,
      "id": 93589,
      "score": 0.1455,
      "status": "SeedGene"
    },
    "PRPF3": {
      "rank": 67,
      "id": 9129,
      "score": 0.1415,
      "status": "SeedGene"
    },
    "EYS": {
      "rank": 68,
      "id": 346007,
      "score": 0.1406,
      "status": "SeedGene"
    },
    "RP1": {
      "rank": 69,
      "id": 6101,
      "score": 0.1406,
      "status": "SeedGene"
    },
    "FAM161A": {
      "rank": 70,
      "id": 84140,
      "score": 0.1406,
      "status": "SeedGene"
    },
    "FSCN2": {
      "rank": 71,
      "id": 25794,
      "score": 0.1406,
      "status": "SeedGene"
    },
    "KLHL7": {
      "rank": 72,
      "id": 55975,
      "score": 0.1406,
      "status": "SeedGene"
    },
    "PRCD": {
      "rank": 73,
      "id": 768206,
      "score": 0.1406,
      "status": "SeedGene"
    },
    "NRL": {
      "rank": 74,
      "id": 4901,
      "score": 0.1403,
      "status": "SeedGene"
    },
    "NEK2": {
      "rank": 75,
      "id": 4751,
      "score": 0.1401,
      "status": "SeedGene"
    },
    "UNC119": {
      "rank": 76,
      "id": 9094,
      "score": 0.1387,
      "status": "SeedGene"
    },
    "RAB28": {
      "rank": 77,
      "id": 9364,
      "score": 0.1387,
      "status": "SeedGene"
    },
    "TOPORS": {
      "rank": 78,
      "id": 10210,
      "score": 0.1374,
      "status": "SeedGene"
    },
    "ZNF513": {
      "rank": 79,
      "id": 130557,
      "score": 0.136,
      "status": "SeedGene"
    },
    "USH2A": {
      "rank": 80,
      "id": 7399,
      "score": 0.1357,
      "status": "SeedGene"
    },
    "CERKL": {
      "rank": 81,
      "id": 375298,
      "score": 0.1347,
      "status": "SeedGene"
    },
    "SPATA7": {
      "rank": 82,
      "id": 55812,
      "score": 0.1323,
      "status": "SeedGene"
    },
    "OPA1": {
      "rank": 83,
      "id": 4976,
      "score": 0.1307,
      "status": "SeedGene"
    },
    "ATXN2": {
      "rank": 84,
      "id": 6311,
      "score": 0.1303,
      "status": "SeedGene"
    },
    "C1QTNF5": {
      "rank": 85,
      "id": 114902,
      "score": 0.1026,
      "status": "SeedGene"
    },
    "ARL2BP": {
      "rank": 86,
      "id": 23568,
      "score": 0.1021,
      "status": "SeedGene"
    },
    "CNNM4": {
      "rank": 87,
      "id": 26504,
      "score": 0.1018,
      "status": "SeedGene"
    },
    "CYP4V2": {
      "rank": 88,
      "id": 285440,
      "score": 0.0975,
      "status": "SeedGene"
    },
    "WDR19": {
      "rank": 89,
      "id": 57728,
      "score": 0.0957,
      "status": "SeedGene"
    },
    "CEP290": {
      "rank": 90,
      "id": 80184,
      "score": 0.0945,
      "status": "SeedGene"
    },
    "FGFR1": {
      "rank": 91,
      "id": 2260,
      "score": 0.0895,
      "status": "SeedGene"
    },
    "PEX5": {
      "rank": 92,
      "id": 5830,
      "score": 0.0837,
      "status": "SeedGene"
    },
    "PEX19": {
      "rank": 93,
      "id": 5824,
      "score": 0.0835,
      "status": "SeedGene"
    },
    "PEX6": {
      "rank": 94,
      "id": 5190,
      "score": 0.0826,
      "status": "SeedGene"
    },
    "NPHP4": {
      "rank": 95,
      "id": 261734,
      "score": 0.0823,
      "status": "SeedGene"
    },
    "PEX10": {
      "rank": 96,
      "id": 5192,
      "score": 0.0813,
      "status": "SeedGene"
    },
    "PEX2": {
      "rank": 97,
      "id": 5828,
      "score": 0.0809,
      "status": "SeedGene"
    },
    "PDE3B": {
      "rank": 98,
      "id": 5140,
      "score": 0.0807,
      "status": "Predicted"
    },
    "CALM2": {
      "rank": 99,
      "id": 805,
      "score": 0.0805,
      "status": "Predicted"
    },
    "PDE3A": {
      "rank": 100,
      "id": 5139,
      "score": 0.0805,
      "status": "Predicted"
    }
  }
}