{
  "query": {
    "HP:0007663": {
      "id": "HP:0007663",
      "status": "ok",
      "target": [
        "HP:0007663"
      ]
    },
    "HP:0007994": {
      "id": "HP:0007994",
      "status": "ok",
      "target": [
        "HP:0007994"
      ]
    },
    "HP:0000510": {
      "id": "HP:0000510",
      "status": "ok",
      "target": [
        "HP:0000510"
      ]
    },
    "HP:0000572": {
      "id": "HP:0000572",
      "status": "ok",
      "target": [
        "HP:0000572"
      ]
    }
  },
  "response": {
    "CNGB1": {
      "rank": 1,
      "id": 1258,
      "score": 1.0,
      "status": "SeedGene"
    },
    "PRPH2": {
      "rank": 2,
      "id": 5961,
      "score": 0.9456,
      "status": "SeedGene"
    },
    "PDE6A": {
      "rank": 3,
      "id": 5145,
      "score": 0.9382,
      "status": "SeedGene"
    },
    "CRX": {
      "rank": 4,
      "id": 1406,
      "score": 0.9204,
      "status": "SeedGene"
    },
    "RHO": {
      "rank": 5,
      "id": 6010,
      "score": 0.8933,
      "status": "SeedGene"
    },
    "RLBP1": {
      "rank": 6,
      "id": 6017,
      "score": 0.8291,
      "status": "SeedGene"
    },
    "SEMA4A": {
      "rank": 7,
      "id": 64218,
      "score": 0.8187,
      "status": "SeedGene"
    },
    "GUCY2D": {
      "rank": 8,
      "id": 3000,
      "score": 0.7651,
      "status": "SeedGene"
    },
    "ZNF513": {
      "rank": 9,
      "id": 130557,
      "score": 0.7546,
      "status": "SeedGene"
    },
    "PROM1": {
      "rank": 10,
      "id": 8842,
      "score": 0.7518,
      "status": "SeedGene"
    },
    "RDH5": {
      "rank": 11,
      "id": 5959,
      "score": 0.6291,
      "status": "SeedGene"
    },
    "PCYT1A": {
      "rank": 12,
      "id": 5130,
      "score": 0.5891,
      "status": "SeedGene"
    },
    "CYP1B1": {
      "rank": 13,
      "id": 1545,
      "score": 0.5703,
      "status": "SeedGene"
    },
    "CWC27": {
      "rank": 14,
      "id": 10283,
      "score": 0.5519,
      "status": "SeedGene"
    },
    "MYOC": {
      "rank": 15,
      "id": 4653,
      "score": 0.5381,
      "status": "SeedGene"
    },
    "AGBL5": {
      "rank": 16,
      "id": 60509,
      "score": 0.5149,
      "status": "SeedGene"
    },
    "POU3F4": {
      "rank": 17,
      "id": 5456,
      "score": 0.5149,
      "status": "SeedGene"
    },
    "ROM1": {
      "rank": 18,
      "id": 6094,
      "score": 0.4684,
      "status": "SeedGene"
    },
    "RPE65": {
      "rank": 19,
      "id": 6121,
      "score": 0.4558,
      "status": "SeedGene"
    },
    "ABCD1": {
      "rank": 20,
      "id": 215,
      "score": 0.452,
      "status": "SeedGene"
    },
    "ABCA4": {
      "rank": 21,
      "id": 24,
      "score": 0.4252,
      "status": "SeedGene"
    },
    "LRAT": {
      "rank": 22,
      "id": 9227,
      "score": 0.3993,
      "status": "SeedGene"
    },
    "PRPS1": {
      "rank": 23,
      "id": 5631,
      "score": 0.3962,
      "status": "SeedGene"
    },
    "CNGA1": {
      "rank": 24,
      "id": 1259,
      "score": 0.3877,
      "status": "SeedGene"
    },
    "IMPDH1": {
      "rank": 25,
      "id": 3614,
      "score": 0.3759,
      "status": "SeedGene"
    },
    "PDE6G": {
      "rank": 26,
      "id": 5148,
      "score": 0.3737,
      "status": "SeedGene"
    },
    "LRP2": {
      "rank": 27,
      "id": 4036,
      "score": 0.3634,
      "status": "SeedGene"
    },
    "PDE6B": {
      "rank": 28,
      "id": 5158,
      "score": 0.3601,
      "status": "SeedGene"
    },
    "RGR": {
      "rank": 29,
      "id": 5995,
      "score": 0.3499,
      "status": "SeedGene"
    },
    "RDH12": {
      "rank": 30,
      "id": 145226,
      "score": 0.3455,
      "status": "SeedGene"
    },
    "SAG": {
      "rank": 31,
      "id": 6295,
      "score": 0.3454,
      "status": "SeedGene"
    },
    "RBP3": {
      "rank": 32,
      "id": 5949,
      "score": 0.3373,
      "status": "SeedGene"
    },
    "GUCA1B": {
      "rank": 33,
      "id": 2979,
      "score": 0.3365,
      "status": "SeedGene"
    },
    "DCN": {
      "rank": 34,
      "id": 1634,
      "score": 0.3308,
      "status": "SeedGene"
    },
    "MERTK": {
      "rank": 35,
      "id": 10461,
      "score": 0.3268,
      "status": "SeedGene"
    },
    "NHLRC1": {
      "rank": 36,
      "id": 378884,
      "score": 0.3186,
      "status": "SeedGene"
    },
    "CHM": {
      "rank": 37,
      "id": 1121,
      "score": 0.3184,
      "status": "SeedGene"
    },
    "ARL6": {
      "rank": 38,
      "id": 84100,
      "score": 0.3181,
      "status": "SeedGene"
    },
    "PHYH": {
      "rank": 39,
      "id": 5264,
      "score": 0.3144,
      "status": "SeedGene"
    },
    "SLC19A2": {
      "rank": 40,
      "id": 10560,
      "score": 0.3114,
      "status": "SeedGene"
    },
    "CA4": {
      "rank": 41,
      "id": 762,
      "score": 0.3068,
      "status": "SeedGene"
    },
    "IDH3B": {
      "rank": 42,
      "id": 3420,
      "score": 0.3043,
      "status": "SeedGene"
    },
    "EPM2A": {
      "rank": 43,
      "id": 7957,
      "score": 0.3043,
      "status": "SeedGene"
    },
    "CLRN1": {
      "rank": 44,
      "id": 7401,
      "score": 0.3033,
      "status": "SeedGene"
    },
    "C8ORF37": {
      "rank": 45,
      "id": 157657,
      "score": 0.3033,
      "status": "SeedGene"
    },
    "AIPL1": {
      "rank": 46,
      "id": 23746,
      "score": 0.3026,
      "status": "SeedGene"
    },
    "NR2E3": {
      "rank": 47,
      "id": 10002,
      "score": 0.2972,
      "status": "SeedGene"
    },
    "PEX7": {
      "rank": 48,
      "id": 5191,
      "score": 0.2967,
      "status": "SeedGene"
    },
    "CRB1": {
      "rank": 49,
      "id": 23418,
      "score": 0.2948,
      "status": "SeedGene"
    },
    "TTC8": {
      "rank": 50,
      "id": 123016,
      "score": 0.2925,
      "status": "SeedGene"
    },
    "SPATA7": {
      "rank": 51,
      "id": 55812,
      "score": 0.2918,
      "status": "SeedGene"
    },
    "TULP1": {
      "rank": 52,
      "id": 7287,
      "score": 0.2855,
      "status": "SeedGene"
    },
    "PRPF8": {
      "rank": 53,
      "id": 10594,
      "score": 0.2848,
      "status": "SeedGene"
    },
    "USH2A": {
      "rank": 54,
      "id": 7399,
      "score": 0.2825,
      "status": "SeedGene"
    },
    "RP2": {
      "rank": 55,
      "id": 6102,
      "score": 0.28,
      "status": "SeedGene"
    },
    "PRPF6": {
      "rank": 56,
      "id": 24148,
      "score": 0.2779,
      "status": "SeedGene"
    },
    "SNRNP200": {
      "rank": 57,
      "id": 23020,
      "score": 0.2779,
      "status": "SeedGene"
    },
    "C1QTNF5": {
      "rank": 58,
      "id": 114902,
      "score": 0.275,
      "status": "SeedGene"
    },
    "DHDDS": {
      "rank": 59,
      "id": 79947,
      "score": 0.2725,
      "status": "SeedGene"
    },
    "BEST1": {
      "rank": 60,
      "id": 7439,
      "score": 0.2702,
      "status": "SeedGene"
    },
    "PRPF31": {
      "rank": 61,
      "id": 26121,
      "score": 0.269,
      "status": "SeedGene"
    },
    "BCOR": {
      "rank": 62,
      "id": 54880,
      "score": 0.2681,
      "status": "SeedGene"
    },
    "PRPF3": {
      "rank": 63,
      "id": 9129,
      "score": 0.2621,
      "status": "SeedGene"
    },
    "RP9": {
      "rank": 64,
      "id": 6100,
      "score": 0.2609,
      "status": "SeedGene"
    },
    "MAK": {
      "rank": 65,
      "id": 4117,
      "score": 0.2598,
      "status": "SeedGene"
    },
    "NRL": {
      "rank": 66,
      "id": 4901,
      "score": 0.2596,
      "status": "SeedGene"
    },
    "RPGR": {
      "rank": 67,
      "id": 6103,
      "score": 0.2563,
      "status": "SeedGene"
    },
    "RP1": {
      "rank": 68,
      "id": 6101,
      "score": 0.2509,
      "status": "SeedGene"
    },
    "PRCD": {
      "rank": 69,
      "id": 768206,
      "score": 0.2505,
      "status": "SeedGene"
    },
    "FAM161A": {
      "rank": 70,
      "id": 84140,
      "score": 0.2505,
      "status": "SeedGene"
    },
    "FSCN2": {
      "rank": 71,
      "id": 25794,
      "score": 0.2505,
      "status": "SeedGene"
    },
    "KLHL7": {
      "rank": 72,
      "id": 55975,
      "score": 0.2505,
      "status": "SeedGene"
    },
    "EYS": {
      "rank": 73,
      "id": 346007,
      "score": 0.2505,
      "status": "SeedGene"
    },
    "CTSD": {
      "rank": 74,
      "id": 1509,
      "score": 0.2481,
      "status": "SeedGene"
    },
    "TOPORS": {
      "rank": 75,
      "id": 10210,
      "score": 0.2471,
      "status": "SeedGene"
    },
    "CERKL": {
      "rank": 76,
      "id": 375298,
      "score": 0.2436,
      "status": "SeedGene"
    },
    "IMPG2": {
      "rank": 77,
      "id": 50939,
      "score": 0.2436,
      "status": "SeedGene"
    },
    "POLR1D": {
      "rank": 78,
      "id": 51082,
      "score": 0.2305,
      "status": "SeedGene"
    },
    "POLR1C": {
      "rank": 79,
      "id": 9533,
      "score": 0.2305,
      "status": "SeedGene"
    },
    "PPT1": {
      "rank": 80,
      "id": 5538,
      "score": 0.2287,
      "status": "SeedGene"
    },
    "OFD1": {
      "rank": 81,
      "id": 8481,
      "score": 0.2227,
      "status": "SeedGene"
    },
    "RP1L1": {
      "rank": 82,
      "id": 94137,
      "score": 0.2177,
      "status": "SeedGene"
    },
    "CLN3": {
      "rank": 83,
      "id": 1201,
      "score": 0.2158,
      "status": "SeedGene"
    },
    "VCAN": {
      "rank": 84,
      "id": 1462,
      "score": 0.2051,
      "status": "SeedGene"
    },
    "CYP4V2": {
      "rank": 85,
      "id": 285440,
      "score": 0.2018,
      "status": "SeedGene"
    },
    "CEP290": {
      "rank": 86,
      "id": 80184,
      "score": 0.2008,
      "status": "SeedGene"
    },
    "TCOF1": {
      "rank": 87,
      "id": 6949,
      "score": 0.1985,
      "status": "SeedGene"
    },
    "NEK2": {
      "rank": 88,
      "id": 4751,
      "score": 0.1943,
      "status": "SeedGene"
    },
    "MFSD8": {
      "rank": 89,
      "id": 256471,
      "score": 0.1936,
      "status": "SeedGene"
    },
    "WDR19": {
      "rank": 90,
      "id": 57728,
      "score": 0.1926,
      "status": "SeedGene"
    },
    "TPP1": {
      "rank": 91,
      "id": 1200,
      "score": 0.1862,
      "status": "SeedGene"
    },
    "CDHR1": {
      "rank": 92,
      "id": 92211,
      "score": 0.18,
      "status": "SeedGene"
    },
    "CLN5": {
      "rank": 93,
      "id": 1203,
      "score": 0.1747,
      "status": "SeedGene"
    },
    "CLN8": {
      "rank": 94,
      "id": 2055,
      "score": 0.1724,
      "status": "SeedGene"
    },
    "CLN6": {
      "rank": 95,
      "id": 54982,
      "score": 0.1719,
      "status": "SeedGene"
    },
    "POLG": {
      "rank": 96,
      "id": 5428,
      "score": 0.1694,
      "status": "SeedGene"
    },
    "KCTD7": {
      "rank": 97,
      "id": 154881,
      "score": 0.1667,
      "status": "SeedGene"
    },
    "PTEN": {
      "rank": 98,
      "id": 5728,
      "score": 0.1666,
      "status": "SeedGene"
    },
    "IFT140": {
      "rank": 99,
      "id": 9742,
      "score": 0.1663,
      "status": "SeedGene"
    },
    "NPHP4": {
      "rank": 100,
      "id": 261734,
      "score": 0.1661,
      "status": "SeedGene"
    }
  }
}