{
  "query": {
    "HP:0000717": {
      "id": "HP:0000717",
      "status": "ok",
      "target": [
        "HP:0000717"
      ]
    },
    "HP:0100543": {
      "id": "HP:0100543",
      "status": "ok",
      "target": [
        "HP:0100543"
      ]
    },
    "HP:0001263": {
      "id": "HP:0001263",
      "status": "ok",
      "target": [
        "HP:0001263"
      ]
    },
    "HP:0001252": {
      "id": "HP:0001252",
      "status": "ok",
      "target": [
        "HP:0001252"
      ]
    },
    "HP:0004305": {
      "id": "HP:0004305",
      "status": "ok",
      "target": [
        "HP:0004305"
      ]
    },
    "HP:0001250": {
      "id": "HP:0001250",
      "status": "ok",
      "target": [
        "HP:0001250"
      ]
    },
    "HP:0100716": {
      "id": "HP:0100716",
      "status": "ok",
      "target": [
        "HP:0100716"
      ]
    },
    "HP:0002360": {
      "id": "HP:0002360",
      "status": "ok",
      "target": [
        "HP:0002360"
      ]
    }
  },
  "response": {
    "DHCR7": {
      "rank": 1,
      "id": 1717,
      "score": 1.0,
      "status": "SeedGene"
    },
    "RAI1": {
      "rank": 2,
      "id": 10743,
      "score": 0.778,
      "status": "SeedGene"
    },
    "ALDH5A1": {
      "rank": 3,
      "id": 7915,
      "score": 0.6999,
      "status": "SeedGene"
    },
    "SHANK3": {
      "rank": 4,
      "id": 85358,
      "score": 0.6778,
      "status": "SeedGene"
    },
    "ELN": {
      "rank": 5,
      "id": 2006,
      "score": 0.6473,
      "status": "SeedGene"
    },
    "TMEM237": {
      "rank": 6,
      "id": 65062,
      "score": 0.6451,
      "status": "SeedGene"
    },
    "MECP2": {
      "rank": 7,
      "id": 4204,
      "score": 0.6299,
      "status": "SeedGene"
    },
    "PAH": {
      "rank": 8,
      "id": 5053,
      "score": 0.5976,
      "status": "SeedGene"
    },
    "INPP5E": {
      "rank": 9,
      "id": 56623,
      "score": 0.5755,
      "status": "SeedGene"
    },
    "KIF7": {
      "rank": 10,
      "id": 374654,
      "score": 0.572,
      "status": "SeedGene"
    },
    "OCRL": {
      "rank": 11,
      "id": 4952,
      "score": 0.5301,
      "status": "SeedGene"
    },
    "GNAQ": {
      "rank": 12,
      "id": 2776,
      "score": 0.4756,
      "status": "SeedGene"
    },
    "EHMT1": {
      "rank": 13,
      "id": 79813,
      "score": 0.4695,
      "status": "SeedGene"
    },
    "UROS": {
      "rank": 14,
      "id": 7390,
      "score": 0.4578,
      "status": "SeedGene"
    },
    "ADSL": {
      "rank": 15,
      "id": 158,
      "score": 0.4507,
      "status": "SeedGene"
    },
    "CEP41": {
      "rank": 16,
      "id": 95681,
      "score": 0.4459,
      "status": "SeedGene"
    },
    "GAMT": {
      "rank": 17,
      "id": 2593,
      "score": 0.441,
      "status": "SeedGene"
    },
    "RPGRIP1L": {
      "rank": 18,
      "id": 23322,
      "score": 0.4239,
      "status": "SeedGene"
    },
    "LIMK1": {
      "rank": 19,
      "id": 3984,
      "score": 0.4205,
      "status": "SeedGene"
    },
    "TSHR": {
      "rank": 20,
      "id": 7253,
      "score": 0.4146,
      "status": "SeedGene"
    },
    "EP300": {
      "rank": 21,
      "id": 2033,
      "score": 0.3972,
      "status": "SeedGene"
    },
    "GATA1": {
      "rank": 22,
      "id": 2623,
      "score": 0.3962,
      "status": "SeedGene"
    },
    "PTEN": {
      "rank": 23,
      "id": 5728,
      "score": 0.3938,
      "status": "SeedGene"
    },
    "UBE3A": {
      "rank": 24,
      "id": 7337,
      "score": 0.3921,
      "status": "SeedGene"
    },
    "TMEM67": {
      "rank": 25,
      "id": 91147,
      "score": 0.3846,
      "status": "SeedGene"
    },
    "HDAC4": {
      "rank": 26,
      "id": 9759,
      "score": 0.3843,
      "status": "SeedGene"
    },
    "MLXIPL": {
      "rank": 27,
      "id": 51085,
      "score": 0.3826,
      "status": "SeedGene"
    },
    "CREBBP": {
      "rank": 28,
      "id": 1387,
      "score": 0.3825,
      "status": "SeedGene"
    },
    "TMEM216": {
      "rank": 29,
      "id": 51259,
      "score": 0.3823,
      "status": "SeedGene"
    },
    "CC2D2A": {
      "rank": 30,
      "id": 57545,
      "score": 0.3817,
      "status": "SeedGene"
    },
    "SLC6A8": {
      "rank": 31,
      "id": 6535,
      "score": 0.3804,
      "status": "SeedGene"
    },
    "ASPA": {
      "rank": 32,
      "id": 443,
      "score": 0.3683,
      "status": "SeedGene"
    },
    "OFD1": {
      "rank": 33,
      "id": 8481,
      "score": 0.3606,
      "status": "SeedGene"
    },
    "SLC26A4": {
      "rank": 34,
      "id": 5172,
      "score": 0.36,
      "status": "SeedGene"
    },
    "RFC2": {
      "rank": 35,
      "id": 5982,
      "score": 0.3576,
      "status": "SeedGene"
    },
    "CHD7": {
      "rank": 36,
      "id": 55636,
      "score": 0.3563,
      "status": "SeedGene"
    },
    "TMEM231": {
      "rank": 37,
      "id": 79583,
      "score": 0.3502,
      "status": "SeedGene"
    },
    "CEP290": {
      "rank": 38,
      "id": 80184,
      "score": 0.3448,
      "status": "SeedGene"
    },
    "GATM": {
      "rank": 39,
      "id": 2628,
      "score": 0.3435,
      "status": "SeedGene"
    },
    "RPS6KA3": {
      "rank": 40,
      "id": 6197,
      "score": 0.3431,
      "status": "SeedGene"
    },
    "PIK3CA": {
      "rank": 41,
      "id": 5290,
      "score": 0.3384,
      "status": "SeedGene"
    },
    "AKT1": {
      "rank": 42,
      "id": 207,
      "score": 0.3369,
      "status": "SeedGene"
    },
    "DCTN1": {
      "rank": 43,
      "id": 1639,
      "score": 0.3321,
      "status": "SeedGene"
    },
    "SNRPN": {
      "rank": 44,
      "id": 6638,
      "score": 0.3216,
      "status": "SeedGene"
    },
    "FGFR3": {
      "rank": 45,
      "id": 2261,
      "score": 0.3198,
      "status": "SeedGene"
    },
    "FLII": {
      "rank": 46,
      "id": 2314,
      "score": 0.3195,
      "status": "SeedGene"
    },
    "TSC2": {
      "rank": 47,
      "id": 7249,
      "score": 0.3164,
      "status": "SeedGene"
    },
    "SMAD4": {
      "rank": 48,
      "id": 4089,
      "score": 0.3098,
      "status": "SeedGene"
    },
    "PAX8": {
      "rank": 49,
      "id": 7849,
      "score": 0.3054,
      "status": "SeedGene"
    },
    "EIF4H": {
      "rank": 50,
      "id": 7458,
      "score": 0.2991,
      "status": "SeedGene"
    },
    "RPL10": {
      "rank": 51,
      "id": 6134,
      "score": 0.2954,
      "status": "SeedGene"
    },
    "HDAC8": {
      "rank": 52,
      "id": 55869,
      "score": 0.2952,
      "status": "SeedGene"
    },
    "KRAS": {
      "rank": 53,
      "id": 3845,
      "score": 0.2923,
      "status": "SeedGene"
    },
    "BAZ1B": {
      "rank": 54,
      "id": 9031,
      "score": 0.292,
      "status": "SeedGene"
    },
    "TSC1": {
      "rank": 55,
      "id": 7248,
      "score": 0.2914,
      "status": "SeedGene"
    },
    "IDUA": {
      "rank": 56,
      "id": 3425,
      "score": 0.2909,
      "status": "SeedGene"
    },
    "ANKRD11": {
      "rank": 57,
      "id": 29123,
      "score": 0.2907,
      "status": "SeedGene"
    },
    "SH2B1": {
      "rank": 58,
      "id": 25970,
      "score": 0.2857,
      "status": "SeedGene"
    },
    "SLC5A5": {
      "rank": 59,
      "id": 6528,
      "score": 0.2844,
      "status": "SeedGene"
    },
    "TPO": {
      "rank": 60,
      "id": 7173,
      "score": 0.2844,
      "status": "SeedGene"
    },
    "SLITRK1": {
      "rank": 61,
      "id": 114798,
      "score": 0.2821,
      "status": "SeedGene"
    },
    "NKX2-1": {
      "rank": 62,
      "id": 7080,
      "score": 0.282,
      "status": "SeedGene"
    },
    "DPYD": {
      "rank": 63,
      "id": 1806,
      "score": 0.2805,
      "status": "SeedGene"
    },
    "NKX2-5": {
      "rank": 64,
      "id": 1482,
      "score": 0.2788,
      "status": "SeedGene"
    },
    "GTF2I": {
      "rank": 65,
      "id": 2969,
      "score": 0.2782,
      "status": "SeedGene"
    },
    "FKBP6": {
      "rank": 66,
      "id": 8468,
      "score": 0.2764,
      "status": "SeedGene"
    },
    "LAT2": {
      "rank": 67,
      "id": 7462,
      "score": 0.2757,
      "status": "SeedGene"
    },
    "TBL2": {
      "rank": 68,
      "id": 26608,
      "score": 0.2747,
      "status": "SeedGene"
    },
    "GTF2IRD1": {
      "rank": 69,
      "id": 9569,
      "score": 0.2736,
      "status": "SeedGene"
    },
    "SMC1A": {
      "rank": 70,
      "id": 8243,
      "score": 0.273,
      "status": "SeedGene"
    },
    "NTRK1": {
      "rank": 71,
      "id": 4914,
      "score": 0.2697,
      "status": "SeedGene"
    },
    "HRAS": {
      "rank": 72,
      "id": 3265,
      "score": 0.2696,
      "status": "SeedGene"
    },
    "SLC2A1": {
      "rank": 73,
      "id": 6513,
      "score": 0.269,
      "status": "SeedGene"
    },
    "PRKACA": {
      "rank": 74,
      "id": 5566,
      "score": 0.2679,
      "status": "Predicted"
    },
    "FGFR2": {
      "rank": 75,
      "id": 2263,
      "score": 0.2667,
      "status": "SeedGene"
    },
    "TNXB": {
      "rank": 76,
      "id": 7148,
      "score": 0.263,
      "status": "SeedGene"
    },
    "AHI1": {
      "rank": 77,
      "id": 54806,
      "score": 0.2609,
      "status": "SeedGene"
    },
    "SMC3": {
      "rank": 78,
      "id": 9126,
      "score": 0.2606,
      "status": "SeedGene"
    },
    "PDHA1": {
      "rank": 79,
      "id": 5160,
      "score": 0.2563,
      "status": "SeedGene"
    },
    "CLIP2": {
      "rank": 80,
      "id": 7461,
      "score": 0.2557,
      "status": "SeedGene"
    },
    "HPRT1": {
      "rank": 81,
      "id": 3251,
      "score": 0.2548,
      "status": "SeedGene"
    },
    "MAOA": {
      "rank": 82,
      "id": 4128,
      "score": 0.2546,
      "status": "SeedGene"
    },
    "PAFAH1B1": {
      "rank": 83,
      "id": 5048,
      "score": 0.2534,
      "status": "SeedGene"
    },
    "VPS13A": {
      "rank": 84,
      "id": 23230,
      "score": 0.2525,
      "status": "SeedGene"
    },
    "HMBS": {
      "rank": 85,
      "id": 3145,
      "score": 0.2506,
      "status": "SeedGene"
    },
    "NPHP1": {
      "rank": 86,
      "id": 4867,
      "score": 0.2498,
      "status": "SeedGene"
    },
    "CALM1": {
      "rank": 87,
      "id": 801,
      "score": 0.2482,
      "status": "SeedGene"
    },
    "NIPBL": {
      "rank": 88,
      "id": 25836,
      "score": 0.2481,
      "status": "SeedGene"
    },
    "GFAP": {
      "rank": 89,
      "id": 2670,
      "score": 0.2479,
      "status": "SeedGene"
    },
    "CALM2": {
      "rank": 90,
      "id": 805,
      "score": 0.2473,
      "status": "SeedGene"
    },
    "BRAF": {
      "rank": 91,
      "id": 673,
      "score": 0.2455,
      "status": "SeedGene"
    },
    "GNE": {
      "rank": 92,
      "id": 10020,
      "score": 0.245,
      "status": "SeedGene"
    },
    "CGA": {
      "rank": 93,
      "id": 1081,
      "score": 0.2446,
      "status": "Predicted"
    },
    "RAD21": {
      "rank": 94,
      "id": 5885,
      "score": 0.2427,
      "status": "SeedGene"
    },
    "CTSH": {
      "rank": 95,
      "id": 1512,
      "score": 0.242,
      "status": "SeedGene"
    },
    "GPHN": {
      "rank": 96,
      "id": 10243,
      "score": 0.242,
      "status": "SeedGene"
    },
    "CALM3": {
      "rank": 97,
      "id": 808,
      "score": 0.2419,
      "status": "Predicted"
    },
    "NSDHL": {
      "rank": 98,
      "id": 50814,
      "score": 0.241,
      "status": "SeedGene"
    },
    "FOXE1": {
      "rank": 99,
      "id": 2304,
      "score": 0.2403,
      "status": "SeedGene"
    },
    "TCTN1": {
      "rank": 100,
      "id": 79600,
      "score": 0.2386,
      "status": "SeedGene"
    }
  }
}