{
  "query": {
    "HP:0005110": {
      "id": "HP:0005110",
      "status": "ok",
      "target": [
        "HP:0005110"
      ]
    },
    "HP:0001638": {
      "id": "HP:0001638",
      "status": "ok",
      "target": [
        "HP:0001638"
      ]
    },
    "HP:0001633": {
      "id": "HP:0001633",
      "status": "ok",
      "target": [
        "HP:0001633"
      ]
    },
    "HP:0001634": {
      "id": "HP:0001634",
      "status": "ok",
      "target": [
        "HP:0001634"
      ]
    }
  },
  "response": {
    "TNXB": {
      "rank": 1,
      "id": 7148,
      "score": 1.0,
      "status": "SeedGene"
    },
    "VPS13B": {
      "rank": 2,
      "id": 157680,
      "score": 0.9219,
      "status": "SeedGene"
    },
    "FLNA": {
      "rank": 3,
      "id": 2316,
      "score": 0.9089,
      "status": "SeedGene"
    },
    "ABCC6": {
      "rank": 4,
      "id": 368,
      "score": 0.8444,
      "status": "SeedGene"
    },
    "HRAS": {
      "rank": 5,
      "id": 3265,
      "score": 0.8045,
      "status": "SeedGene"
    },
    "KRAS": {
      "rank": 6,
      "id": 3845,
      "score": 0.7957,
      "status": "SeedGene"
    },
    "VWF": {
      "rank": 7,
      "id": 7450,
      "score": 0.7659,
      "status": "SeedGene"
    },
    "RAF1": {
      "rank": 8,
      "id": 5894,
      "score": 0.7363,
      "status": "SeedGene"
    },
    "BRAF": {
      "rank": 9,
      "id": 673,
      "score": 0.7295,
      "status": "SeedGene"
    },
    "ELN": {
      "rank": 10,
      "id": 2006,
      "score": 0.7267,
      "status": "SeedGene"
    },
    "FBN1": {
      "rank": 11,
      "id": 2200,
      "score": 0.7181,
      "status": "SeedGene"
    },
    "BCOR": {
      "rank": 12,
      "id": 54880,
      "score": 0.7071,
      "status": "SeedGene"
    },
    "SMAD3": {
      "rank": 13,
      "id": 4088,
      "score": 0.6372,
      "status": "SeedGene"
    },
    "PTPN11": {
      "rank": 14,
      "id": 5781,
      "score": 0.6225,
      "status": "SeedGene"
    },
    "PLOD1": {
      "rank": 15,
      "id": 5351,
      "score": 0.6171,
      "status": "SeedGene"
    },
    "GLA": {
      "rank": 16,
      "id": 2717,
      "score": 0.5895,
      "status": "SeedGene"
    },
    "TGFB2": {
      "rank": 17,
      "id": 7042,
      "score": 0.5832,
      "status": "SeedGene"
    },
    "MYH7": {
      "rank": 18,
      "id": 4625,
      "score": 0.5705,
      "status": "SeedGene"
    },
    "COL2A1": {
      "rank": 19,
      "id": 1280,
      "score": 0.5483,
      "status": "SeedGene"
    },
    "SCN5A": {
      "rank": 20,
      "id": 6331,
      "score": 0.5293,
      "status": "SeedGene"
    },
    "TTN": {
      "rank": 21,
      "id": 7273,
      "score": 0.5288,
      "status": "SeedGene"
    },
    "TGFBR1": {
      "rank": 22,
      "id": 7046,
      "score": 0.5219,
      "status": "SeedGene"
    },
    "TGFBR2": {
      "rank": 23,
      "id": 7048,
      "score": 0.5183,
      "status": "SeedGene"
    },
    "COL5A1": {
      "rank": 24,
      "id": 1289,
      "score": 0.4927,
      "status": "SeedGene"
    },
    "DMPK": {
      "rank": 25,
      "id": 1760,
      "score": 0.4778,
      "status": "SeedGene"
    },
    "COL5A2": {
      "rank": 26,
      "id": 1290,
      "score": 0.4767,
      "status": "SeedGene"
    },
    "LIMK1": {
      "rank": 27,
      "id": 3984,
      "score": 0.4727,
      "status": "SeedGene"
    },
    "LMNA": {
      "rank": 28,
      "id": 4000,
      "score": 0.4572,
      "status": "SeedGene"
    },
    "COL1A1": {
      "rank": 29,
      "id": 1277,
      "score": 0.4469,
      "status": "SeedGene"
    },
    "MLXIPL": {
      "rank": 30,
      "id": 51085,
      "score": 0.4466,
      "status": "SeedGene"
    },
    "PRDM5": {
      "rank": 31,
      "id": 11107,
      "score": 0.4377,
      "status": "SeedGene"
    },
    "ZNF469": {
      "rank": 32,
      "id": 84627,
      "score": 0.4377,
      "status": "SeedGene"
    },
    "HGD": {
      "rank": 33,
      "id": 3081,
      "score": 0.4295,
      "status": "SeedGene"
    },
    "COL1A2": {
      "rank": 34,
      "id": 1278,
      "score": 0.4134,
      "status": "SeedGene"
    },
    "ACTN2": {
      "rank": 35,
      "id": 88,
      "score": 0.4064,
      "status": "SeedGene"
    },
    "POLG": {
      "rank": 36,
      "id": 5428,
      "score": 0.3908,
      "status": "SeedGene"
    },
    "RFC2": {
      "rank": 37,
      "id": 5982,
      "score": 0.3902,
      "status": "SeedGene"
    },
    "PLN": {
      "rank": 38,
      "id": 5350,
      "score": 0.3773,
      "status": "SeedGene"
    },
    "ABCC9": {
      "rank": 39,
      "id": 10060,
      "score": 0.377,
      "status": "SeedGene"
    },
    "CACNA1C": {
      "rank": 40,
      "id": 775,
      "score": 0.3703,
      "status": "SeedGene"
    },
    "MYPN": {
      "rank": 41,
      "id": 84665,
      "score": 0.3631,
      "status": "SeedGene"
    },
    "GTF2I": {
      "rank": 42,
      "id": 2969,
      "score": 0.3619,
      "status": "SeedGene"
    },
    "HCN4": {
      "rank": 43,
      "id": 10021,
      "score": 0.3618,
      "status": "SeedGene"
    },
    "GTF2IRD1": {
      "rank": 44,
      "id": 9569,
      "score": 0.3563,
      "status": "SeedGene"
    },
    "CACNB2": {
      "rank": 45,
      "id": 783,
      "score": 0.3556,
      "status": "SeedGene"
    },
    "TNNT2": {
      "rank": 46,
      "id": 7139,
      "score": 0.3506,
      "status": "SeedGene"
    },
    "BAZ1B": {
      "rank": 47,
      "id": 9031,
      "score": 0.3438,
      "status": "SeedGene"
    },
    "TBL2": {
      "rank": 48,
      "id": 26608,
      "score": 0.3352,
      "status": "SeedGene"
    },
    "SLC25A4": {
      "rank": 49,
      "id": 291,
      "score": 0.3341,
      "status": "SeedGene"
    },
    "CLIP2": {
      "rank": 50,
      "id": 7461,
      "score": 0.3296,
      "status": "SeedGene"
    },
    "VCL": {
      "rank": 51,
      "id": 7414,
      "score": 0.3247,
      "status": "SeedGene"
    },
    "KCNQ1": {
      "rank": 52,
      "id": 3784,
      "score": 0.3205,
      "status": "SeedGene"
    },
    "TAB2": {
      "rank": 53,
      "id": 23118,
      "score": 0.3098,
      "status": "SeedGene"
    },
    "TNNI3": {
      "rank": 54,
      "id": 7137,
      "score": 0.3074,
      "status": "SeedGene"
    },
    "FOS": {
      "rank": 55,
      "id": 2353,
      "score": 0.3073,
      "status": "SeedGene"
    },
    "CAV1": {
      "rank": 56,
      "id": 857,
      "score": 0.3047,
      "status": "SeedGene"
    },
    "TNNC1": {
      "rank": 57,
      "id": 7134,
      "score": 0.3,
      "status": "SeedGene"
    },
    "PSEN1": {
      "rank": 58,
      "id": 5663,
      "score": 0.2997,
      "status": "SeedGene"
    },
    "DMD": {
      "rank": 59,
      "id": 1756,
      "score": 0.2989,
      "status": "SeedGene"
    },
    "NEXN": {
      "rank": 60,
      "id": 91624,
      "score": 0.2857,
      "status": "SeedGene"
    },
    "AGPAT2": {
      "rank": 61,
      "id": 10555,
      "score": 0.2837,
      "status": "SeedGene"
    },
    "PHYH": {
      "rank": 62,
      "id": 5264,
      "score": 0.2795,
      "status": "SeedGene"
    },
    "MYH6": {
      "rank": 63,
      "id": 4624,
      "score": 0.2787,
      "status": "SeedGene"
    },
    "ANK1": {
      "rank": 64,
      "id": 286,
      "score": 0.2784,
      "status": "SeedGene"
    },
    "TPM1": {
      "rank": 65,
      "id": 7168,
      "score": 0.2769,
      "status": "SeedGene"
    },
    "PSEN2": {
      "rank": 66,
      "id": 5664,
      "score": 0.2764,
      "status": "SeedGene"
    },
    "SCN1B": {
      "rank": 67,
      "id": 6324,
      "score": 0.276,
      "status": "SeedGene"
    },
    "MFAP5": {
      "rank": 68,
      "id": 8076,
      "score": 0.2757,
      "status": "SeedGene"
    },
    "SMAD4": {
      "rank": 69,
      "id": 4089,
      "score": 0.272,
      "status": "SeedGene"
    },
    "CSRP3": {
      "rank": 70,
      "id": 8048,
      "score": 0.2685,
      "status": "SeedGene"
    },
    "TAZ": {
      "rank": 71,
      "id": 6901,
      "score": 0.2657,
      "status": "SeedGene"
    },
    "DES": {
      "rank": 72,
      "id": 1674,
      "score": 0.2628,
      "status": "SeedGene"
    },
    "PRKAG2": {
      "rank": 73,
      "id": 51422,
      "score": 0.2607,
      "status": "SeedGene"
    },
    "COL3A1": {
      "rank": 74,
      "id": 1281,
      "score": 0.2585,
      "status": "SeedGene"
    },
    "LAT2": {
      "rank": 75,
      "id": 7462,
      "score": 0.2578,
      "status": "SeedGene"
    },
    "EIF4H": {
      "rank": 76,
      "id": 7458,
      "score": 0.2568,
      "status": "SeedGene"
    },
    "SLC29A3": {
      "rank": 77,
      "id": 55315,
      "score": 0.2559,
      "status": "SeedGene"
    },
    "MMP2": {
      "rank": 78,
      "id": 4313,
      "score": 0.254,
      "status": "SeedGene"
    },
    "PEX7": {
      "rank": 79,
      "id": 5191,
      "score": 0.2482,
      "status": "SeedGene"
    },
    "NKX2-5": {
      "rank": 80,
      "id": 1482,
      "score": 0.2475,
      "status": "SeedGene"
    },
    "TGFB1": {
      "rank": 81,
      "id": 7040,
      "score": 0.2454,
      "status": "SeedGene"
    },
    "MYBPC3": {
      "rank": 82,
      "id": 4607,
      "score": 0.2439,
      "status": "SeedGene"
    },
    "FKBP6": {
      "rank": 83,
      "id": 8468,
      "score": 0.2409,
      "status": "SeedGene"
    },
    "TPM3": {
      "rank": 84,
      "id": 7170,
      "score": 0.2409,
      "status": "SeedGene"
    },
    "XYLT1": {
      "rank": 85,
      "id": 64131,
      "score": 0.2402,
      "status": "SeedGene"
    },
    "ACTC1": {
      "rank": 86,
      "id": 70,
      "score": 0.2383,
      "status": "SeedGene"
    },
    "XYLT2": {
      "rank": 87,
      "id": 64132,
      "score": 0.2367,
      "status": "SeedGene"
    },
    "PLD1": {
      "rank": 88,
      "id": 5337,
      "score": 0.2355,
      "status": "SeedGene"
    },
    "DSG2": {
      "rank": 89,
      "id": 1829,
      "score": 0.2314,
      "status": "SeedGene"
    },
    "RYR2": {
      "rank": 90,
      "id": 6262,
      "score": 0.2312,
      "status": "SeedGene"
    },
    "MAP3K7": {
      "rank": 91,
      "id": 6885,
      "score": 0.2301,
      "status": "SeedGene"
    },
    "RPS6KA3": {
      "rank": 92,
      "id": 6197,
      "score": 0.2296,
      "status": "SeedGene"
    },
    "SCN4B": {
      "rank": 93,
      "id": 6330,
      "score": 0.2296,
      "status": "SeedGene"
    },
    "ANK2": {
      "rank": 94,
      "id": 287,
      "score": 0.2276,
      "status": "SeedGene"
    },
    "NPPA": {
      "rank": 95,
      "id": 4878,
      "score": 0.2274,
      "status": "SeedGene"
    },
    "LAMA4": {
      "rank": 96,
      "id": 3910,
      "score": 0.2265,
      "status": "SeedGene"
    },
    "TCAP": {
      "rank": 97,
      "id": 8557,
      "score": 0.2264,
      "status": "SeedGene"
    },
    "GATAD1": {
      "rank": 98,
      "id": 57798,
      "score": 0.223,
      "status": "SeedGene"
    },
    "RYR1": {
      "rank": 99,
      "id": 6261,
      "score": 0.2228,
      "status": "SeedGene"
    },
    "MAP2K1": {
      "rank": 100,
      "id": 5604,
      "score": 0.2218,
      "status": "SeedGene"
    }
  }
}