{
  "query": {
    "HP:0012443": {
      "id": "HP:0012443",
      "status": "ok",
      "target": [
        "HP:0012443"
      ]
    },
    "HP:0001263": {
      "id": "HP:0001263",
      "status": "ok",
      "target": [
        "HP:0001263"
      ]
    },
    "HP:0001347": {
      "id": "HP:0001347",
      "status": "ok",
      "target": [
        "HP:0001347"
      ]
    },
    "HP:0001257": {
      "id": "HP:0001257",
      "status": "ok",
      "target": [
        "HP:0001257"
      ]
    },
    "HP:0002136": {
      "id": "HP:0002136",
      "status": "ok",
      "target": [
        "HP:0002136"
      ]
    }
  },
  "response": {
    "UBE3A": {
      "rank": 1,
      "id": 7337,
      "score": 1.0,
      "status": "SeedGene"
    },
    "ATP10A": {
      "rank": 2,
      "id": 57194,
      "score": 0.3884,
      "status": "SeedGene"
    },
    "CYFIP1": {
      "rank": 3,
      "id": 23191,
      "score": 0.3425,
      "status": "SeedGene"
    },
    "OCA2": {
      "rank": 4,
      "id": 4948,
      "score": 0.3355,
      "status": "SeedGene"
    },
    "SNRPN": {
      "rank": 5,
      "id": 6638,
      "score": 0.328,
      "status": "SeedGene"
    },
    "SHANK3": {
      "rank": 6,
      "id": 85358,
      "score": 0.3176,
      "status": "SeedGene"
    },
    "TBP": {
      "rank": 7,
      "id": 6908,
      "score": 0.2632,
      "status": "SeedGene"
    },
    "SMS": {
      "rank": 8,
      "id": 6611,
      "score": 0.2333,
      "status": "SeedGene"
    },
    "VLDLR": {
      "rank": 9,
      "id": 7436,
      "score": 0.228,
      "status": "SeedGene"
    },
    "ATP8A2": {
      "rank": 10,
      "id": 51761,
      "score": 0.2045,
      "status": "SeedGene"
    },
    "ATCAY": {
      "rank": 11,
      "id": 85300,
      "score": 0.1728,
      "status": "SeedGene"
    },
    "ITPR1": {
      "rank": 12,
      "id": 3708,
      "score": 0.1718,
      "status": "SeedGene"
    },
    "KMT2A": {
      "rank": 13,
      "id": 4297,
      "score": 0.1688,
      "status": "SeedGene"
    },
    "COX10": {
      "rank": 14,
      "id": 1352,
      "score": 0.1597,
      "status": "SeedGene"
    },
    "CA8": {
      "rank": 15,
      "id": 767,
      "score": 0.1569,
      "status": "SeedGene"
    },
    "CYP27A1": {
      "rank": 16,
      "id": 1593,
      "score": 0.1538,
      "status": "SeedGene"
    },
    "SLC16A2": {
      "rank": 17,
      "id": 6567,
      "score": 0.1471,
      "status": "SeedGene"
    },
    "SURF1": {
      "rank": 18,
      "id": 6834,
      "score": 0.1452,
      "status": "SeedGene"
    },
    "COQ2": {
      "rank": 19,
      "id": 27235,
      "score": 0.1421,
      "status": "SeedGene"
    },
    "HPRT1": {
      "rank": 20,
      "id": 3251,
      "score": 0.1415,
      "status": "SeedGene"
    },
    "WDR81": {
      "rank": 21,
      "id": 124997,
      "score": 0.1407,
      "status": "SeedGene"
    },
    "ARG1": {
      "rank": 22,
      "id": 383,
      "score": 0.132,
      "status": "SeedGene"
    },
    "ARSA": {
      "rank": 23,
      "id": 410,
      "score": 0.1304,
      "status": "SeedGene"
    },
    "EZH2": {
      "rank": 24,
      "id": 2146,
      "score": 0.1298,
      "status": "SeedGene"
    },
    "MECP2": {
      "rank": 25,
      "id": 4204,
      "score": 0.129,
      "status": "SeedGene"
    },
    "EP300": {
      "rank": 26,
      "id": 2033,
      "score": 0.1281,
      "status": "SeedGene"
    },
    "PLP1": {
      "rank": 27,
      "id": 5354,
      "score": 0.1272,
      "status": "SeedGene"
    },
    "PDHA1": {
      "rank": 28,
      "id": 5160,
      "score": 0.1257,
      "status": "SeedGene"
    },
    "SLC2A1": {
      "rank": 29,
      "id": 6513,
      "score": 0.1222,
      "status": "SeedGene"
    },
    "SDHA": {
      "rank": 30,
      "id": 6389,
      "score": 0.1209,
      "status": "SeedGene"
    },
    "IKBKG": {
      "rank": 31,
      "id": 8517,
      "score": 0.1204,
      "status": "SeedGene"
    },
    "PEX5": {
      "rank": 32,
      "id": 5830,
      "score": 0.1203,
      "status": "SeedGene"
    },
    "HTT": {
      "rank": 33,
      "id": 3064,
      "score": 0.1202,
      "status": "SeedGene"
    },
    "NDUFS1": {
      "rank": 34,
      "id": 4719,
      "score": 0.1201,
      "status": "SeedGene"
    },
    "NDUFS8": {
      "rank": 35,
      "id": 4728,
      "score": 0.1201,
      "status": "SeedGene"
    },
    "NDUFS3": {
      "rank": 36,
      "id": 4722,
      "score": 0.12,
      "status": "SeedGene"
    },
    "NDUFA10": {
      "rank": 37,
      "id": 4705,
      "score": 0.12,
      "status": "SeedGene"
    },
    "NDUFV1": {
      "rank": 38,
      "id": 4723,
      "score": 0.12,
      "status": "SeedGene"
    },
    "NDUFA2": {
      "rank": 39,
      "id": 4695,
      "score": 0.12,
      "status": "SeedGene"
    },
    "NDUFS7": {
      "rank": 40,
      "id": 374291,
      "score": 0.12,
      "status": "SeedGene"
    },
    "NDUFS4": {
      "rank": 41,
      "id": 4724,
      "score": 0.12,
      "status": "SeedGene"
    },
    "YWHAG": {
      "rank": 42,
      "id": 7532,
      "score": 0.1186,
      "status": "SeedGene"
    },
    "PAFAH1B1": {
      "rank": 43,
      "id": 5048,
      "score": 0.1181,
      "status": "SeedGene"
    },
    "COX15": {
      "rank": 44,
      "id": 1355,
      "score": 0.1176,
      "status": "SeedGene"
    },
    "FA2H": {
      "rank": 45,
      "id": 79152,
      "score": 0.1171,
      "status": "SeedGene"
    },
    "TP53": {
      "rank": 46,
      "id": 7157,
      "score": 0.1168,
      "status": "SeedGene"
    },
    "CREBBP": {
      "rank": 47,
      "id": 1387,
      "score": 0.1155,
      "status": "SeedGene"
    },
    "GFAP": {
      "rank": 48,
      "id": 2670,
      "score": 0.1154,
      "status": "SeedGene"
    },
    "ELN": {
      "rank": 49,
      "id": 2006,
      "score": 0.1146,
      "status": "SeedGene"
    },
    "ALS2": {
      "rank": 50,
      "id": 57679,
      "score": 0.1125,
      "status": "SeedGene"
    },
    "SUMF1": {
      "rank": 51,
      "id": 285362,
      "score": 0.1122,
      "status": "SeedGene"
    },
    "NSD1": {
      "rank": 52,
      "id": 64324,
      "score": 0.1121,
      "status": "SeedGene"
    },
    "PIK3CA": {
      "rank": 53,
      "id": 5290,
      "score": 0.112,
      "status": "SeedGene"
    },
    "MCOLN1": {
      "rank": 54,
      "id": 57192,
      "score": 0.1108,
      "status": "SeedGene"
    },
    "ACOX1": {
      "rank": 55,
      "id": 51,
      "score": 0.1091,
      "status": "SeedGene"
    },
    "GALC": {
      "rank": 56,
      "id": 2581,
      "score": 0.1088,
      "status": "SeedGene"
    },
    "AKT1": {
      "rank": 57,
      "id": 207,
      "score": 0.1086,
      "status": "SeedGene"
    },
    "ADSL": {
      "rank": 58,
      "id": 158,
      "score": 0.1085,
      "status": "SeedGene"
    },
    "SLC17A5": {
      "rank": 59,
      "id": 26503,
      "score": 0.1075,
      "status": "SeedGene"
    },
    "RARS2": {
      "rank": 60,
      "id": 57038,
      "score": 0.107,
      "status": "SeedGene"
    },
    "DLD": {
      "rank": 61,
      "id": 1738,
      "score": 0.1064,
      "status": "SeedGene"
    },
    "SMPD1": {
      "rank": 62,
      "id": 6609,
      "score": 0.1057,
      "status": "SeedGene"
    },
    "PTEN": {
      "rank": 63,
      "id": 5728,
      "score": 0.1052,
      "status": "SeedGene"
    },
    "COX6B1": {
      "rank": 64,
      "id": 1340,
      "score": 0.1049,
      "status": "SeedGene"
    },
    "SPG11": {
      "rank": 65,
      "id": 80208,
      "score": 0.1047,
      "status": "SeedGene"
    },
    "AAAS": {
      "rank": 66,
      "id": 8086,
      "score": 0.1047,
      "status": "SeedGene"
    },
    "FGFR3": {
      "rank": 67,
      "id": 2261,
      "score": 0.1039,
      "status": "SeedGene"
    },
    "GAMT": {
      "rank": 68,
      "id": 2593,
      "score": 0.1037,
      "status": "SeedGene"
    },
    "ABCD1": {
      "rank": 69,
      "id": 215,
      "score": 0.1034,
      "status": "SeedGene"
    },
    "UBB": {
      "rank": 70,
      "id": 7314,
      "score": 0.103,
      "status": "Predicted"
    },
    "GBA": {
      "rank": 71,
      "id": 2629,
      "score": 0.1025,
      "status": "SeedGene"
    },
    "SLC19A3": {
      "rank": 72,
      "id": 80704,
      "score": 0.1023,
      "status": "SeedGene"
    },
    "RPS27A": {
      "rank": 73,
      "id": 6233,
      "score": 0.1009,
      "status": "Predicted"
    },
    "UBA52": {
      "rank": 74,
      "id": 7311,
      "score": 0.1008,
      "status": "Predicted"
    },
    "PRKACA": {
      "rank": 75,
      "id": 5566,
      "score": 0.1008,
      "status": "Predicted"
    },
    "GPT2": {
      "rank": 76,
      "id": 84706,
      "score": 0.1004,
      "status": "SeedGene"
    },
    "TTR": {
      "rank": 77,
      "id": 7276,
      "score": 0.1002,
      "status": "SeedGene"
    },
    "GBA2": {
      "rank": 78,
      "id": 57704,
      "score": 0.1002,
      "status": "SeedGene"
    },
    "MED12": {
      "rank": 79,
      "id": 9968,
      "score": 0.1,
      "status": "SeedGene"
    },
    "L1CAM": {
      "rank": 80,
      "id": 3897,
      "score": 0.1,
      "status": "SeedGene"
    },
    "TRPV4": {
      "rank": 81,
      "id": 59341,
      "score": 0.0996,
      "status": "SeedGene"
    },
    "UBC": {
      "rank": 82,
      "id": 7316,
      "score": 0.0994,
      "status": "Predicted"
    },
    "PAH": {
      "rank": 83,
      "id": 5053,
      "score": 0.0993,
      "status": "SeedGene"
    },
    "CALM1": {
      "rank": 84,
      "id": 801,
      "score": 0.0993,
      "status": "Predicted"
    },
    "CALM2": {
      "rank": 85,
      "id": 805,
      "score": 0.0991,
      "status": "Predicted"
    },
    "PIGL": {
      "rank": 86,
      "id": 9487,
      "score": 0.0989,
      "status": "SeedGene"
    },
    "SCO2": {
      "rank": 87,
      "id": 9997,
      "score": 0.0988,
      "status": "SeedGene"
    },
    "STAMBP": {
      "rank": 88,
      "id": 10617,
      "score": 0.0984,
      "status": "SeedGene"
    },
    "CALM3": {
      "rank": 89,
      "id": 808,
      "score": 0.0983,
      "status": "Predicted"
    },
    "NPC2": {
      "rank": 90,
      "id": 10577,
      "score": 0.0982,
      "status": "SeedGene"
    },
    "GPHN": {
      "rank": 91,
      "id": 10243,
      "score": 0.0978,
      "status": "SeedGene"
    },
    "APP": {
      "rank": 92,
      "id": 351,
      "score": 0.0975,
      "status": "SeedGene"
    },
    "MAN1B1": {
      "rank": 93,
      "id": 11253,
      "score": 0.0973,
      "status": "SeedGene"
    },
    "ERCC2": {
      "rank": 94,
      "id": 2068,
      "score": 0.0971,
      "status": "SeedGene"
    },
    "GTF2E2": {
      "rank": 95,
      "id": 2961,
      "score": 0.0969,
      "status": "SeedGene"
    },
    "PDHX": {
      "rank": 96,
      "id": 8050,
      "score": 0.0966,
      "status": "SeedGene"
    },
    "FGFR2": {
      "rank": 97,
      "id": 2263,
      "score": 0.096,
      "status": "SeedGene"
    },
    "DHCR24": {
      "rank": 98,
      "id": 1718,
      "score": 0.096,
      "status": "SeedGene"
    },
    "KRAS": {
      "rank": 99,
      "id": 3845,
      "score": 0.0954,
      "status": "SeedGene"
    },
    "PEX19": {
      "rank": 100,
      "id": 5824,
      "score": 0.0946,
      "status": "SeedGene"
    }
  }
}