{
  "query": {
    "HP:0000365": {
      "id": "HP:0000365",
      "status": "ok",
      "target": [
        "HP:0000365"
      ]
    },
    "HP:0001263": {
      "id": "HP:0001263",
      "status": "ok",
      "target": [
        "HP:0001263"
      ]
    },
    "HP:0012469": {
      "id": "HP:0012469",
      "status": "ok",
      "target": [
        "HP:0012469"
      ]
    },
    "HP:0001250": {
      "id": "HP:0001250",
      "status": "ok",
      "target": [
        "HP:0001250"
      ]
    }
  },
  "response": {
    "TSC2": {
      "rank": 1,
      "id": 7249,
      "score": 1.0,
      "status": "SeedGene"
    },
    "TSC1": {
      "rank": 2,
      "id": 7248,
      "score": 0.9907,
      "status": "SeedGene"
    },
    "PAFAH1B1": {
      "rank": 3,
      "id": 5048,
      "score": 0.4235,
      "status": "SeedGene"
    },
    "PLCB1": {
      "rank": 4,
      "id": 23236,
      "score": 0.2932,
      "status": "SeedGene"
    },
    "IFNG": {
      "rank": 5,
      "id": 3458,
      "score": 0.2782,
      "status": "SeedGene"
    },
    "SLC19A3": {
      "rank": 6,
      "id": 80704,
      "score": 0.2759,
      "status": "SeedGene"
    },
    "ST3GAL3": {
      "rank": 7,
      "id": 6487,
      "score": 0.2711,
      "status": "SeedGene"
    },
    "SPTAN1": {
      "rank": 8,
      "id": 6709,
      "score": 0.2707,
      "status": "SeedGene"
    },
    "GRIN2B": {
      "rank": 9,
      "id": 2904,
      "score": 0.2683,
      "status": "SeedGene"
    },
    "GNAO1": {
      "rank": 10,
      "id": 2775,
      "score": 0.2601,
      "status": "SeedGene"
    },
    "ALG13": {
      "rank": 11,
      "id": 79868,
      "score": 0.2583,
      "status": "SeedGene"
    },
    "PIGQ": {
      "rank": 12,
      "id": 9091,
      "score": 0.2552,
      "status": "SeedGene"
    },
    "PIGA": {
      "rank": 13,
      "id": 5277,
      "score": 0.2541,
      "status": "SeedGene"
    },
    "PIGP": {
      "rank": 14,
      "id": 51227,
      "score": 0.252,
      "status": "SeedGene"
    },
    "SCN2A": {
      "rank": 15,
      "id": 6326,
      "score": 0.2508,
      "status": "SeedGene"
    },
    "CDKL5": {
      "rank": 16,
      "id": 6792,
      "score": 0.2503,
      "status": "SeedGene"
    },
    "NTRK2": {
      "rank": 17,
      "id": 4915,
      "score": 0.2464,
      "status": "SeedGene"
    },
    "STXBP1": {
      "rank": 18,
      "id": 6812,
      "score": 0.2454,
      "status": "SeedGene"
    },
    "HIBCH": {
      "rank": 19,
      "id": 26275,
      "score": 0.2428,
      "status": "SeedGene"
    },
    "ND6": {
      "rank": 20,
      "id": 8923198,
      "score": 0.2391,
      "status": "SeedGene"
    },
    "ND2": {
      "rank": 21,
      "id": 8923212,
      "score": 0.2391,
      "status": "SeedGene"
    },
    "ND5": {
      "rank": 22,
      "id": 8923210,
      "score": 0.2391,
      "status": "SeedGene"
    },
    "ND3": {
      "rank": 23,
      "id": 8923206,
      "score": 0.2391,
      "status": "SeedGene"
    },
    "ND4": {
      "rank": 24,
      "id": 8923197,
      "score": 0.2391,
      "status": "SeedGene"
    },
    "ND1": {
      "rank": 25,
      "id": 8923209,
      "score": 0.2391,
      "status": "SeedGene"
    },
    "SLC35A2": {
      "rank": 26,
      "id": 7355,
      "score": 0.2381,
      "status": "SeedGene"
    },
    "SLC25A22": {
      "rank": 27,
      "id": 79751,
      "score": 0.2351,
      "status": "SeedGene"
    },
    "TUBA8": {
      "rank": 28,
      "id": 51807,
      "score": 0.2342,
      "status": "SeedGene"
    },
    "KIF1A": {
      "rank": 29,
      "id": 547,
      "score": 0.2291,
      "status": "SeedGene"
    },
    "ARX": {
      "rank": 30,
      "id": 170302,
      "score": 0.2287,
      "status": "SeedGene"
    },
    "CASK": {
      "rank": 31,
      "id": 8573,
      "score": 0.2252,
      "status": "SeedGene"
    },
    "NGLY1": {
      "rank": 32,
      "id": 55768,
      "score": 0.2249,
      "status": "SeedGene"
    },
    "TRIM8": {
      "rank": 33,
      "id": 81603,
      "score": 0.2246,
      "status": "SeedGene"
    },
    "TRNV": {
      "rank": 34,
      "id": 8923185,
      "score": 0.2235,
      "status": "SeedGene"
    },
    "TRNL1": {
      "rank": 35,
      "id": 4567,
      "score": 0.2235,
      "status": "SeedGene"
    },
    "TRNW": {
      "rank": 36,
      "id": 8923194,
      "score": 0.2235,
      "status": "SeedGene"
    },
    "TRNK": {
      "rank": 37,
      "id": 8923190,
      "score": 0.2235,
      "status": "SeedGene"
    },
    "SIK1": {
      "rank": 38,
      "id": 150094,
      "score": 0.2225,
      "status": "SeedGene"
    },
    "KCNA1": {
      "rank": 39,
      "id": 3736,
      "score": 0.2222,
      "status": "SeedGene"
    },
    "CNPY3": {
      "rank": 40,
      "id": 10695,
      "score": 0.217,
      "status": "SeedGene"
    },
    "CLCN4": {
      "rank": 41,
      "id": 1183,
      "score": 0.214,
      "status": "SeedGene"
    },
    "ACTL6B": {
      "rank": 42,
      "id": 51412,
      "score": 0.2112,
      "status": "SeedGene"
    },
    "PNKP": {
      "rank": 43,
      "id": 11284,
      "score": 0.2096,
      "status": "SeedGene"
    },
    "NEUROD2": {
      "rank": 44,
      "id": 4761,
      "score": 0.2095,
      "status": "SeedGene"
    },
    "ATP6": {
      "rank": 45,
      "id": 8923188,
      "score": 0.209,
      "status": "SeedGene"
    },
    "ZNHIT3": {
      "rank": 46,
      "id": 9326,
      "score": 0.2084,
      "status": "SeedGene"
    },
    "PHACTR1": {
      "rank": 47,
      "id": 221692,
      "score": 0.2069,
      "status": "SeedGene"
    },
    "GUF1": {
      "rank": 48,
      "id": 60558,
      "score": 0.2036,
      "status": "SeedGene"
    },
    "FGFR3": {
      "rank": 49,
      "id": 2261,
      "score": 0.1883,
      "status": "SeedGene"
    },
    "PIK3CA": {
      "rank": 50,
      "id": 5290,
      "score": 0.1293,
      "status": "SeedGene"
    },
    "EP300": {
      "rank": 51,
      "id": 2033,
      "score": 0.1265,
      "status": "SeedGene"
    },
    "FGFR2": {
      "rank": 52,
      "id": 2263,
      "score": 0.1245,
      "status": "SeedGene"
    },
    "AKT1": {
      "rank": 53,
      "id": 207,
      "score": 0.1238,
      "status": "SeedGene"
    },
    "CDKN2A": {
      "rank": 54,
      "id": 1029,
      "score": 0.1226,
      "status": "Predicted"
    },
    "AAAS": {
      "rank": 55,
      "id": 8086,
      "score": 0.121,
      "status": "SeedGene"
    },
    "LRP2": {
      "rank": 56,
      "id": 4036,
      "score": 0.1195,
      "status": "SeedGene"
    },
    "CALM1": {
      "rank": 57,
      "id": 801,
      "score": 0.1194,
      "status": "SeedGene"
    },
    "PRPS1": {
      "rank": 58,
      "id": 5631,
      "score": 0.1193,
      "status": "SeedGene"
    },
    "RAF1": {
      "rank": 59,
      "id": 5894,
      "score": 0.1188,
      "status": "SeedGene"
    },
    "CALM2": {
      "rank": 60,
      "id": 805,
      "score": 0.1179,
      "status": "SeedGene"
    },
    "PTEN": {
      "rank": 61,
      "id": 5728,
      "score": 0.1178,
      "status": "SeedGene"
    },
    "PIK3R1": {
      "rank": 62,
      "id": 5295,
      "score": 0.1163,
      "status": "SeedGene"
    },
    "PDHA1": {
      "rank": 63,
      "id": 5160,
      "score": 0.1156,
      "status": "SeedGene"
    },
    "CALM3": {
      "rank": 64,
      "id": 808,
      "score": 0.1145,
      "status": "Predicted"
    },
    "CREBBP": {
      "rank": 65,
      "id": 1387,
      "score": 0.1106,
      "status": "SeedGene"
    },
    "ACTB": {
      "rank": 66,
      "id": 60,
      "score": 0.1106,
      "status": "SeedGene"
    },
    "SLC2A1": {
      "rank": 67,
      "id": 6513,
      "score": 0.1104,
      "status": "SeedGene"
    },
    "SMAD4": {
      "rank": 68,
      "id": 4089,
      "score": 0.1104,
      "status": "SeedGene"
    },
    "NDUFS1": {
      "rank": 69,
      "id": 4719,
      "score": 0.1095,
      "status": "SeedGene"
    },
    "NDUFS8": {
      "rank": 70,
      "id": 4728,
      "score": 0.1094,
      "status": "SeedGene"
    },
    "NDUFS4": {
      "rank": 71,
      "id": 4724,
      "score": 0.1093,
      "status": "SeedGene"
    },
    "NDUFV1": {
      "rank": 72,
      "id": 4723,
      "score": 0.1093,
      "status": "SeedGene"
    },
    "NDUFS7": {
      "rank": 73,
      "id": 374291,
      "score": 0.1093,
      "status": "SeedGene"
    },
    "NDUFS3": {
      "rank": 74,
      "id": 4722,
      "score": 0.1093,
      "status": "SeedGene"
    },
    "NDUFA10": {
      "rank": 75,
      "id": 4705,
      "score": 0.1093,
      "status": "SeedGene"
    },
    "NDUFA2": {
      "rank": 76,
      "id": 4695,
      "score": 0.1093,
      "status": "SeedGene"
    },
    "PEX19": {
      "rank": 77,
      "id": 5824,
      "score": 0.1081,
      "status": "SeedGene"
    },
    "INS": {
      "rank": 78,
      "id": 3630,
      "score": 0.1079,
      "status": "SeedGene"
    },
    "PRKACA": {
      "rank": 79,
      "id": 5566,
      "score": 0.107,
      "status": "Predicted"
    },
    "COX10": {
      "rank": 80,
      "id": 1352,
      "score": 0.1068,
      "status": "SeedGene"
    },
    "GNB1": {
      "rank": 81,
      "id": 2782,
      "score": 0.1066,
      "status": "SeedGene"
    },
    "TP53": {
      "rank": 82,
      "id": 7157,
      "score": 0.1064,
      "status": "SeedGene"
    },
    "ARG1": {
      "rank": 83,
      "id": 383,
      "score": 0.1057,
      "status": "SeedGene"
    },
    "AKT3": {
      "rank": 84,
      "id": 10000,
      "score": 0.1052,
      "status": "SeedGene"
    },
    "MAPK1": {
      "rank": 85,
      "id": 5594,
      "score": 0.1046,
      "status": "SeedGene"
    },
    "BRAF": {
      "rank": 86,
      "id": 673,
      "score": 0.1037,
      "status": "SeedGene"
    },
    "GNB3": {
      "rank": 87,
      "id": 2784,
      "score": 0.1031,
      "status": "Predicted"
    },
    "NDUFA4": {
      "rank": 88,
      "id": 4697,
      "score": 0.1022,
      "status": "SeedGene"
    },
    "PIK3R2": {
      "rank": 89,
      "id": 5296,
      "score": 0.1019,
      "status": "SeedGene"
    },
    "GNB2": {
      "rank": 90,
      "id": 2783,
      "score": 0.101,
      "status": "Predicted"
    },
    "UBB": {
      "rank": 91,
      "id": 7314,
      "score": 0.1005,
      "status": "SeedGene"
    },
    "GCK": {
      "rank": 92,
      "id": 2645,
      "score": 0.1003,
      "status": "SeedGene"
    },
    "SURF1": {
      "rank": 93,
      "id": 6834,
      "score": 0.1002,
      "status": "SeedGene"
    },
    "PPP2CA": {
      "rank": 94,
      "id": 5515,
      "score": 0.0998,
      "status": "SeedGene"
    },
    "GNB4": {
      "rank": 95,
      "id": 59345,
      "score": 0.0993,
      "status": "Predicted"
    },
    "HRAS": {
      "rank": 96,
      "id": 3265,
      "score": 0.0991,
      "status": "SeedGene"
    },
    "PDGFRB": {
      "rank": 97,
      "id": 5159,
      "score": 0.0987,
      "status": "SeedGene"
    },
    "SEH1L": {
      "rank": 98,
      "id": 81929,
      "score": 0.0987,
      "status": "Predicted"
    },
    "KRAS": {
      "rank": 99,
      "id": 3845,
      "score": 0.0986,
      "status": "SeedGene"
    },
    "PRKCA": {
      "rank": 100,
      "id": 5578,
      "score": 0.0983,
      "status": "Predicted"
    }
  }
}