{
  "query": {
    "HP:0002019": {
      "id": "HP:0002019",
      "status": "ok",
      "target": [
        "HP:0002019"
      ]
    },
    "HP:0001263": {
      "id": "HP:0001263",
      "status": "ok",
      "target": [
        "HP:0001263"
      ]
    },
    "HP:0000824": {
      "id": "HP:0000824",
      "status": "ok",
      "target": [
        "HP:0000824"
      ]
    },
    "HP:0000126": {
      "id": "HP:0000126",
      "status": "ok",
      "target": [
        "HP:0000126"
      ]
    },
    "HP:0001250": {
      "id": "HP:0001250",
      "status": "ok",
      "target": [
        "HP:0001250"
      ]
    },
    "HP:0004322": {
      "id": "HP:0004322",
      "status": "ok",
      "target": [
        "HP:0004322"
      ]
    },
    "HP:0000074": {
      "id": "HP:0000074",
      "status": "ok",
      "target": [
        "HP:0000074"
      ]
    }
  },
  "response": {
    "DHCR7": {
      "rank": 1,
      "id": 1717,
      "score": 1.0,
      "status": "SeedGene"
    },
    "HOXA13": {
      "rank": 2,
      "id": 3209,
      "score": 0.6078,
      "status": "SeedGene"
    },
    "KDM6A": {
      "rank": 3,
      "id": 7403,
      "score": 0.5617,
      "status": "SeedGene"
    },
    "KMT2D": {
      "rank": 4,
      "id": 8085,
      "score": 0.5278,
      "status": "SeedGene"
    },
    "GLI3": {
      "rank": 5,
      "id": 2737,
      "score": 0.4123,
      "status": "SeedGene"
    },
    "HNF1B": {
      "rank": 6,
      "id": 6928,
      "score": 0.3676,
      "status": "SeedGene"
    },
    "GH1": {
      "rank": 7,
      "id": 2688,
      "score": 0.3501,
      "status": "SeedGene"
    },
    "SLC29A3": {
      "rank": 8,
      "id": 55315,
      "score": 0.3388,
      "status": "SeedGene"
    },
    "VPS13B": {
      "rank": 9,
      "id": 157680,
      "score": 0.324,
      "status": "SeedGene"
    },
    "SMARCA4": {
      "rank": 10,
      "id": 6597,
      "score": 0.3086,
      "status": "SeedGene"
    },
    "CHD7": {
      "rank": 11,
      "id": 55636,
      "score": 0.3017,
      "status": "SeedGene"
    },
    "SMARCB1": {
      "rank": 12,
      "id": 6598,
      "score": 0.2968,
      "status": "SeedGene"
    },
    "TCF4": {
      "rank": 13,
      "id": 6925,
      "score": 0.2902,
      "status": "SeedGene"
    },
    "IGF2": {
      "rank": 14,
      "id": 3481,
      "score": 0.2893,
      "status": "SeedGene"
    },
    "FLNA": {
      "rank": 15,
      "id": 2316,
      "score": 0.2809,
      "status": "SeedGene"
    },
    "ARID1B": {
      "rank": 16,
      "id": 57492,
      "score": 0.2684,
      "status": "SeedGene"
    },
    "FGFR2": {
      "rank": 17,
      "id": 2263,
      "score": 0.267,
      "status": "SeedGene"
    },
    "NBN": {
      "rank": 18,
      "id": 4683,
      "score": 0.2653,
      "status": "SeedGene"
    },
    "ARID1A": {
      "rank": 19,
      "id": 8289,
      "score": 0.263,
      "status": "SeedGene"
    },
    "PORCN": {
      "rank": 20,
      "id": 64840,
      "score": 0.2621,
      "status": "SeedGene"
    },
    "SMARCE1": {
      "rank": 21,
      "id": 6605,
      "score": 0.2601,
      "status": "SeedGene"
    },
    "CDKN2A": {
      "rank": 22,
      "id": 1029,
      "score": 0.2592,
      "status": "Predicted"
    },
    "KAT6B": {
      "rank": 23,
      "id": 23522,
      "score": 0.2417,
      "status": "SeedGene"
    },
    "ALMS1": {
      "rank": 24,
      "id": 7840,
      "score": 0.2385,
      "status": "SeedGene"
    },
    "H19": {
      "rank": 25,
      "id": 283120,
      "score": 0.2376,
      "status": "SeedGene"
    },
    "NSDHL": {
      "rank": 26,
      "id": 50814,
      "score": 0.2308,
      "status": "SeedGene"
    },
    "EDNRB": {
      "rank": 27,
      "id": 1910,
      "score": 0.2277,
      "status": "SeedGene"
    },
    "MKKS": {
      "rank": 28,
      "id": 8195,
      "score": 0.2277,
      "status": "SeedGene"
    },
    "RAP1A": {
      "rank": 29,
      "id": 5906,
      "score": 0.2156,
      "status": "SeedGene"
    },
    "EDN3": {
      "rank": 30,
      "id": 1908,
      "score": 0.2089,
      "status": "SeedGene"
    },
    "SEMA3E": {
      "rank": 31,
      "id": 9723,
      "score": 0.2077,
      "status": "SeedGene"
    },
    "ATP7A": {
      "rank": 32,
      "id": 538,
      "score": 0.2066,
      "status": "SeedGene"
    },
    "ROR2": {
      "rank": 33,
      "id": 4920,
      "score": 0.2018,
      "status": "SeedGene"
    },
    "RAP1B": {
      "rank": 34,
      "id": 5908,
      "score": 0.1958,
      "status": "SeedGene"
    },
    "CDKN1C": {
      "rank": 35,
      "id": 1028,
      "score": 0.193,
      "status": "SeedGene"
    },
    "PIGL": {
      "rank": 36,
      "id": 9487,
      "score": 0.1911,
      "status": "SeedGene"
    },
    "XDH": {
      "rank": 37,
      "id": 7498,
      "score": 0.1907,
      "status": "SeedGene"
    },
    "EP300": {
      "rank": 38,
      "id": 2033,
      "score": 0.1906,
      "status": "SeedGene"
    },
    "SALL4": {
      "rank": 39,
      "id": 57167,
      "score": 0.1889,
      "status": "SeedGene"
    },
    "KRAS": {
      "rank": 40,
      "id": 3845,
      "score": 0.1886,
      "status": "SeedGene"
    },
    "KANSL1": {
      "rank": 41,
      "id": 284058,
      "score": 0.1877,
      "status": "SeedGene"
    },
    "SHH": {
      "rank": 42,
      "id": 6469,
      "score": 0.1858,
      "status": "SeedGene"
    },
    "CREBBP": {
      "rank": 43,
      "id": 1387,
      "score": 0.1855,
      "status": "SeedGene"
    },
    "RET": {
      "rank": 44,
      "id": 5979,
      "score": 0.1803,
      "status": "SeedGene"
    },
    "TSHR": {
      "rank": 45,
      "id": 7253,
      "score": 0.1789,
      "status": "SeedGene"
    },
    "FGFR3": {
      "rank": 46,
      "id": 2261,
      "score": 0.1776,
      "status": "SeedGene"
    },
    "GDNF": {
      "rank": 47,
      "id": 2668,
      "score": 0.1769,
      "status": "SeedGene"
    },
    "GHRHR": {
      "rank": 48,
      "id": 2692,
      "score": 0.1757,
      "status": "SeedGene"
    },
    "NRTN": {
      "rank": 49,
      "id": 4902,
      "score": 0.1749,
      "status": "SeedGene"
    },
    "BRAF": {
      "rank": 50,
      "id": 673,
      "score": 0.1743,
      "status": "SeedGene"
    },
    "HPSE2": {
      "rank": 51,
      "id": 60495,
      "score": 0.1736,
      "status": "SeedGene"
    },
    "SLC3A1": {
      "rank": 52,
      "id": 6519,
      "score": 0.1716,
      "status": "SeedGene"
    },
    "FGFR1": {
      "rank": 53,
      "id": 2260,
      "score": 0.1713,
      "status": "SeedGene"
    },
    "CHST14": {
      "rank": 54,
      "id": 113189,
      "score": 0.1693,
      "status": "SeedGene"
    },
    "APC": {
      "rank": 55,
      "id": 324,
      "score": 0.1677,
      "status": "SeedGene"
    },
    "GLI2": {
      "rank": 56,
      "id": 2736,
      "score": 0.1608,
      "status": "SeedGene"
    },
    "SRCAP": {
      "rank": 57,
      "id": 10847,
      "score": 0.1606,
      "status": "SeedGene"
    },
    "PREPL": {
      "rank": 58,
      "id": 9581,
      "score": 0.1568,
      "status": "SeedGene"
    },
    "MAP2K1": {
      "rank": 59,
      "id": 5604,
      "score": 0.1561,
      "status": "SeedGene"
    },
    "SOX9": {
      "rank": 60,
      "id": 6662,
      "score": 0.1557,
      "status": "SeedGene"
    },
    "UBR1": {
      "rank": 61,
      "id": 197131,
      "score": 0.1541,
      "status": "SeedGene"
    },
    "AKT1": {
      "rank": 62,
      "id": 207,
      "score": 0.1534,
      "status": "SeedGene"
    },
    "PRKAR1A": {
      "rank": 63,
      "id": 5573,
      "score": 0.1533,
      "status": "SeedGene"
    },
    "ATRX": {
      "rank": 64,
      "id": 546,
      "score": 0.1531,
      "status": "SeedGene"
    },
    "PIK3CA": {
      "rank": 65,
      "id": 5290,
      "score": 0.1521,
      "status": "SeedGene"
    },
    "EYA1": {
      "rank": 66,
      "id": 2138,
      "score": 0.1512,
      "status": "SeedGene"
    },
    "ACTB": {
      "rank": 67,
      "id": 60,
      "score": 0.1509,
      "status": "SeedGene"
    },
    "SLC26A4": {
      "rank": 68,
      "id": 5172,
      "score": 0.1508,
      "status": "SeedGene"
    },
    "PTEN": {
      "rank": 69,
      "id": 5728,
      "score": 0.1497,
      "status": "SeedGene"
    },
    "TBX18": {
      "rank": 70,
      "id": 9096,
      "score": 0.1487,
      "status": "SeedGene"
    },
    "MAP2K2": {
      "rank": 71,
      "id": 5605,
      "score": 0.1486,
      "status": "SeedGene"
    },
    "TNFRSF10A": {
      "rank": 72,
      "id": 8797,
      "score": 0.148,
      "status": "Predicted"
    },
    "OCRL": {
      "rank": 73,
      "id": 4952,
      "score": 0.1464,
      "status": "SeedGene"
    },
    "SLC26A1": {
      "rank": 74,
      "id": 10861,
      "score": 0.145,
      "status": "SeedGene"
    },
    "CTNNB1": {
      "rank": 75,
      "id": 1499,
      "score": 0.144,
      "status": "SeedGene"
    },
    "ARNT2": {
      "rank": 76,
      "id": 9915,
      "score": 0.1438,
      "status": "SeedGene"
    },
    "ECE1": {
      "rank": 77,
      "id": 1889,
      "score": 0.1434,
      "status": "SeedGene"
    },
    "PDGFB": {
      "rank": 78,
      "id": 5155,
      "score": 0.142,
      "status": "SeedGene"
    },
    "HERC2": {
      "rank": 79,
      "id": 8924,
      "score": 0.142,
      "status": "SeedGene"
    },
    "TP53": {
      "rank": 80,
      "id": 7157,
      "score": 0.1409,
      "status": "SeedGene"
    },
    "RAF1": {
      "rank": 81,
      "id": 5894,
      "score": 0.1406,
      "status": "SeedGene"
    },
    "PAX8": {
      "rank": 82,
      "id": 7849,
      "score": 0.1398,
      "status": "SeedGene"
    },
    "TBX1": {
      "rank": 83,
      "id": 6899,
      "score": 0.1396,
      "status": "SeedGene"
    },
    "GNB1": {
      "rank": 84,
      "id": 2782,
      "score": 0.139,
      "status": "SeedGene"
    },
    "POMC": {
      "rank": 85,
      "id": 5443,
      "score": 0.1387,
      "status": "SeedGene"
    },
    "BRCA1": {
      "rank": 86,
      "id": 672,
      "score": 0.1386,
      "status": "SeedGene"
    },
    "DSE": {
      "rank": 87,
      "id": 29940,
      "score": 0.1374,
      "status": "SeedGene"
    },
    "SNRPN": {
      "rank": 88,
      "id": 6638,
      "score": 0.1372,
      "status": "SeedGene"
    },
    "KIT": {
      "rank": 89,
      "id": 3815,
      "score": 0.1371,
      "status": "SeedGene"
    },
    "PRKACA": {
      "rank": 90,
      "id": 5566,
      "score": 0.1368,
      "status": "SeedGene"
    },
    "GNAS": {
      "rank": 91,
      "id": 2778,
      "score": 0.1344,
      "status": "SeedGene"
    },
    "PROP1": {
      "rank": 92,
      "id": 5626,
      "score": 0.1342,
      "status": "SeedGene"
    },
    "PIK3R1": {
      "rank": 93,
      "id": 5295,
      "score": 0.134,
      "status": "SeedGene"
    },
    "HESX1": {
      "rank": 94,
      "id": 8820,
      "score": 0.1336,
      "status": "SeedGene"
    },
    "PDGFRA": {
      "rank": 95,
      "id": 5156,
      "score": 0.1335,
      "status": "SeedGene"
    },
    "SIX1": {
      "rank": 96,
      "id": 6495,
      "score": 0.1333,
      "status": "SeedGene"
    },
    "POLR3A": {
      "rank": 97,
      "id": 11128,
      "score": 0.1325,
      "status": "SeedGene"
    },
    "RAB23": {
      "rank": 98,
      "id": 51715,
      "score": 0.1324,
      "status": "SeedGene"
    },
    "PPARG": {
      "rank": 99,
      "id": 5468,
      "score": 0.1315,
      "status": "SeedGene"
    },
    "HRAS": {
      "rank": 100,
      "id": 3265,
      "score": 0.131,
      "status": "SeedGene"
    }
  }
}