{
  "query": {
    "HP:0009885": {
      "id": "HP:0009885",
      "status": "obsolete",
      "replaced_by": null,
      "consider": [
        "HP:0001511"
      ],
      "target": [
        "HP:0001511"
      ]
    },
    "HP:0001087": {
      "id": "HP:0001087",
      "status": "ok",
      "target": [
        "HP:0001087"
      ]
    },
    "HP:0001508": {
      "id": "HP:0001508",
      "status": "ok",
      "target": [
        "HP:0001508"
      ]
    },
    "HP:0000252": {
      "id": "HP:0000252",
      "status": "ok",
      "target": [
        "HP:0000252"
      ]
    },
    "HP:0030048": {
      "id": "HP:0030048",
      "status": "ok",
      "target": [
        "HP:0030048"
      ]
    },
    "HP:0003072": {
      "id": "HP:0003072",
      "status": "ok",
      "target": [
        "HP:0003072"
      ]
    },
    "HP:0000280": {
      "id": "HP:0000280",
      "status": "ok",
      "target": [
        "HP:0000280"
      ]
    },
    "HP:0001252": {
      "id": "HP:0001252",
      "status": "ok",
      "target": [
        "HP:0001252"
      ]
    }
  },
  "response": {
    "ELN": {
      "rank": 1,
      "id": 2006,
      "score": 1.0,
      "status": "SeedGene"
    },
    "LIMK1": {
      "rank": 2,
      "id": 3984,
      "score": 0.5735,
      "status": "SeedGene"
    },
    "MLXIPL": {
      "rank": 3,
      "id": 51085,
      "score": 0.5599,
      "status": "SeedGene"
    },
    "CYP1B1": {
      "rank": 4,
      "id": 1545,
      "score": 0.5503,
      "status": "SeedGene"
    },
    "RFC2": {
      "rank": 5,
      "id": 5982,
      "score": 0.5033,
      "status": "SeedGene"
    },
    "PAX6": {
      "rank": 6,
      "id": 5080,
      "score": 0.4858,
      "status": "SeedGene"
    },
    "OCRL": {
      "rank": 7,
      "id": 4952,
      "score": 0.4774,
      "status": "SeedGene"
    },
    "HDAC9": {
      "rank": 8,
      "id": 9734,
      "score": 0.4506,
      "status": "SeedGene"
    },
    "TWIST1": {
      "rank": 9,
      "id": 7291,
      "score": 0.4499,
      "status": "SeedGene"
    },
    "TGFB2": {
      "rank": 10,
      "id": 7042,
      "score": 0.4344,
      "status": "SeedGene"
    },
    "EIF4H": {
      "rank": 11,
      "id": 7458,
      "score": 0.4332,
      "status": "SeedGene"
    },
    "SMARCA4": {
      "rank": 12,
      "id": 6597,
      "score": 0.4306,
      "status": "SeedGene"
    },
    "FGFR3": {
      "rank": 13,
      "id": 2261,
      "score": 0.4224,
      "status": "SeedGene"
    },
    "FKBP6": {
      "rank": 14,
      "id": 8468,
      "score": 0.4197,
      "status": "SeedGene"
    },
    "BAZ1B": {
      "rank": 15,
      "id": 9031,
      "score": 0.4181,
      "status": "SeedGene"
    },
    "LAT2": {
      "rank": 16,
      "id": 7462,
      "score": 0.4178,
      "status": "SeedGene"
    },
    "PITX2": {
      "rank": 17,
      "id": 5308,
      "score": 0.413,
      "status": "SeedGene"
    },
    "ARID1B": {
      "rank": 18,
      "id": 57492,
      "score": 0.4025,
      "status": "SeedGene"
    },
    "RPS6KA3": {
      "rank": 19,
      "id": 6197,
      "score": 0.4009,
      "status": "SeedGene"
    },
    "GTF2I": {
      "rank": 20,
      "id": 2969,
      "score": 0.3969,
      "status": "SeedGene"
    },
    "GTF2IRD1": {
      "rank": 21,
      "id": 9569,
      "score": 0.3915,
      "status": "SeedGene"
    },
    "TBL2": {
      "rank": 22,
      "id": 26608,
      "score": 0.3881,
      "status": "SeedGene"
    },
    "CLIP2": {
      "rank": 23,
      "id": 7461,
      "score": 0.3767,
      "status": "SeedGene"
    },
    "BRAF": {
      "rank": 24,
      "id": 673,
      "score": 0.3763,
      "status": "SeedGene"
    },
    "ARID1A": {
      "rank": 25,
      "id": 8289,
      "score": 0.3754,
      "status": "SeedGene"
    },
    "SMARCE1": {
      "rank": 26,
      "id": 6605,
      "score": 0.3736,
      "status": "SeedGene"
    },
    "FGFR2": {
      "rank": 27,
      "id": 2263,
      "score": 0.3707,
      "status": "SeedGene"
    },
    "SMARCB1": {
      "rank": 28,
      "id": 6598,
      "score": 0.3631,
      "status": "SeedGene"
    },
    "FOXC1": {
      "rank": 29,
      "id": 2296,
      "score": 0.3538,
      "status": "SeedGene"
    },
    "GNAQ": {
      "rank": 30,
      "id": 2776,
      "score": 0.3389,
      "status": "SeedGene"
    },
    "BCL7B": {
      "rank": 31,
      "id": 9275,
      "score": 0.3252,
      "status": "SeedGene"
    },
    "TCF4": {
      "rank": 32,
      "id": 6925,
      "score": 0.3196,
      "status": "SeedGene"
    },
    "KRAS": {
      "rank": 33,
      "id": 3845,
      "score": 0.3193,
      "status": "SeedGene"
    },
    "MAP2K1": {
      "rank": 34,
      "id": 5604,
      "score": 0.3126,
      "status": "SeedGene"
    },
    "MAP2K2": {
      "rank": 35,
      "id": 5605,
      "score": 0.3037,
      "status": "SeedGene"
    },
    "TSHR": {
      "rank": 36,
      "id": 7253,
      "score": 0.3036,
      "status": "SeedGene"
    },
    "IDUA": {
      "rank": 37,
      "id": 3425,
      "score": 0.3011,
      "status": "SeedGene"
    },
    "AKT1": {
      "rank": 38,
      "id": 207,
      "score": 0.2978,
      "status": "SeedGene"
    },
    "PDGFRB": {
      "rank": 39,
      "id": 5159,
      "score": 0.2804,
      "status": "SeedGene"
    },
    "NKX2-5": {
      "rank": 40,
      "id": 1482,
      "score": 0.2726,
      "status": "SeedGene"
    },
    "CDKN1C": {
      "rank": 41,
      "id": 1028,
      "score": 0.266,
      "status": "SeedGene"
    },
    "DNAJC30": {
      "rank": 42,
      "id": 84277,
      "score": 0.2608,
      "status": "SeedGene"
    },
    "ACTB": {
      "rank": 43,
      "id": 60,
      "score": 0.2588,
      "status": "SeedGene"
    },
    "PTEN": {
      "rank": 44,
      "id": 5728,
      "score": 0.2578,
      "status": "SeedGene"
    },
    "SLC26A4": {
      "rank": 45,
      "id": 5172,
      "score": 0.2542,
      "status": "SeedGene"
    },
    "CDC73": {
      "rank": 46,
      "id": 79577,
      "score": 0.2516,
      "status": "SeedGene"
    },
    "PAX8": {
      "rank": 47,
      "id": 7849,
      "score": 0.2507,
      "status": "SeedGene"
    },
    "RAF1": {
      "rank": 48,
      "id": 5894,
      "score": 0.2456,
      "status": "SeedGene"
    },
    "PTH1R": {
      "rank": 49,
      "id": 5745,
      "score": 0.2416,
      "status": "SeedGene"
    },
    "ATP6V0A2": {
      "rank": 50,
      "id": 23545,
      "score": 0.2393,
      "status": "SeedGene"
    },
    "EP300": {
      "rank": 51,
      "id": 2033,
      "score": 0.2393,
      "status": "SeedGene"
    },
    "DHCR7": {
      "rank": 52,
      "id": 1717,
      "score": 0.237,
      "status": "SeedGene"
    },
    "GNPTAB": {
      "rank": 53,
      "id": 79158,
      "score": 0.2334,
      "status": "SeedGene"
    },
    "GATA4": {
      "rank": 54,
      "id": 2626,
      "score": 0.2327,
      "status": "SeedGene"
    },
    "SMAD4": {
      "rank": 55,
      "id": 4089,
      "score": 0.2247,
      "status": "SeedGene"
    },
    "GLI3": {
      "rank": 56,
      "id": 2737,
      "score": 0.2243,
      "status": "SeedGene"
    },
    "BLM": {
      "rank": 57,
      "id": 641,
      "score": 0.2186,
      "status": "SeedGene"
    },
    "CREBBP": {
      "rank": 58,
      "id": 1387,
      "score": 0.218,
      "status": "SeedGene"
    },
    "IGF2": {
      "rank": 59,
      "id": 3481,
      "score": 0.2167,
      "status": "SeedGene"
    },
    "CANT1": {
      "rank": 60,
      "id": 124583,
      "score": 0.212,
      "status": "SeedGene"
    },
    "NKX2-1": {
      "rank": 61,
      "id": 7080,
      "score": 0.2106,
      "status": "SeedGene"
    },
    "ATRX": {
      "rank": 62,
      "id": 546,
      "score": 0.2104,
      "status": "SeedGene"
    },
    "ACTG1": {
      "rank": 63,
      "id": 71,
      "score": 0.2074,
      "status": "SeedGene"
    },
    "ERCC2": {
      "rank": 64,
      "id": 2068,
      "score": 0.2064,
      "status": "SeedGene"
    },
    "NOTCH2": {
      "rank": 65,
      "id": 4853,
      "score": 0.2062,
      "status": "SeedGene"
    },
    "PDGFB": {
      "rank": 66,
      "id": 5155,
      "score": 0.2041,
      "status": "SeedGene"
    },
    "COL10A1": {
      "rank": 67,
      "id": 1300,
      "score": 0.2033,
      "status": "SeedGene"
    },
    "ATR": {
      "rank": 68,
      "id": 545,
      "score": 0.1998,
      "status": "SeedGene"
    },
    "EHMT1": {
      "rank": 69,
      "id": 79813,
      "score": 0.1985,
      "status": "SeedGene"
    },
    "GPC3": {
      "rank": 70,
      "id": 2719,
      "score": 0.1966,
      "status": "SeedGene"
    },
    "KAT6B": {
      "rank": 71,
      "id": 23522,
      "score": 0.1959,
      "status": "SeedGene"
    },
    "PTPN11": {
      "rank": 72,
      "id": 5781,
      "score": 0.1955,
      "status": "SeedGene"
    },
    "INS": {
      "rank": 73,
      "id": 3630,
      "score": 0.1921,
      "status": "SeedGene"
    },
    "TP53": {
      "rank": 74,
      "id": 7157,
      "score": 0.1918,
      "status": "SeedGene"
    },
    "THRA": {
      "rank": 75,
      "id": 7067,
      "score": 0.1918,
      "status": "SeedGene"
    },
    "FOXE1": {
      "rank": 76,
      "id": 2304,
      "score": 0.1909,
      "status": "SeedGene"
    },
    "TPO": {
      "rank": 77,
      "id": 7173,
      "score": 0.1894,
      "status": "SeedGene"
    },
    "THRB": {
      "rank": 78,
      "id": 7068,
      "score": 0.1874,
      "status": "SeedGene"
    },
    "MYC": {
      "rank": 79,
      "id": 4609,
      "score": 0.1869,
      "status": "Predicted"
    },
    "CGA": {
      "rank": 80,
      "id": 1081,
      "score": 0.186,
      "status": "Predicted"
    },
    "FLNA": {
      "rank": 81,
      "id": 2316,
      "score": 0.1857,
      "status": "SeedGene"
    },
    "SLC5A5": {
      "rank": 82,
      "id": 6528,
      "score": 0.1852,
      "status": "SeedGene"
    },
    "TGFB1": {
      "rank": 83,
      "id": 7040,
      "score": 0.1851,
      "status": "SeedGene"
    },
    "PIK3R1": {
      "rank": 84,
      "id": 5295,
      "score": 0.1846,
      "status": "SeedGene"
    },
    "HDAC8": {
      "rank": 85,
      "id": 55869,
      "score": 0.1839,
      "status": "SeedGene"
    },
    "TERT": {
      "rank": 86,
      "id": 7015,
      "score": 0.1838,
      "status": "SeedGene"
    },
    "GPC4": {
      "rank": 87,
      "id": 2239,
      "score": 0.1826,
      "status": "SeedGene"
    },
    "MAPK1": {
      "rank": 88,
      "id": 5594,
      "score": 0.1817,
      "status": "SeedGene"
    },
    "GLA": {
      "rank": 89,
      "id": 2717,
      "score": 0.1808,
      "status": "SeedGene"
    },
    "JAG1": {
      "rank": 90,
      "id": 182,
      "score": 0.179,
      "status": "SeedGene"
    },
    "FH": {
      "rank": 91,
      "id": 2271,
      "score": 0.1787,
      "status": "SeedGene"
    },
    "ERCC6": {
      "rank": 92,
      "id": 2074,
      "score": 0.1785,
      "status": "SeedGene"
    },
    "PIK3CA": {
      "rank": 93,
      "id": 5290,
      "score": 0.1777,
      "status": "SeedGene"
    },
    "ERBB2": {
      "rank": 94,
      "id": 2064,
      "score": 0.1776,
      "status": "Predicted"
    },
    "PRKACA": {
      "rank": 95,
      "id": 5566,
      "score": 0.177,
      "status": "Predicted"
    },
    "LTBP2": {
      "rank": 96,
      "id": 4053,
      "score": 0.1749,
      "status": "SeedGene"
    },
    "NBN": {
      "rank": 97,
      "id": 4683,
      "score": 0.1743,
      "status": "SeedGene"
    },
    "HRAS": {
      "rank": 98,
      "id": 3265,
      "score": 0.1727,
      "status": "SeedGene"
    },
    "RBBP8": {
      "rank": 99,
      "id": 5932,
      "score": 0.1722,
      "status": "SeedGene"
    },
    "FUCA1": {
      "rank": 100,
      "id": 2517,
      "score": 0.1722,
      "status": "SeedGene"
    }
  }
}