{
  "query": {
    "HP:0007018": {
      "id": "HP:0007018",
      "status": "ok",
      "target": [
        "HP:0007018"
      ]
    },
    "HP:0000708": {
      "id": "HP:0000708",
      "status": "ok",
      "target": [
        "HP:0000708"
      ]
    },
    "HP:0000510": {
      "id": "HP:0000510",
      "status": "ok",
      "target": [
        "HP:0000510"
      ]
    },
    "HP:0000752": {
      "id": "HP:0000752",
      "status": "ok",
      "target": [
        "HP:0000752"
      ]
    },
    "HP:0001250": {
      "id": "HP:0001250",
      "status": "ok",
      "target": [
        "HP:0001250"
      ]
    },
    "HP:0000572": {
      "id": "HP:0000572",
      "status": "ok",
      "target": [
        "HP:0000572"
      ]
    }
  },
  "response": {
    "NBN": {
      "rank": 1,
      "id": 4683,
      "score": 1.0,
      "status": "SeedGene"
    },
    "ELN": {
      "rank": 2,
      "id": 2006,
      "score": 0.9932,
      "status": "SeedGene"
    },
    "ABCD1": {
      "rank": 3,
      "id": 215,
      "score": 0.9675,
      "status": "SeedGene"
    },
    "RAI1": {
      "rank": 4,
      "id": 10743,
      "score": 0.9143,
      "status": "SeedGene"
    },
    "IKBKG": {
      "rank": 5,
      "id": 8517,
      "score": 0.7437,
      "status": "SeedGene"
    },
    "DHCR7": {
      "rank": 6,
      "id": 1717,
      "score": 0.6774,
      "status": "SeedGene"
    },
    "PRPS1": {
      "rank": 7,
      "id": 5631,
      "score": 0.677,
      "status": "SeedGene"
    },
    "PAH": {
      "rank": 8,
      "id": 5053,
      "score": 0.6209,
      "status": "SeedGene"
    },
    "RPE65": {
      "rank": 9,
      "id": 6121,
      "score": 0.6185,
      "status": "SeedGene"
    },
    "LIMK1": {
      "rank": 10,
      "id": 3984,
      "score": 0.6172,
      "status": "SeedGene"
    },
    "MLXIPL": {
      "rank": 11,
      "id": 51085,
      "score": 0.5981,
      "status": "SeedGene"
    },
    "LRP2": {
      "rank": 12,
      "id": 4036,
      "score": 0.5971,
      "status": "SeedGene"
    },
    "NHLRC1": {
      "rank": 13,
      "id": 378884,
      "score": 0.5804,
      "status": "SeedGene"
    },
    "OCRL": {
      "rank": 14,
      "id": 4952,
      "score": 0.5651,
      "status": "SeedGene"
    },
    "PTCH1": {
      "rank": 15,
      "id": 5727,
      "score": 0.5625,
      "status": "SeedGene"
    },
    "LRAT": {
      "rank": 16,
      "id": 9227,
      "score": 0.5602,
      "status": "SeedGene"
    },
    "IMPDH1": {
      "rank": 17,
      "id": 3614,
      "score": 0.5578,
      "status": "SeedGene"
    },
    "EPM2A": {
      "rank": 18,
      "id": 7957,
      "score": 0.5562,
      "status": "SeedGene"
    },
    "DCN": {
      "rank": 19,
      "id": 1634,
      "score": 0.5551,
      "status": "SeedGene"
    },
    "CHM": {
      "rank": 20,
      "id": 1121,
      "score": 0.5394,
      "status": "SeedGene"
    },
    "ABCA4": {
      "rank": 21,
      "id": 24,
      "score": 0.5377,
      "status": "SeedGene"
    },
    "MED12": {
      "rank": 22,
      "id": 9968,
      "score": 0.5348,
      "status": "SeedGene"
    },
    "SLC19A2": {
      "rank": 23,
      "id": 10560,
      "score": 0.5342,
      "status": "SeedGene"
    },
    "RFC2": {
      "rank": 24,
      "id": 5982,
      "score": 0.5244,
      "status": "SeedGene"
    },
    "GNE": {
      "rank": 25,
      "id": 10020,
      "score": 0.5215,
      "status": "SeedGene"
    },
    "CNGB1": {
      "rank": 26,
      "id": 1258,
      "score": 0.5214,
      "status": "SeedGene"
    },
    "VPS13A": {
      "rank": 27,
      "id": 23230,
      "score": 0.5194,
      "status": "SeedGene"
    },
    "RHO": {
      "rank": 28,
      "id": 6010,
      "score": 0.5178,
      "status": "SeedGene"
    },
    "PHYH": {
      "rank": 29,
      "id": 5264,
      "score": 0.5133,
      "status": "SeedGene"
    },
    "SEMA4A": {
      "rank": 30,
      "id": 64218,
      "score": 0.5126,
      "status": "SeedGene"
    },
    "PEX7": {
      "rank": 31,
      "id": 5191,
      "score": 0.5105,
      "status": "SeedGene"
    },
    "CHD7": {
      "rank": 32,
      "id": 55636,
      "score": 0.5053,
      "status": "SeedGene"
    },
    "CNGA1": {
      "rank": 33,
      "id": 1259,
      "score": 0.4983,
      "status": "SeedGene"
    },
    "EP300": {
      "rank": 34,
      "id": 2033,
      "score": 0.498,
      "status": "SeedGene"
    },
    "MLH1": {
      "rank": 35,
      "id": 4292,
      "score": 0.4878,
      "status": "SeedGene"
    },
    "CREBBP": {
      "rank": 36,
      "id": 1387,
      "score": 0.4859,
      "status": "SeedGene"
    },
    "TSC2": {
      "rank": 37,
      "id": 7249,
      "score": 0.4824,
      "status": "SeedGene"
    },
    "SPRED1": {
      "rank": 38,
      "id": 161742,
      "score": 0.4771,
      "status": "SeedGene"
    },
    "OFD1": {
      "rank": 39,
      "id": 8481,
      "score": 0.4709,
      "status": "SeedGene"
    },
    "RDH12": {
      "rank": 40,
      "id": 145226,
      "score": 0.4676,
      "status": "SeedGene"
    },
    "EIF4H": {
      "rank": 41,
      "id": 7458,
      "score": 0.4613,
      "status": "SeedGene"
    },
    "PDE6G": {
      "rank": 42,
      "id": 5148,
      "score": 0.4608,
      "status": "SeedGene"
    },
    "NF1": {
      "rank": 43,
      "id": 4763,
      "score": 0.4526,
      "status": "SeedGene"
    },
    "TSC1": {
      "rank": 44,
      "id": 7248,
      "score": 0.4506,
      "status": "SeedGene"
    },
    "CTSD": {
      "rank": 45,
      "id": 1509,
      "score": 0.4496,
      "status": "SeedGene"
    },
    "MSH2": {
      "rank": 46,
      "id": 4436,
      "score": 0.444,
      "status": "SeedGene"
    },
    "COMT": {
      "rank": 47,
      "id": 1312,
      "score": 0.4431,
      "status": "SeedGene"
    },
    "HDAC8": {
      "rank": 48,
      "id": 55869,
      "score": 0.4426,
      "status": "SeedGene"
    },
    "CRX": {
      "rank": 49,
      "id": 1406,
      "score": 0.4422,
      "status": "SeedGene"
    },
    "GATA4": {
      "rank": 50,
      "id": 2626,
      "score": 0.4359,
      "status": "SeedGene"
    },
    "FKBP6": {
      "rank": 51,
      "id": 8468,
      "score": 0.4357,
      "status": "SeedGene"
    },
    "PRKCG": {
      "rank": 52,
      "id": 5582,
      "score": 0.4339,
      "status": "SeedGene"
    },
    "PDE6B": {
      "rank": 53,
      "id": 5158,
      "score": 0.4327,
      "status": "SeedGene"
    },
    "MERTK": {
      "rank": 54,
      "id": 10461,
      "score": 0.4265,
      "status": "SeedGene"
    },
    "LAT2": {
      "rank": 55,
      "id": 7462,
      "score": 0.426,
      "status": "SeedGene"
    },
    "RBP3": {
      "rank": 56,
      "id": 5949,
      "score": 0.4259,
      "status": "SeedGene"
    },
    "BAZ1B": {
      "rank": 57,
      "id": 9031,
      "score": 0.4247,
      "status": "SeedGene"
    },
    "PDE6A": {
      "rank": 58,
      "id": 5145,
      "score": 0.4224,
      "status": "SeedGene"
    },
    "IDH3B": {
      "rank": 59,
      "id": 3420,
      "score": 0.4194,
      "status": "SeedGene"
    },
    "POLR1D": {
      "rank": 60,
      "id": 51082,
      "score": 0.4184,
      "status": "SeedGene"
    },
    "POLR1C": {
      "rank": 61,
      "id": 9533,
      "score": 0.4183,
      "status": "SeedGene"
    },
    "APC": {
      "rank": 62,
      "id": 324,
      "score": 0.4175,
      "status": "SeedGene"
    },
    "PRPH2": {
      "rank": 63,
      "id": 5961,
      "score": 0.4152,
      "status": "SeedGene"
    },
    "CA4": {
      "rank": 64,
      "id": 762,
      "score": 0.4112,
      "status": "SeedGene"
    },
    "MSH6": {
      "rank": 65,
      "id": 2956,
      "score": 0.4108,
      "status": "SeedGene"
    },
    "AIPL1": {
      "rank": 66,
      "id": 23746,
      "score": 0.4084,
      "status": "SeedGene"
    },
    "TBL2": {
      "rank": 67,
      "id": 26608,
      "score": 0.4076,
      "status": "SeedGene"
    },
    "PMS2": {
      "rank": 68,
      "id": 5395,
      "score": 0.4069,
      "status": "SeedGene"
    },
    "GNAQ": {
      "rank": 69,
      "id": 2776,
      "score": 0.4063,
      "status": "SeedGene"
    },
    "DHDDS": {
      "rank": 70,
      "id": 79947,
      "score": 0.4057,
      "status": "SeedGene"
    },
    "GTF2I": {
      "rank": 71,
      "id": 2969,
      "score": 0.4056,
      "status": "SeedGene"
    },
    "C8ORF37": {
      "rank": 72,
      "id": 157657,
      "score": 0.4033,
      "status": "SeedGene"
    },
    "GUCA1B": {
      "rank": 73,
      "id": 2979,
      "score": 0.4029,
      "status": "SeedGene"
    },
    "SAG": {
      "rank": 74,
      "id": 6295,
      "score": 0.4023,
      "status": "SeedGene"
    },
    "GTF2IRD1": {
      "rank": 75,
      "id": 9569,
      "score": 0.4016,
      "status": "SeedGene"
    },
    "RLBP1": {
      "rank": 76,
      "id": 6017,
      "score": 0.4007,
      "status": "SeedGene"
    },
    "SMC1A": {
      "rank": 77,
      "id": 8243,
      "score": 0.3997,
      "status": "SeedGene"
    },
    "CEP290": {
      "rank": 78,
      "id": 80184,
      "score": 0.3985,
      "status": "SeedGene"
    },
    "ARL6": {
      "rank": 79,
      "id": 84100,
      "score": 0.3955,
      "status": "SeedGene"
    },
    "GRIN2A": {
      "rank": 80,
      "id": 2903,
      "score": 0.3952,
      "status": "SeedGene"
    },
    "C1QTNF5": {
      "rank": 81,
      "id": 114902,
      "score": 0.3946,
      "status": "SeedGene"
    },
    "RGR": {
      "rank": 82,
      "id": 5995,
      "score": 0.3938,
      "status": "SeedGene"
    },
    "NR2E3": {
      "rank": 83,
      "id": 10002,
      "score": 0.3934,
      "status": "SeedGene"
    },
    "INPP5E": {
      "rank": 84,
      "id": 56623,
      "score": 0.3905,
      "status": "SeedGene"
    },
    "STS": {
      "rank": 85,
      "id": 412,
      "score": 0.3859,
      "status": "SeedGene"
    },
    "SMC3": {
      "rank": 86,
      "id": 9126,
      "score": 0.3844,
      "status": "SeedGene"
    },
    "UBE3A": {
      "rank": 87,
      "id": 7337,
      "score": 0.3779,
      "status": "SeedGene"
    },
    "BCOR": {
      "rank": 88,
      "id": 54880,
      "score": 0.3772,
      "status": "SeedGene"
    },
    "CLRN1": {
      "rank": 89,
      "id": 7401,
      "score": 0.3764,
      "status": "SeedGene"
    },
    "FLII": {
      "rank": 90,
      "id": 2314,
      "score": 0.3748,
      "status": "SeedGene"
    },
    "CLIP2": {
      "rank": 91,
      "id": 7461,
      "score": 0.3742,
      "status": "SeedGene"
    },
    "ARG1": {
      "rank": 92,
      "id": 383,
      "score": 0.3716,
      "status": "SeedGene"
    },
    "PPT1": {
      "rank": 93,
      "id": 5538,
      "score": 0.3698,
      "status": "SeedGene"
    },
    "CRB1": {
      "rank": 94,
      "id": 23418,
      "score": 0.3674,
      "status": "SeedGene"
    },
    "RAD21": {
      "rank": 95,
      "id": 5885,
      "score": 0.365,
      "status": "SeedGene"
    },
    "ROM1": {
      "rank": 96,
      "id": 6094,
      "score": 0.3646,
      "status": "SeedGene"
    },
    "VCAN": {
      "rank": 97,
      "id": 1462,
      "score": 0.3633,
      "status": "SeedGene"
    },
    "PRPF8": {
      "rank": 98,
      "id": 10594,
      "score": 0.362,
      "status": "SeedGene"
    },
    "RP1L1": {
      "rank": 99,
      "id": 94137,
      "score": 0.3606,
      "status": "SeedGene"
    },
    "SPATA7": {
      "rank": 100,
      "id": 55812,
      "score": 0.3599,
      "status": "SeedGene"
    }
  }
}