[
  {
    "Name": "CDH3",
    "Id": "ID:1001",
    "Score": 1,
    "Diseases": [
      {
        "OMIM": [
          {
            "IdNote": "CLINVAR",
            "Hp": "0007754",
            "Condition": "eem syndrome",
            "Id": "OMIM:225280",
            "Score": 0.0158230015754504
          }
        ],
        "HP": [
          {
            "Id": "HP:0007754",
            "Score": 0.767175833961229,
            "Hp": "0007754",
            "Condition": "Macular dystrophy",
            "IdNote": "HPO_PHENOTYPE_GENE"
          }
        ],
        "ORPHANET": [
          {
            "IdNote": "ORPHANET",
            "Condition": "eem syndrome",
            "Hp": "0007754",
            "Score": 0.217001164463319,
            "Id": "ORPHANET:1897"
          }
        ]
      }
    ]
  },
  {
    "Name": "ELOVL4",
    "Id": "ID:6785",
    "Score": 0.782998835536679,
    "Diseases": [
      {
        "OMIM": [
          {
            "IdNote": "CLINVAR",
            "Id": "OMIM:600110",
            "Score": 0.0158230015754504,
            "Hp": "0007754",
            "Condition": "stargardt disease 3"
          }
        ],
        "HP": [
          {
            "IdNote": "HPO_PHENOTYPE_GENE",
            "Condition": "Macular dystrophy",
            "Hp": "0007754",
            "Score": 0.767175833961229,
            "Id": "HP:0007754"
          }
        ]
      }
    ]
  },
  {
    "Name": "IMPG2",
    "Id": "ID:50939",
    "Score": 0.767175833961229,
    "Diseases": [
      {
        "HP": [
          {
            "Id": "HP:0007754",
            "Score": 0.767175833961229,
            "Hp": "0007754",
            "Condition": "Macular dystrophy",
            "IdNote": "HPO_PHENOTYPE_GENE"
          }
        ]
      }
    ]
  },
  {
    "Name": "MYO5A",
    "Id": "ID:4644",
    "Score": 0.767175833961229,
    "Diseases": [
      {
        "HP": [
          {
            "IdNote": "HPO_PHENOTYPE_GENE",
            "Id": "HP:0007754",
            "Score": 0.767175833961229,
            "Hp": "0007754",
            "Condition": "Macular dystrophy"
          }
        ]
      }
    ]
  },
  {
    "Name": "CHST6",
    "Id": "ID:4166",
    "Score": 0.767175833961229,
    "Diseases": [
      {
        "HP": [
          {
            "Condition": "Macular dystrophy",
            "Hp": "0007754",
            "Score": 0.767175833961229,
            "Id": "HP:0007754",
            "IdNote": "HPO_PHENOTYPE_GENE"
          }
        ]
      }
    ]
  },
  {
    "Name": "PRPH2",
    "Id": "ID:5961",
    "Score": 0.767175833961229,
    "Diseases": [
      {
        "HP": [
          {
            "IdNote": "HPO_PHENOTYPE_GENE",
            "Hp": "0007754",
            "Condition": "Macular dystrophy",
            "Id": "HP:0007754",
            "Score": 0.767175833961229
          }
        ]
      }
    ]
  },
  {
    "Name": "RP1L1",
    "Id": "ID:94137",
    "Score": 0.767175833961229,
    "Diseases": [
      {
        "HP": [
          {
            "Hp": "0007754",
            "Condition": "Macular dystrophy",
            "Id": "HP:0007754",
            "Score": 0.767175833961229,
            "IdNote": "HPO_PHENOTYPE_GENE"
          }
        ]
      }
    ]
  },
  {
    "Name": "MFSD8",
    "Id": "ID:256471",
    "Score": 0.767175833961229,
    "Diseases": [
      {
        "HP": [
          {
            "Hp": "0007754",
            "Condition": "Macular dystrophy",
            "Id": "HP:0007754",
            "Score": 0.767175833961229,
            "IdNote": "HPO_PHENOTYPE_GENE"
          }
        ]
      }
    ]
  },
  {
    "Name": "TRNK",
    "Id": "ID:8923190",
    "Score": 0.767175833961229,
    "Diseases": [
      {
        "HP": [
          {
            "IdNote": "HPO_PHENOTYPE_GENE",
            "Id": "HP:0007754",
            "Score": 0.767175833961229,
            "Hp": "0007754",
            "Condition": "Macular dystrophy"
          }
        ]
      }
    ]
  },
  {
    "Name": "PROM1",
    "Id": "ID:8842",
    "Score": 0.767175833961229,
    "Diseases": [
      {
        "HP": [
          {
            "Hp": "0007754",
            "Condition": "Macular dystrophy",
            "Id": "HP:0007754",
            "Score": 0.767175833961229,
            "IdNote": "HPO_PHENOTYPE_GENE"
          }
        ]
      }
    ]
  },
  {
    "Name": "SYCE1",
    "Id": "ID:93426",
    "Score": 0.767175833961229,
    "Diseases": [
      {
        "HP": [
          {
            "IdNote": "HPO_PHENOTYPE_GENE",
            "Id": "HP:0007754",
            "Score": 0.767175833961229,
            "Hp": "0007754",
            "Condition": "Macular dystrophy"
          }
        ]
      }
    ]
  },
  {
    "Name": "IMPG1",
    "Id": "ID:3617",
    "Score": 0.767175833961229,
    "Diseases": [
      {
        "HP": [
          {
            "IdNote": "HPO_PHENOTYPE_GENE",
            "Score": 0.767175833961229,
            "Id": "HP:0007754",
            "Condition": "Macular dystrophy",
            "Hp": "0007754"
          }
        ]
      }
    ]
  },
  {
    "Name": "TRNE",
    "Id": "ID:8923199",
    "Score": 0.767175833961229,
    "Diseases": [
      {
        "HP": [
          {
            "Id": "HP:0007754",
            "Score": 0.767175833961229,
            "Hp": "0007754",
            "Condition": "Macular dystrophy",
            "IdNote": "HPO_PHENOTYPE_GENE"
          }
        ]
      }
    ]
  },
  {
    "Name": "PEX1",
    "Id": "ID:5189",
    "Score": 0.767175833961229,
    "Diseases": [
      {
        "HP": [
          {
            "Condition": "Macular dystrophy",
            "Hp": "0007754",
            "Score": 0.767175833961229,
            "Id": "HP:0007754",
            "IdNote": "HPO_PHENOTYPE_GENE"
          }
        ]
      }
    ]
  },
  {
    "Name": "BBS5",
    "Id": "ID:129880",
    "Score": 0.767175833961229,
    "Diseases": [
      {
        "HP": [
          {
            "IdNote": "HPO_PHENOTYPE_GENE",
            "Condition": "Macular dystrophy",
            "Hp": "0007754",
            "Score": 0.767175833961229,
            "Id": "HP:0007754"
          }
        ]
      }
    ]
  },
  {
    "Name": "TIMP3",
    "Id": "ID:7078",
    "Score": 0.767175833961229,
    "Diseases": [
      {
        "HP": [
          {
            "IdNote": "HPO_PHENOTYPE_GENE",
            "Condition": "Macular dystrophy",
            "Hp": "0007754",
            "Score": 0.767175833961229,
            "Id": "HP:0007754"
          }
        ]
      }
    ]
  },
  {
    "Name": "TRNL1",
    "Id": "ID:4567",
    "Score": 0.767175833961229,
    "Diseases": [
      {
        "HP": [
          {
            "Id": "HP:0007754",
            "Score": 0.767175833961229,
            "Hp": "0007754",
            "Condition": "Macular dystrophy",
            "IdNote": "HPO_PHENOTYPE_GENE"
          }
        ]
      }
    ]
  },
  {
    "Name": "BEST1",
    "Id": "ID:7439",
    "Score": 0.767175833961229,
    "Diseases": [
      {
        "HP": [
          {
            "Condition": "Macular dystrophy",
            "Hp": "0007754",
            "Score": 0.767175833961229,
            "Id": "HP:0007754",
            "IdNote": "HPO_PHENOTYPE_GENE"
          }
        ]
      }
    ]
  }
]